CREATE DATABASE  IF NOT EXISTS `final_final` /*!40100 DEFAULT CHARACTER SET utf8mb4 COLLATE utf8mb4_0900_ai_ci */ /*!80016 DEFAULT ENCRYPTION='N' */;
USE `final_final`;
-- MySQL dump 10.13  Distrib 8.0.31, for Win64 (x86_64)
--
-- Host: localhost    Database: final_final
-- ------------------------------------------------------
-- Server version	8.0.31

/*!40101 SET @OLD_CHARACTER_SET_CLIENT=@@CHARACTER_SET_CLIENT */;
/*!40101 SET @OLD_CHARACTER_SET_RESULTS=@@CHARACTER_SET_RESULTS */;
/*!40101 SET @OLD_COLLATION_CONNECTION=@@COLLATION_CONNECTION */;
/*!50503 SET NAMES utf8 */;
/*!40103 SET @OLD_TIME_ZONE=@@TIME_ZONE */;
/*!40103 SET TIME_ZONE='+00:00' */;
/*!40014 SET @OLD_UNIQUE_CHECKS=@@UNIQUE_CHECKS, UNIQUE_CHECKS=0 */;
/*!40014 SET @OLD_FOREIGN_KEY_CHECKS=@@FOREIGN_KEY_CHECKS, FOREIGN_KEY_CHECKS=0 */;
/*!40101 SET @OLD_SQL_MODE=@@SQL_MODE, SQL_MODE='NO_AUTO_VALUE_ON_ZERO' */;
/*!40111 SET @OLD_SQL_NOTES=@@SQL_NOTES, SQL_NOTES=0 */;

--
-- Table structure for table `cart`
--

DROP TABLE IF EXISTS `cart`;
/*!40101 SET @saved_cs_client     = @@character_set_client */;
/*!50503 SET character_set_client = utf8mb4 */;
CREATE TABLE `cart` (
  `cart_id` int NOT NULL,
  `amount` int DEFAULT NULL,
  PRIMARY KEY (`cart_id`),
  UNIQUE KEY `index_cart` (`cart_id`),
  KEY `index_cart_amt` (`amount`)
) ENGINE=InnoDB DEFAULT CHARSET=utf8mb4 COLLATE=utf8mb4_0900_ai_ci;
/*!40101 SET character_set_client = @saved_cs_client */;

--
-- Dumping data for table `cart`
--

LOCK TABLES `cart` WRITE;
/*!40000 ALTER TABLE `cart` DISABLE KEYS */;
INSERT INTO `cart` VALUES (146,1385),(149,2470),(255,2881),(57,4053),(225,4851),(39,4940),(80,6210),(234,6723),(231,6824),(122,7140),(36,7353),(91,7448),(166,7919),(284,8964),(253,9296),(249,9894),(227,9903),(96,12053),(272,12363),(128,12525),(13,12644),(297,13327),(125,13836),(175,14932),(228,15570),(260,15687),(169,15702),(278,17000),(295,17703),(243,18063),(267,18208),(97,19680),(197,19732),(274,20078),(187,22117),(152,23757),(153,24330),(194,25277),(250,25424),(172,25950),(161,26523),(1,27456),(62,29244),(170,30355),(210,30664),(247,30668),(258,31234),(117,31642),(268,31664),(216,32130),(171,32412),(132,32496),(223,32680),(281,33363),(92,33765),(293,35716),(176,36426),(215,36668),(248,37408),(139,37458),(61,38097),(232,38556),(182,38979),(37,39054),(20,39464),(6,40945),(203,41307),(204,41508),(2,41893),(17,42062),(289,42521),(183,42872),(275,42881),(282,44446),(150,44484),(133,44643),(25,45492),(165,46155),(10,47672),(219,48409),(200,48636),(270,49097),(143,49258),(207,49452),(214,49546),(221,49656),(283,51681),(191,51741),(134,53264),(107,53676),(287,53966),(157,54020),(85,54560),(35,57348),(63,58792),(115,60508),(33,60514),(119,60928),(269,61375),(299,62468),(189,62503),(158,63711),(167,64584),(205,64852),(177,65184),(173,65236),(202,66075),(116,66248),(298,66614),(142,66724),(154,66942),(181,67765),(65,67886),(164,68850),(140,68980),(124,70026),(18,71487),(131,71799),(263,74178),(178,74559),(148,75044),(135,75156),(291,75612),(239,75628),(236,77826),(110,78052),(224,78052),(237,78252),(211,79198),(162,80320),(262,84606),(113,85744),(104,85938),(184,86112),(130,86334),(46,86457),(174,87640),(290,89406),(240,90879),(78,91670),(138,93289),(220,94224),(105,95760),(257,97608),(30,98516),(296,98540),(226,98585),(280,98612),(198,99852),(88,100632),(212,103044),(259,104524),(151,104555),(238,104560),(93,104670),(114,106952),(101,107415),(208,109305),(300,109305),(163,110343),(185,111078),(118,112515),(123,114320),(3,114372),(196,114888),(218,115737),(265,115737),(229,116388),(254,120840),(81,122366),(71,122404),(264,124476),(168,124736),(145,127120),(294,131523),(286,131665),(235,131865),(206,133884),(27,134397),(106,136941),(60,138368),(79,139440),(70,140838),(95,142160),(32,143260),(100,144900),(233,145635),(266,146890),(11,147696),(246,148968),(90,151662),(277,152096),(19,155880),(186,158396),(179,162948),(155,166164),(120,166938),(112,171875),(180,177429),(279,177520),(75,178560),(103,183280),(58,188160),(285,189612),(86,189717),(102,190112),(147,190755),(288,192765),(276,192880),(127,193242),(109,193354),(54,193608),(21,193858),(160,194600),(156,195708),(242,196928),(67,197992),(129,198172),(244,198172),(4,204360),(137,205530),(144,208450),(213,210310),(201,212832),(261,215160),(159,218288),(209,219100),(126,229005),(256,231660),(108,232050),(111,232939),(141,236646),(292,236898),(5,237710),(44,238398),(87,239030),(222,239290),(193,242250),(241,258408),(251,263305),(12,263330),(73,264954),(72,267858),(199,268009),(245,277938),(230,279727),(41,287413),(190,288072),(252,289800),(66,294118),(40,296505),(217,296988),(49,297576),(45,299985),(273,303163),(136,304892),(76,305641),(74,306992),(50,307224),(59,308394),(29,310086),(121,315182),(188,316890),(195,327096),(94,327313),(77,334296),(192,338338),(47,338912),(271,338912),(48,374049),(69,380240),(23,385480),(7,390403),(15,391888),(52,398242),(64,405480),(82,407583),(26,411285),(89,431620),(68,448490),(31,474630),(53,490890),(51,499648),(98,543144),(28,584256),(14,621645),(56,626496),(34,658896),(38,695184),(84,700912),(24,724416),(83,743400),(22,752381),(99,799220),(43,811280),(8,811300),(42,863340),(9,893836),(55,908240),(16,931640);
/*!40000 ALTER TABLE `cart` ENABLE KEYS */;
UNLOCK TABLES;

--
-- Table structure for table `clothing`
--

DROP TABLE IF EXISTS `clothing`;
/*!40101 SET @saved_cs_client     = @@character_set_client */;
/*!50503 SET character_set_client = utf8mb4 */;
CREATE TABLE `clothing` (
  `p_id` int NOT NULL,
  `category` varchar(255) NOT NULL,
  `size` int NOT NULL,
  `type_of_clothing` varchar(255) NOT NULL,
  PRIMARY KEY (`p_id`),
  CONSTRAINT `clothing_ibfk_1` FOREIGN KEY (`p_id`) REFERENCES `product` (`p_id`)
) ENGINE=InnoDB DEFAULT CHARSET=utf8mb4 COLLATE=utf8mb4_0900_ai_ci;
/*!40101 SET character_set_client = @saved_cs_client */;

--
-- Dumping data for table `clothing`
--

LOCK TABLES `clothing` WRITE;
/*!40000 ALTER TABLE `clothing` DISABLE KEYS */;
INSERT INTO `clothing` VALUES (574,'men',29,'formal'),(575,'unisex',33,'formal'),(576,'unisex',34,'everyday'),(577,'women',38,'casual'),(578,'unisex',37,'everyday'),(579,'women',36,'casual'),(580,'women',34,'everyday'),(581,'unisex',38,'semi-formal'),(582,'men',35,'everyday'),(583,'men',32,'everyday'),(584,'men',30,'everyday'),(585,'men',28,'semi-formal'),(586,'men',36,'casual'),(587,'men',28,'everyday'),(588,'men',28,'formal'),(589,'unisex',38,'everyday'),(590,'women',36,'everyday'),(591,'men',30,'formal'),(592,'women',32,'semi-formal');
/*!40000 ALTER TABLE `clothing` ENABLE KEYS */;
UNLOCK TABLES;

--
-- Table structure for table `consumables`
--

DROP TABLE IF EXISTS `consumables`;
/*!40101 SET @saved_cs_client     = @@character_set_client */;
/*!50503 SET character_set_client = utf8mb4 */;
CREATE TABLE `consumables` (
  `p_id` int NOT NULL,
  `date_of_expiry` date NOT NULL,
  `ingredients` varchar(255) NOT NULL,
  PRIMARY KEY (`p_id`),
  CONSTRAINT `consumables_ibfk_1` FOREIGN KEY (`p_id`) REFERENCES `product` (`p_id`)
) ENGINE=InnoDB DEFAULT CHARSET=utf8mb4 COLLATE=utf8mb4_0900_ai_ci;
/*!40101 SET character_set_client = @saved_cs_client */;

--
-- Dumping data for table `consumables`
--

LOCK TABLES `consumables` WRITE;
/*!40000 ALTER TABLE `consumables` DISABLE KEYS */;
INSERT INTO `consumables` VALUES (450,'2023-11-22','antioxidants + vitamins + minerals'),(451,'2024-06-13','natural product + with added minerals'),(452,'2024-11-23','natural product + with added minerals'),(453,'2023-07-04','antioxidants + vitamins + minerals'),(454,'2024-12-05','preservative free + natural colors'),(455,'2025-01-02','natural product + with added minerals'),(456,'2024-12-02','natural product + with added minerals'),(457,'2024-08-03','vitamins + minerals + water'),(458,'2024-08-14','preservative free + natural colors'),(459,'2024-08-31','natural product + with added minerals'),(460,'2024-01-21','natural product + with added minerals'),(461,'2024-06-20','vitamins + minerals + water'),(462,'2024-12-26','preservative free + natural colors'),(463,'2024-07-01','preservative free + natural colors'),(464,'2023-11-04','preservative free + natural colors'),(465,'2024-11-29','preservative free + natural colors'),(466,'2024-12-10','vitamins + minerals + water'),(467,'2025-01-25','vitamins + minerals + water'),(468,'2024-05-31','vitamins + minerals + water'),(469,'2024-05-20','antioxidants + vitamins + minerals'),(470,'2024-06-16','natural product + with added minerals'),(471,'2023-11-14','vitamins + minerals + water'),(472,'2024-11-08','preservative free + natural colors'),(473,'2024-03-30','vitamins + minerals + water'),(474,'2024-12-22','natural product + with added minerals'),(475,'2023-06-10','vitamins + minerals + water'),(476,'2024-02-19','antioxidants + vitamins + minerals'),(477,'2023-03-07','natural product + with added minerals'),(478,'2023-02-20','antioxidants + vitamins + minerals'),(479,'2023-05-07','natural product + with added minerals'),(480,'2024-10-19','antioxidants + vitamins + minerals'),(481,'2024-06-20','preservative free + natural colors'),(482,'2023-02-16','vitamins + minerals + water'),(483,'2023-04-12','natural product + with added minerals'),(484,'2023-05-30','vitamins + minerals + water'),(485,'2024-08-29','antioxidants + vitamins + minerals'),(486,'2023-07-03','natural product + with added minerals'),(487,'2023-11-07','preservative free + natural colors'),(488,'2024-08-08','antioxidants + vitamins + minerals'),(489,'2024-01-15','natural product + with added minerals'),(490,'2025-01-03','preservative free + natural colors'),(491,'2025-01-23','preservative free + natural colors'),(492,'2024-11-13','preservative free + natural colors'),(493,'2024-10-04','preservative free + natural colors'),(494,'2024-11-18','antioxidants + vitamins + minerals'),(495,'2023-08-15','vitamins + minerals + water'),(496,'2023-12-17','preservative free + natural colors'),(497,'2023-04-23','vitamins + minerals + water'),(498,'2023-09-07','natural product + with added minerals'),(499,'2023-05-26','natural product + with added minerals'),(500,'2024-10-23','natural product + with added minerals'),(501,'2024-04-26','antioxidants + vitamins + minerals'),(502,'2023-02-28','natural product + with added minerals'),(503,'2024-10-01','natural product + with added minerals'),(504,'2024-08-27','antioxidants + vitamins + minerals'),(505,'2024-05-07','natural product + with added minerals'),(506,'2023-04-13','vitamins + minerals + water'),(507,'2024-09-18','preservative free + natural colors'),(508,'2023-06-01','vitamins + minerals + water'),(509,'2025-01-12','natural product + with added minerals'),(510,'2024-03-21','natural product + with added minerals'),(511,'2023-06-06','antioxidants + vitamins + minerals'),(512,'2024-07-10','natural product + with added minerals'),(513,'2024-04-12','preservative free + natural colors'),(514,'2024-11-07','antioxidants + vitamins + minerals'),(515,'2025-01-18','preservative free + natural colors'),(516,'2025-01-29','antioxidants + vitamins + minerals'),(517,'2024-07-30','natural product + with added minerals'),(518,'2023-06-22','preservative free + natural colors'),(519,'2024-03-04','vitamins + minerals + water'),(520,'2023-03-10','preservative free + natural colors'),(521,'2023-02-12','natural product + with added minerals'),(522,'2023-07-18','vitamins + minerals + water'),(523,'2023-03-14','preservative free + natural colors'),(524,'2024-12-21','vitamins + minerals + water'),(525,'2024-06-28','vitamins + minerals + water'),(526,'2023-07-04','antioxidants + vitamins + minerals'),(527,'2024-02-18','preservative free + natural colors'),(528,'2023-09-30','preservative free + natural colors'),(529,'2024-04-10','natural product + with added minerals'),(530,'2023-09-18','natural product + with added minerals'),(531,'2024-08-03','vitamins + minerals + water'),(532,'2023-08-30','antioxidants + vitamins + minerals'),(533,'2024-03-27','natural product + with added minerals'),(534,'2024-04-28','preservative free + natural colors'),(535,'2023-11-19','preservative free + natural colors'),(536,'2023-06-17','antioxidants + vitamins + minerals'),(537,'2024-08-16','natural product + with added minerals'),(538,'2024-01-31','antioxidants + vitamins + minerals'),(539,'2023-08-05','preservative free + natural colors'),(540,'2023-07-08','vitamins + minerals + water'),(541,'2025-01-20','vitamins + minerals + water'),(542,'2024-09-28','antioxidants + vitamins + minerals'),(543,'2023-12-11','antioxidants + vitamins + minerals'),(544,'2023-12-10','vitamins + minerals + water'),(545,'2024-07-16','vitamins + minerals + water'),(546,'2024-03-23','antioxidants + vitamins + minerals'),(547,'2024-07-02','vitamins + minerals + water'),(548,'2024-09-19','preservative free + natural colors'),(549,'2023-02-22','natural product + with added minerals'),(550,'2024-07-19','antioxidants + vitamins + minerals'),(551,'2023-08-30','natural product + with added minerals'),(552,'2024-10-05','natural product + with added minerals'),(553,'2023-08-05','preservative free + natural colors'),(554,'2024-03-12','vitamins + minerals + water'),(555,'2024-01-30','antioxidants + vitamins + minerals'),(556,'2024-09-13','antioxidants + vitamins + minerals'),(557,'2024-03-10','antioxidants + vitamins + minerals'),(558,'2024-06-16','antioxidants + vitamins + minerals'),(559,'2023-03-01','vitamins + minerals + water'),(560,'2024-09-06','vitamins + minerals + water'),(561,'2023-05-20','vitamins + minerals + water'),(562,'2023-07-05','vitamins + minerals + water'),(563,'2024-08-16','vitamins + minerals + water'),(564,'2024-04-17','vitamins + minerals + water'),(565,'2024-04-05','vitamins + minerals + water'),(566,'2024-12-15','natural product + with added minerals'),(567,'2023-11-24','vitamins + minerals + water'),(568,'2024-12-11','natural product + with added minerals'),(569,'2024-08-17','vitamins + minerals + water'),(570,'2024-04-14','vitamins + minerals + water'),(571,'2023-04-16','vitamins + minerals + water'),(572,'2023-09-10','vitamins + minerals + water'),(573,'2024-02-02','vitamins + minerals + water');
/*!40000 ALTER TABLE `consumables` ENABLE KEYS */;
UNLOCK TABLES;

--
-- Table structure for table `contains_table`
--

DROP TABLE IF EXISTS `contains_table`;
/*!40101 SET @saved_cs_client     = @@character_set_client */;
/*!50503 SET character_set_client = utf8mb4 */;
CREATE TABLE `contains_table` (
  `qty` int DEFAULT NULL,
  `cart_id` int NOT NULL,
  `p_id` int NOT NULL,
  PRIMARY KEY (`cart_id`,`p_id`),
  UNIQUE KEY `index_contains` (`cart_id`,`p_id`),
  KEY `p_id` (`p_id`),
  KEY `index_contains_qty` (`qty`),
  CONSTRAINT `contains_table_ibfk_1` FOREIGN KEY (`cart_id`) REFERENCES `cart` (`cart_id`),
  CONSTRAINT `contains_table_ibfk_2` FOREIGN KEY (`p_id`) REFERENCES `product` (`p_id`)
) ENGINE=InnoDB DEFAULT CHARSET=utf8mb4 COLLATE=utf8mb4_0900_ai_ci;
/*!40101 SET character_set_client = @saved_cs_client */;

--
-- Dumping data for table `contains_table`
--

LOCK TABLES `contains_table` WRITE;
/*!40000 ALTER TABLE `contains_table` DISABLE KEYS */;
INSERT INTO `contains_table` VALUES (1,2,2),(1,17,17),(1,117,31),(1,125,308),(1,128,358),(1,133,72),(1,146,392),(1,149,39),(1,161,337),(1,166,522),(1,175,169),(1,182,335),(1,187,298),(1,194,90),(1,219,198),(1,221,38),(1,225,325),(1,227,160),(1,231,214),(1,243,208),(1,250,328),(1,255,235),(1,258,104),(1,270,170),(1,272,404),(1,274,347),(1,275,277),(1,282,586),(1,289,227),(1,297,327),(2,33,33),(2,39,39),(2,80,80),(2,85,85),(2,97,97),(2,110,258),(2,124,376),(2,130,42),(2,139,244),(2,143,30),(2,162,409),(2,169,383),(2,173,545),(2,174,299),(2,183,457),(2,210,478),(2,211,22),(2,214,168),(2,215,78),(2,220,252),(2,224,258),(2,262,476),(2,268,215),(2,278,539),(2,287,488),(2,298,342),(2,299,104),(3,18,18),(3,27,27),(3,61,61),(3,70,70),(3,92,92),(3,101,496),(3,131,329),(3,132,572),(3,152,522),(3,154,223),(3,158,273),(3,163,330),(3,167,226),(3,171,566),(3,178,211),(3,191,86),(3,204,308),(3,218,434),(3,228,534),(3,229,98),(3,234,333),(3,235,210),(3,236,451),(3,240,430),(3,246,38),(3,249,187),(3,264,280),(3,265,434),(3,281,300),(3,283,29),(3,290,301),(3,295,357),(4,13,13),(4,30,30),(4,32,32),(4,35,35),(4,67,67),(4,71,71),(4,95,95),(4,102,271),(4,103,313),(4,105,437),(4,107,486),(4,113,457),(4,114,66),(4,115,41),(4,119,400),(4,123,550),(4,129,157),(4,134,164),(4,135,256),(4,148,217),(4,150,300),(4,168,417),(4,177,456),(4,184,226),(4,186,22),(4,197,20),(4,200,589),(4,205,103),(4,207,404),(4,212,548),(4,223,537),(4,237,131),(4,238,359),(4,242,421),(4,244,157),(4,247,184),(4,248,248),(4,267,459),(4,276,584),(4,277,69),(4,279,523),(4,280,458),(4,284,333),(4,285,220),(4,293,579),(5,4,4),(5,6,6),(5,78,78),(5,87,87),(5,112,213),(5,118,118),(5,126,232),(5,137,239),(5,140,394),(5,144,525),(5,145,328),(5,147,173),(5,151,272),(5,153,418),(5,157,566),(5,160,564),(5,165,11),(5,170,158),(5,172,534),(5,181,487),(5,202,592),(5,209,299),(5,213,17),(5,216,324),(5,222,162),(5,226,290),(5,254,518),(5,266,380),(5,269,514),(5,286,12),(5,288,114),(5,296,554),(6,25,25),(6,37,37),(6,44,44),(6,49,49),(6,62,62),(6,72,72),(6,73,73),(6,90,90),(6,104,449),(6,120,156),(6,141,408),(6,155,21),(6,156,545),(6,164,236),(6,176,158),(6,179,469),(6,185,138),(6,190,558),(6,193,547),(6,196,332),(6,198,365),(6,201,517),(6,206,223),(6,217,67),(6,232,324),(6,241,122),(6,245,467),(6,252,588),(6,256,225),(6,261,481),(6,263,404),(6,291,521),(6,292,448),(7,21,21),(7,46,46),(7,57,57),(7,76,76),(7,88,88),(7,94,94),(7,106,131),(7,108,285),(7,109,506),(7,111,108),(7,116,507),(7,121,538),(7,122,479),(7,127,282),(7,136,167),(7,138,327),(7,142,355),(7,159,417),(7,180,123),(7,188,465),(7,189,579),(7,192,130),(7,195,396),(7,199,249),(7,203,357),(7,208,475),(7,230,99),(7,233,425),(7,239,566),(7,251,509),(7,253,576),(7,257,79),(7,259,169),(7,260,333),(7,271,143),(7,273,274),(7,294,256),(7,300,475),(8,1,1),(8,10,10),(8,20,20),(8,54,54),(8,60,60),(8,63,63),(8,91,91),(9,3,3),(9,36,36),(9,48,48),(10,5,5),(10,12,12),(10,69,69),(10,79,79),(11,40,40),(11,66,66),(11,82,82),(11,86,86),(12,19,19),(12,77,77),(12,100,100),(13,7,7),(13,52,52),(13,65,65),(14,15,15),(14,38,38),(14,47,47),(14,68,68),(14,74,74),(14,89,89),(14,98,98),(15,14,14),(15,26,26),(15,31,31),(15,45,45),(15,53,53),(15,64,64),(15,83,83),(16,11,11),(16,24,24),(16,28,28),(16,34,34),(16,51,51),(16,56,56),(16,58,58),(16,75,75),(16,84,84),(17,81,81),(17,96,96),(18,29,29),(18,50,50),(18,59,59),(18,93,93),(19,9,9),(19,22,22),(19,41,41),(20,8,8),(20,16,16),(20,23,23),(20,42,42),(20,43,43),(20,55,55),(20,99,99);
/*!40000 ALTER TABLE `contains_table` ENABLE KEYS */;
UNLOCK TABLES;

--
-- Table structure for table `cosmetics`
--

DROP TABLE IF EXISTS `cosmetics`;
/*!40101 SET @saved_cs_client     = @@character_set_client */;
/*!50503 SET character_set_client = utf8mb4 */;
CREATE TABLE `cosmetics` (
  `p_id` int NOT NULL,
  `date_of_expiry` date NOT NULL,
  `composition` varchar(255) NOT NULL,
  `directions_of_use` varchar(255) NOT NULL,
  PRIMARY KEY (`p_id`),
  CONSTRAINT `cosmetics_ibfk_1` FOREIGN KEY (`p_id`) REFERENCES `product` (`p_id`)
) ENGINE=InnoDB DEFAULT CHARSET=utf8mb4 COLLATE=utf8mb4_0900_ai_ci;
/*!40101 SET character_set_client = @saved_cs_client */;

--
-- Dumping data for table `cosmetics`
--

LOCK TABLES `cosmetics` WRITE;
/*!40000 ALTER TABLE `cosmetics` DISABLE KEYS */;
INSERT INTO `cosmetics` VALUES (351,'2023-03-16','water + preservatives + natural fragrances','as directed by physician or as per requirment'),(352,'2024-05-02','water + preservatives + natural fragrances','massage for a minute & wait 2-3 minutes for better absorption'),(353,'2025-01-19','water + preservatives + natural fragrances','massage for a minute & wait 2-3 minutes for better absorption'),(354,'2024-11-22','water + preservatives + natural fragrances','massage for a minute & wait 2-3 minutes for better absorption'),(355,'2024-05-16','water + preservatives + natural fragrances','as directed by physician or as per requirment'),(356,'2024-07-04','preservatives + fragrances + added nutrients','as directed by physician or as per requirment'),(357,'2023-09-27','preservatives + fragrances + added nutrients','as directed by physician or as per requirment'),(358,'2024-08-25','emulsifier + fragrances + added minerals','as directed by physician or as per requirment'),(359,'2023-11-19','emulsifier + fragrances + added minerals','as directed by physician or as per requirment'),(360,'2024-05-12','water + preservatives + natural fragrances','as directed by physician or as per requirment'),(361,'2024-01-26','water + preservatives + natural fragrances','apply gently or as directed by the physician'),(362,'2023-07-10','preservatives + fragrances + added nutrients','apply gently or as directed by the physician'),(363,'2024-12-20','water + preservatives + natural fragrances','massage for a minute & wait 2-3 minutes for better absorption'),(364,'2023-05-19','emulsifier + fragrances + added minerals','as directed by physician or as per requirment'),(365,'2024-09-15','preservatives + fragrances + added nutrients','as directed by physician or as per requirment'),(366,'2023-02-28','emulsifier + fragrances + added minerals','as directed by physician or as per requirment'),(367,'2023-11-17','water + preservatives + natural fragrances','massage for a minute & wait 2-3 minutes for better absorption'),(368,'2023-11-09','water + preservatives + natural fragrances','massage for a minute & wait 2-3 minutes for better absorption'),(369,'2024-01-27','water + preservatives + natural fragrances','massage for a minute & wait 2-3 minutes for better absorption'),(370,'2023-09-03','preservatives + fragrances + added nutrients','massage for a minute & wait 2-3 minutes for better absorption'),(371,'2024-10-18','emulsifier + fragrances + added minerals','apply gently or as directed by the physician'),(372,'2023-12-12','water + preservatives + natural fragrances','as directed by physician or as per requirment'),(373,'2023-08-02','emulsifier + fragrances + added minerals','massage for a minute & wait 2-3 minutes for better absorption'),(374,'2024-08-25','preservatives + fragrances + added nutrients','as directed by physician or as per requirment'),(375,'2024-06-23','emulsifier + fragrances + added minerals','massage for a minute & wait 2-3 minutes for better absorption'),(376,'2024-02-02','preservatives + fragrances + added nutrients','apply gently or as directed by the physician'),(377,'2024-03-07','preservatives + fragrances + added nutrients','apply gently or as directed by the physician'),(378,'2024-07-06','emulsifier + fragrances + added minerals','apply gently or as directed by the physician'),(379,'2024-05-01','preservatives + fragrances + added nutrients','as directed by physician or as per requirment'),(380,'2023-08-21','emulsifier + fragrances + added minerals','as directed by physician or as per requirment'),(381,'2023-05-01','emulsifier + fragrances + added minerals','as directed by physician or as per requirment'),(382,'2023-06-06','preservatives + fragrances + added nutrients','as directed by physician or as per requirment'),(383,'2023-04-15','preservatives + fragrances + added nutrients','apply gently or as directed by the physician'),(384,'2024-03-16','emulsifier + fragrances + added minerals','massage for a minute & wait 2-3 minutes for better absorption'),(385,'2024-10-05','emulsifier + fragrances + added minerals','apply gently or as directed by the physician'),(386,'2024-02-24','preservatives + fragrances + added nutrients','as directed by physician or as per requirment'),(387,'2024-07-26','preservatives + fragrances + added nutrients','massage for a minute & wait 2-3 minutes for better absorption'),(388,'2024-06-27','emulsifier + fragrances + added minerals','massage for a minute & wait 2-3 minutes for better absorption'),(389,'2023-07-20','preservatives + fragrances + added nutrients','apply gently or as directed by the physician'),(390,'2024-04-19','preservatives + fragrances + added nutrients','as directed by physician or as per requirment'),(391,'2023-12-20','emulsifier + fragrances + added minerals','as directed by physician or as per requirment'),(392,'2024-05-03','preservatives + fragrances + added nutrients','massage for a minute & wait 2-3 minutes for better absorption'),(393,'2024-01-03','preservatives + fragrances + added nutrients','massage for a minute & wait 2-3 minutes for better absorption'),(394,'2023-07-23','preservatives + fragrances + added nutrients','as directed by physician or as per requirment'),(395,'2025-01-16','water + preservatives + natural fragrances','apply gently or as directed by the physician'),(396,'2023-08-07','preservatives + fragrances + added nutrients','as directed by physician or as per requirment'),(397,'2025-01-24','preservatives + fragrances + added nutrients','massage for a minute & wait 2-3 minutes for better absorption'),(398,'2024-02-18','emulsifier + fragrances + added minerals','massage for a minute & wait 2-3 minutes for better absorption'),(399,'2023-06-25','water + preservatives + natural fragrances','massage for a minute & wait 2-3 minutes for better absorption'),(400,'2025-01-27','preservatives + fragrances + added nutrients','apply gently or as directed by the physician'),(401,'2024-06-11','preservatives + fragrances + added nutrients','apply gently or as directed by the physician'),(402,'2023-03-22','water + preservatives + natural fragrances','apply gently or as directed by the physician'),(403,'2023-06-05','water + preservatives + natural fragrances','as directed by physician or as per requirment'),(404,'2023-05-20','preservatives + fragrances + added nutrients','as directed by physician or as per requirment'),(405,'2023-08-01','water + preservatives + natural fragrances','apply gently or as directed by the physician'),(406,'2024-04-07','water + preservatives + natural fragrances','massage for a minute & wait 2-3 minutes for better absorption'),(407,'2023-10-22','preservatives + fragrances + added nutrients','as directed by physician or as per requirment'),(408,'2024-12-01','preservatives + fragrances + added nutrients','massage for a minute & wait 2-3 minutes for better absorption'),(409,'2023-10-09','emulsifier + fragrances + added minerals','as directed by physician or as per requirment'),(410,'2025-01-04','water + preservatives + natural fragrances','massage for a minute & wait 2-3 minutes for better absorption'),(411,'2023-07-07','preservatives + fragrances + added nutrients','apply gently or as directed by the physician'),(412,'2024-08-01','emulsifier + fragrances + added minerals','apply gently or as directed by the physician'),(413,'2023-06-29','water + preservatives + natural fragrances','massage for a minute & wait 2-3 minutes for better absorption'),(414,'2024-07-12','preservatives + fragrances + added nutrients','as directed by physician or as per requirment'),(415,'2023-06-13','emulsifier + fragrances + added minerals','apply gently or as directed by the physician'),(416,'2023-06-23','preservatives + fragrances + added nutrients','massage for a minute & wait 2-3 minutes for better absorption'),(417,'2024-10-17','preservatives + fragrances + added nutrients','massage for a minute & wait 2-3 minutes for better absorption'),(418,'2024-02-08','preservatives + fragrances + added nutrients','apply gently or as directed by the physician'),(419,'2023-10-23','emulsifier + fragrances + added minerals','massage for a minute & wait 2-3 minutes for better absorption'),(420,'2023-12-06','water + preservatives + natural fragrances','massage for a minute & wait 2-3 minutes for better absorption'),(421,'2025-01-15','water + preservatives + natural fragrances','massage for a minute & wait 2-3 minutes for better absorption'),(422,'2024-09-23','preservatives + fragrances + added nutrients','massage for a minute & wait 2-3 minutes for better absorption'),(423,'2025-01-07','preservatives + fragrances + added nutrients','apply gently or as directed by the physician'),(424,'2025-02-01','emulsifier + fragrances + added minerals','apply gently or as directed by the physician'),(425,'2023-08-19','water + preservatives + natural fragrances','massage for a minute & wait 2-3 minutes for better absorption'),(426,'2023-09-25','emulsifier + fragrances + added minerals','massage for a minute & wait 2-3 minutes for better absorption'),(427,'2024-07-13','water + preservatives + natural fragrances','apply gently or as directed by the physician'),(428,'2023-07-05','water + preservatives + natural fragrances','as directed by physician or as per requirment'),(429,'2024-06-01','preservatives + fragrances + added nutrients','massage for a minute & wait 2-3 minutes for better absorption'),(430,'2024-02-01','emulsifier + fragrances + added minerals','as directed by physician or as per requirment'),(431,'2024-01-24','water + preservatives + natural fragrances','as directed by physician or as per requirment'),(432,'2023-12-10','water + preservatives + natural fragrances','as directed by physician or as per requirment'),(433,'2024-10-17','preservatives + fragrances + added nutrients','as directed by physician or as per requirment'),(434,'2024-10-29','water + preservatives + natural fragrances','apply gently or as directed by the physician'),(435,'2024-09-08','preservatives + fragrances + added nutrients','as directed by physician or as per requirment'),(436,'2024-05-08','water + preservatives + natural fragrances','apply gently or as directed by the physician'),(437,'2024-07-01','preservatives + fragrances + added nutrients','massage for a minute & wait 2-3 minutes for better absorption'),(438,'2023-07-13','emulsifier + fragrances + added minerals','apply gently or as directed by the physician'),(439,'2024-12-22','emulsifier + fragrances + added minerals','massage for a minute & wait 2-3 minutes for better absorption'),(440,'2024-09-21','preservatives + fragrances + added nutrients','apply gently or as directed by the physician'),(441,'2023-04-11','water + preservatives + natural fragrances','apply gently or as directed by the physician'),(442,'2023-04-22','preservatives + fragrances + added nutrients','massage for a minute & wait 2-3 minutes for better absorption'),(443,'2024-04-22','preservatives + fragrances + added nutrients','as directed by physician or as per requirment'),(444,'2025-02-07','emulsifier + fragrances + added minerals','apply gently or as directed by the physician'),(445,'2024-03-05','water + preservatives + natural fragrances','apply gently or as directed by the physician'),(446,'2025-01-09','emulsifier + fragrances + added minerals','massage for a minute & wait 2-3 minutes for better absorption'),(447,'2024-02-24','emulsifier + fragrances + added minerals','apply gently or as directed by the physician'),(448,'2024-08-26','water + preservatives + natural fragrances','as directed by physician or as per requirment'),(449,'2024-02-11','preservatives + fragrances + added nutrients','as directed by physician or as per requirment');
/*!40000 ALTER TABLE `cosmetics` ENABLE KEYS */;
UNLOCK TABLES;

--
-- Table structure for table `cust_contact`
--

DROP TABLE IF EXISTS `cust_contact`;
/*!40101 SET @saved_cs_client     = @@character_set_client */;
/*!50503 SET character_set_client = utf8mb4 */;
CREATE TABLE `cust_contact` (
  `c_id` int NOT NULL,
  `cust_contact` varchar(20) NOT NULL,
  PRIMARY KEY (`c_id`,`cust_contact`),
  CONSTRAINT `cust_contact_ibfk_1` FOREIGN KEY (`c_id`) REFERENCES `customer` (`c_id`)
) ENGINE=InnoDB DEFAULT CHARSET=utf8mb4 COLLATE=utf8mb4_0900_ai_ci;
/*!40101 SET character_set_client = @saved_cs_client */;

--
-- Dumping data for table `cust_contact`
--

LOCK TABLES `cust_contact` WRITE;
/*!40000 ALTER TABLE `cust_contact` DISABLE KEYS */;
INSERT INTO `cust_contact` VALUES (1,'(09882) 76532'),(2,'(01156) 35557'),(3,'(06329) 941341'),(4,'+44(0)6174 451849'),(5,'08751 442581'),(6,'+44(0)3577 010252'),(7,'+44(0)6205 685731'),(8,'+44(0)004310652'),(9,'+44(0)940014153'),(10,'(07865) 71444'),(11,'08905 850062'),(12,'0125745832'),(13,'+44(0)3706 521275'),(14,'+44(0)4355 08084'),(15,'(03701) 57666'),(16,'+44(0)2562941362'),(17,'06618291636'),(18,'+44(0)6047177098'),(19,'0360758293'),(20,'(08261) 269260'),(21,'+44(0)1145 31830'),(22,'02858810017'),(23,'0291179906'),(24,'(05484) 66855'),(25,'+44(0)5360156367'),(26,'08548 46497'),(27,'(02688) 53920'),(28,'09854 260341'),(29,'+44(0)663702712'),(30,'06764 840825'),(31,'(08758) 239715'),(32,'00488 040383'),(33,'(09148) 751265'),(34,'00051 40076'),(35,'+44(0)9080 131691'),(36,'+44(0)319687665'),(37,'+44(0)6060484825'),(38,'(02255) 92829'),(39,'0390582109'),(40,'00376266905'),(41,'(04387) 142375'),(42,'+44(0)738851057'),(43,'+44(0)978009543'),(44,'06094 37712'),(45,'+44(0)791794149'),(46,'00804478059'),(47,'03916 393996'),(48,'+44(0)266847059'),(49,'(07052) 694111'),(50,'06183 401983'),(51,'03501140089'),(52,'+44(0)5056 577558'),(53,'+44(0)9552987743'),(54,'09878 03881'),(55,'(03145) 56000'),(56,'06278 03613'),(57,'0525005411'),(58,'09694033106'),(59,'08648482292'),(60,'(01816) 73882'),(61,'+44(0)8998 587143'),(62,'06789 877050'),(63,'+44(0)608124224'),(64,'0363929369'),(65,'+44(0)9886 084351'),(66,'(07469) 86909'),(67,'07571295758'),(68,'0036798850'),(69,'+44(0)4700 992318'),(70,'+44(0)3761326071'),(71,'02143 05103'),(72,'04461 752811'),(73,'+44(0)9700 256321'),(74,'+44(0)4769766727'),(75,'+44(0)4359 593330'),(76,'+44(0)5208 38647'),(77,'+44(0)9348586280'),(78,'+44(0)2775 66547'),(79,'02313 64994'),(80,'+44(0)253831688'),(81,'+44(0)387508950'),(82,'07286 50559'),(83,'01020 421677'),(84,'00824792094'),(85,'09934 72773'),(86,'04778158318'),(87,'(00582) 74828'),(88,'(08449) 304218'),(89,'+44(0)0939 758546'),(90,'0438240493'),(91,'08704 514508'),(92,'+44(0)7422 67594'),(93,'+44(0)625076551'),(94,'02584302378'),(95,'+44(0)8494412085'),(96,'+44(0)0551 45956'),(97,'+44(0)680903324'),(98,'+44(0)2795 752635'),(99,'08602922515'),(100,'+44(0)4454 563844'),(101,'00310 26617'),(102,'05908939395'),(103,'+44(0)714121282'),(104,'+44(0)0160 945876'),(105,'+44(0)5900 31267'),(106,'0061642972'),(107,'(09241) 140156'),(108,'+44(0)5315277768'),(109,'(03548) 41368'),(110,'05348031123'),(111,'+44(0)787689496'),(112,'+44(0)9535903660'),(113,'00913 710090'),(114,'0661761806'),(115,'09772237019'),(116,'+44(0)5601269721'),(117,'(01171) 929365'),(118,'02877 551371'),(119,'(00318) 158222'),(120,'02750414813'),(121,'+44(0)2539196821'),(122,'0687451489'),(123,'0580951444'),(124,'(09028) 439088'),(125,'+44(0)4309487983'),(126,'0085642348'),(127,'05248351809'),(128,'+44(0)980163129'),(129,'08874285881'),(130,'0077770189'),(131,'(08630) 39748'),(132,'01307 53612'),(133,'(06091) 47770'),(134,'07585 725746'),(135,'+44(0)1113 21119'),(136,'09703 513042'),(137,'(09217) 087537'),(138,'0035884240'),(139,'+44(0)0639086939'),(140,'+44(0)462445316'),(141,'+44(0)8252 96469'),(142,'+44(0)4959365298'),(143,'+44(0)1646 908267'),(144,'(03341) 08264'),(145,'(07223) 00862'),(146,'08285325243'),(147,'04644 103402'),(148,'05872 823584'),(149,'0922310995'),(150,'+44(0)6153683461'),(151,'04271 760111'),(152,'(07236) 616849'),(153,'+44(0)3197 04492'),(154,'(03149) 519316'),(155,'09421 92783'),(156,'+44(0)420866136'),(157,'(04521) 460308'),(158,'(00044) 92322'),(159,'+44(0)8713895627'),(160,'01332 46762'),(161,'(06227) 31830'),(162,'04219 80334'),(163,'(08056) 130756'),(164,'0615297216'),(165,'+44(0)5326 37075'),(166,'+44(0)2311510200'),(167,'+44(0)6882054867'),(168,'00183 189484'),(169,'+44(0)5415374000'),(170,'(02045) 14157'),(171,'02394 094514'),(172,'(05294) 528562'),(173,'00117571420'),(174,'+44(0)2547 823522'),(175,'04302 376406'),(176,'08561 038745'),(177,'+44(0)633213923'),(178,'+44(0)7536 799844'),(179,'0501291269'),(180,'(03093) 24735'),(181,'09197087632'),(182,'+44(0)9533751269'),(183,'04331711505'),(184,'(04842) 745688'),(185,'06261 11269'),(186,'(02295) 67687'),(187,'02416 77146'),(188,'+44(0)609181289'),(189,'(03136) 10527'),(190,'+44(0)4777305797'),(191,'0596464993'),(192,'08194 006750'),(193,'+44(0)8408237418'),(194,'0499382986'),(195,'(07499) 40994'),(196,'+44(0)6934355306'),(197,'+44(0)0572 372392'),(198,'+44(0)7699 456179'),(199,'(08735) 82801'),(200,'07128 226586'),(201,'0946119154'),(202,'+44(0)460675816'),(203,'+44(0)851677670'),(204,'+44(0)694559622'),(205,'+44(0)5697312506'),(206,'0987261482'),(207,'+44(0)377937201'),(208,'+44(0)3678 603832'),(209,'07651 174010'),(210,'(03949) 863966'),(211,'0521619491'),(212,'(04896) 775981'),(213,'+44(0)1486514406'),(214,'(04784) 03365'),(215,'(08126) 170093'),(216,'05663 288335'),(217,'+44(0)478359521'),(218,'+44(0)624000480'),(219,'+44(0)2920 880834'),(220,'(08794) 399266'),(221,'+44(0)4803043843'),(222,'00514 88094'),(223,'00480 964150'),(224,'(00179) 69544'),(225,'+44(0)8457 645017'),(226,'04013 06921'),(227,'(06366) 37019'),(228,'0274315097'),(229,'04381 88700'),(230,'04692082094'),(231,'+44(0)3419 672134'),(232,'+44(0)3852 379645'),(233,'(09343) 476744'),(234,'0803123707'),(235,'+44(0)8512 984733'),(236,'(07794) 93724'),(237,'00617 085154'),(238,'(09368) 885877'),(239,'0786401749'),(240,'00223 869692'),(241,'01234365088'),(242,'01555 075693'),(243,'09224 45068'),(244,'+44(0)2785006472'),(245,'(07526) 28588'),(246,'+44(0)5934 071627'),(247,'08725 37310'),(248,'+44(0)0786 34464'),(249,'(09045) 71031'),(250,'(02880) 31094'),(251,'+44(0)5073 17931'),(252,'+44(0)2841 181163'),(253,'+44(0)3352099985'),(254,'(02696) 489935'),(255,'+44(0)3452 94437'),(256,'+44(0)963109308'),(257,'+44(0)3048 987793'),(258,'+44(0)286244044'),(259,'0509348890'),(260,'+44(0)379382254'),(261,'04411 09110'),(262,'09874 921720'),(263,'(09371) 392433'),(264,'03185 321521'),(265,'09953 787318'),(266,'03486 931636'),(267,'(02239) 836825'),(268,'+44(0)1044 15902'),(269,'02521 603102'),(270,'0242546484'),(271,'0194214630'),(272,'(05844) 96093'),(273,'+44(0)9694 65148'),(274,'(06421) 42988'),(275,'+44(0)7877 313286'),(276,'00697091999'),(277,'+44(0)939259006'),(278,'04036 748623'),(279,'03317 45852'),(280,'01978 17724'),(281,'(05973) 38279'),(282,'+44(0)3113 200189'),(283,'+44(0)2206152400'),(284,'+44(0)6946841895'),(285,'02789 607223'),(286,'+44(0)9754609397'),(287,'+44(0)6879 93348'),(288,'+44(0)082283931'),(289,'07603 83755'),(290,'03487255715'),(291,'0824188285'),(292,'+44(0)0353 09038'),(293,'00462 719486'),(294,'01887 91731'),(295,'(07470) 396260'),(296,'03220 92953'),(297,'(06517) 694720'),(298,'0891415679'),(299,'07232 528854'),(300,'01861 24943'),(301,'(01529) 73043'),(302,'+44(0)3750 558871'),(303,'08636 83518'),(304,'(07371) 239527'),(305,'(04392) 610963'),(306,'0333569699'),(307,'(07815) 17310'),(308,'+44(0)144657420'),(309,'+44(0)4069 20609'),(310,'+44(0)4248 390547'),(311,'(03652) 91925'),(312,'+44(0)0479 42448'),(313,'01328956859'),(314,'04670 35354'),(315,'+44(0)5687228850'),(316,'08332 37846'),(317,'+44(0)692990646'),(318,'0373872972'),(319,'(00961) 127751'),(320,'0167829135'),(321,'(00774) 79955'),(322,'(08616) 024036'),(323,'(01460) 214915'),(324,'+44(0)4618 284694'),(325,'+44(0)0854296198'),(326,'07310 822300'),(327,'08972173290'),(328,'+44(0)0121 085279'),(329,'06912 05593'),(330,'0631663589'),(331,'+44(0)1708 03055'),(332,'(09771) 472903'),(333,'+44(0)684552666'),(334,'(07558) 605760'),(335,'+44(0)6271150424'),(336,'0531426783'),(337,'(02588) 05096'),(338,'+44(0)4502 619439'),(339,'(06588) 12470'),(340,'00614 806049'),(341,'05602 901928'),(342,'+44(0)413080853'),(343,'+44(0)2350 785600'),(344,'00115 85666'),(345,'0723624021'),(346,'00090948589'),(347,'08259 01341'),(348,'+44(0)7521132246'),(349,'03237 97009'),(350,'+44(0)3292 53483'),(351,'+44(0)2515 488231'),(352,'01708 76144'),(353,'(09797) 38136'),(354,'+44(0)2005 13036'),(355,'+44(0)2555893916'),(356,'+44(0)5924025571'),(357,'(01622) 26460'),(358,'+44(0)222999814'),(359,'+44(0)577840927'),(360,'06640 750441'),(361,'(02338) 922698'),(362,'0361801288'),(363,'07330144855'),(364,'(01296) 84169'),(365,'(00705) 258918'),(366,'01742 52002'),(367,'0979552226'),(368,'(02738) 050258'),(369,'(04010) 97527'),(370,'+44(0)587811915'),(371,'09531 92725'),(372,'+44(0)8078 87871'),(373,'02846610617'),(374,'07387 72624'),(375,'+44(0)5222 26652'),(376,'04635 944377'),(377,'+44(0)2320722856'),(378,'+44(0)7021438659'),(379,'+44(0)6442 92107'),(380,'02091 658446'),(381,'+44(0)2529835208'),(382,'+44(0)107883329'),(383,'05641644838'),(384,'02224 05442'),(385,'+44(0)9820 34466'),(386,'+44(0)5886337598'),(387,'+44(0)4173261984'),(388,'0539329461'),(389,'(00442) 253091'),(390,'+44(0)0445 815839'),(391,'0892722176'),(392,'(02587) 27403'),(393,'+44(0)7226241414'),(394,'+44(0)949493077'),(395,'+44(0)1876729873'),(396,'+44(0)3022 643267'),(397,'00072 17970'),(398,'+44(0)9635 130218'),(399,'+44(0)0612 252996'),(400,'(08510) 02831'),(401,'01014213216'),(402,'(08672) 006170'),(403,'09822 02669'),(404,'+44(0)545091945'),(405,'+44(0)5845729161'),(406,'(02627) 212533'),(407,'(01008) 48581'),(408,'+44(0)0738 410914'),(409,'(03565) 502809'),(410,'02543 457302'),(411,'03315730076'),(412,'04026 702408'),(413,'+44(0)6703 131053'),(414,'0366865568'),(415,'(02044) 307649'),(416,'0053186129'),(417,'0264881896'),(418,'(02800) 09092'),(419,'0804487281'),(420,'+44(0)887924022'),(421,'(00060) 548255'),(422,'06613098207'),(423,'08985 987074'),(424,'(01723) 451080'),(425,'02528 19815'),(426,'+44(0)5961 77916'),(427,'+44(0)563023654'),(428,'+44(0)5322 761181'),(429,'(03415) 770399'),(430,'+44(0)7680 893290'),(431,'+44(0)274718709'),(432,'+44(0)3126 149199'),(433,'09741 336997'),(434,'08940 694186'),(435,'09741 708001'),(436,'+44(0)6852 679215'),(437,'09710 112215'),(438,'0054026198'),(439,'02653 57974'),(440,'0404156186'),(441,'03814 985990'),(442,'+44(0)5261 122794'),(443,'+44(0)806978878'),(444,'+44(0)8683 58122'),(445,'+44(0)8696477384'),(446,'+44(0)219255937'),(447,'(01525) 49357'),(448,'0977203060'),(449,'00953 208342'),(450,'+44(0)3810 203697'),(451,'+44(0)7554 529966'),(452,'08309 053287'),(453,'+44(0)9084 233796'),(454,'+44(0)3616 678263'),(455,'+44(0)648911496'),(456,'0019348020'),(457,'07755 72124'),(458,'0150297281'),(459,'0282943885'),(460,'+44(0)158614445'),(461,'0877628398'),(462,'+44(0)3826 587060'),(463,'+44(0)2282 353017'),(464,'+44(0)212821685'),(465,'04796 42557'),(466,'0935987556'),(467,'08783127411'),(468,'(06695) 82429'),(469,'00785 00727'),(470,'03100 583324'),(471,'03813960597'),(472,'+44(0)028534977'),(473,'+44(0)6478 16857'),(474,'06180 54422'),(475,'+44(0)246607672'),(476,'+44(0)601759098'),(477,'09531 266317'),(478,'+44(0)118654852'),(479,'03339587203'),(480,'+44(0)310371435'),(481,'04952694623'),(482,'(07453) 20272'),(483,'05386653326'),(484,'+44(0)1292530007'),(485,'+44(0)7017444917'),(486,'+44(0)5075488812'),(487,'06693 656367'),(488,'(08908) 15046'),(489,'05338187470'),(490,'+44(0)1184 79276'),(491,'(08191) 800305'),(492,'07120 70918'),(493,'+44(0)0024 544672'),(494,'(08241) 111439'),(495,'+44(0)0143 486093'),(496,'+44(0)990525197'),(497,'05935 338177'),(498,'+44(0)687370047'),(499,'(00452) 68592'),(500,'0817702877');
/*!40000 ALTER TABLE `cust_contact` ENABLE KEYS */;
UNLOCK TABLES;

--
-- Table structure for table `customer`
--

DROP TABLE IF EXISTS `customer`;
/*!40101 SET @saved_cs_client     = @@character_set_client */;
/*!50503 SET character_set_client = utf8mb4 */;
CREATE TABLE `customer` (
  `c_id` int NOT NULL,
  `cust_first_name` varchar(255) DEFAULT NULL,
  `cust_last_name` varchar(255) DEFAULT NULL,
  `cust_dob` date DEFAULT NULL,
  `cust_street` varchar(255) DEFAULT NULL,
  `cust_city` varchar(255) DEFAULT NULL,
  `cust_state` varchar(255) DEFAULT NULL,
  `cust_pin` varchar(255) DEFAULT NULL,
  `cust_age` int DEFAULT NULL,
  `cust_title` varchar(255) DEFAULT NULL,
  `cust_type` varchar(20) NOT NULL DEFAULT 'regular',
  PRIMARY KEY (`c_id`),
  UNIQUE KEY `index_customer` (`c_id`)
) ENGINE=InnoDB DEFAULT CHARSET=utf8mb4 COLLATE=utf8mb4_0900_ai_ci;
/*!40101 SET character_set_client = @saved_cs_client */;

--
-- Dumping data for table `customer`
--

LOCK TABLES `customer` WRITE;
/*!40000 ALTER TABLE `customer` DISABLE KEYS */;
INSERT INTO `customer` VALUES (1,'Lindsay','Hudson','1961-01-20','Dietrich Loop','East Gunnarchester','WestVirginia','96121',62,'Dr.','regular'),(2,'Madilyn','Schulist','1974-06-13','Adams Meadow','Lake Ericaville','Tennessee','78333',48,'Miss','imperia'),(3,'Carleton','Koss','1987-11-30','Donny Union','Port Roxanefurt','Oregon','60049-7241',35,'Dr.','imperia'),(4,'Dovie','Zulauf','1987-07-05','Daniel Row','Lake Edd','RhodeIsland','11407',35,'Miss','premium'),(5,'Elvie','Feeney','1956-08-12','Presley Plains','Lake Robinburgh','Ohio','08741-6516',66,'Prof.','premium'),(6,'Hubert','Williamson','1978-10-08','Schamberger Ramp','New Kaleigh','WestVirginia','87876',44,'Mrs.','imperia'),(7,'Sarina','Ebert','1970-06-06','Shawna Freeway','Torreytown','NewHampshire','57709-2752',52,'Miss','imperia'),(8,'Aaliyah','Reinger','2004-01-26','Wunsch Prairie','Skylarshire','NewMexico','35168-8305',19,'Dr.','regular'),(9,'Coby','Bechtelar','1997-03-13','Feil Mews','East Shadmouth','Louisiana','79450',26,'Mrs.','regular'),(10,'Jakayla','Collier','1975-02-17','Amanda Street','Francisview','Wyoming','98326',48,'Prof.','imperia'),(11,'Hailey','Douglas','1956-01-25','Otilia Coves','Jamelbury','RhodeIsland','55121',67,'Mrs.','imperia'),(12,'Nelda','Hickle','1996-05-20','Lysanne Brook','West Dortha','WestVirginia','12141-8077',26,'Prof.','regular'),(13,'Callie','Dicki','1980-09-10','Antone Isle','West Cathrynmouth','Illinois','31007',42,'Prof.','premium'),(14,'Geraldine','Gerlach','1951-06-30','Fisher Shoal','Hailiemouth','Florida','75721',71,'Mrs.','premium'),(15,'Rachel','Reilly','1989-08-01','Cassidy Shoal','Laishaside','Montana','93518-3032',33,'Dr.','premium'),(16,'Lionel','Friesen','1962-09-23','Huels Turnpike','New Hassieshire','Kansas','99861',60,'Ms.','premium'),(17,'Florida','Shields','1959-02-19','Spinka Parkway','Mikeborough','NewJersey','91027-2965',64,'Dr.','regular'),(18,'Veronica','Armstrong','1966-07-08','Erdman Pine','Lake Adelbert','Alabama','89977-7441',56,'Miss','regular'),(19,'Dennis','Robel','1995-05-30','Botsford Forges','Hilllton','NewMexico','32084',27,'Miss','premium'),(20,'Clair','Kemmer','1970-12-03','Flatley Pass','Ryanberg','Washington','05129',52,'Mrs.','premium'),(21,'Willie','Hayes','1952-04-23','Rowland Landing','South Gailfort','Illinois','56265-7712',70,'Dr.','imperia'),(22,'Gail','Macejkovic','1999-04-21','Tremblay Locks','East General','Wisconsin','50083',23,'Prof.','regular'),(23,'Julian','Schroeder','1961-04-27','Hansen Station','Port Clair','Nevada','15361-6203',61,'Miss','regular'),(24,'Myrna','Runolfsdottir','1965-10-27','Lonnie Place','Roscoetown','Montana','53262',57,'Prof.','premium'),(25,'Russel','Adams','1978-11-05','Leora Parkway','Hellerview','Ohio','30120-1622',44,'Dr.','imperia'),(26,'Chester','Stokes','1990-09-23','Ryan Falls','Lake Sidmouth','Oregon','26346-8139',32,'Miss','regular'),(27,'Lorenzo','Steuber','2006-02-02','Pouros Tunnel','Harveyberg','Pennsylvania','18507-3773',17,'Mr.','imperia'),(28,'Vivien','Hintz','2002-02-09','Berge Oval','South Terrancehaven','NorthCarolina','90738',21,'Mr.','premium'),(29,'Gretchen','Heathcote','2006-01-22','Adella Squares','South Margretfurt','Alaska','07433',17,'Prof.','regular'),(30,'Lolita','Cormier','1963-12-24','Jarrell Parkways','Matteomouth','Connecticut','01057',59,'Mrs.','regular'),(31,'Luisa','Renner','1990-07-07','Schmeler Groves','East Demetrischester','Maine','38932',32,'Mrs.','imperia'),(32,'Fae','Kerluke','1983-02-27','Ellen Mission','North Justonhaven','Alaska','47747-1823',40,'Prof.','regular'),(33,'Ethelyn','Torphy','1997-03-23','Bruen Field','East Sage','Massachusetts','61097-9878',25,'Mr.','imperia'),(34,'Virginie','Hayes','2004-05-29','Jonathon Place','South Bill','Wyoming','90213',18,'Dr.','premium'),(35,'Casper','Pfeffer','1954-08-20','Cormier Roads','East Alvis','Colorado','74647',68,'Prof.','premium'),(36,'Destin','Skiles','2006-02-04','Kunde Grove','Hartmannview','Georgia','72688',17,'Mr.','premium'),(37,'Leora','Gottlieb','1956-09-17','Amber Gateway','Emersonmouth','RhodeIsland','15017',66,'Dr.','imperia'),(38,'William','Schroeder','1988-06-02','Nolan Trail','O\'Reillystad','Connecticut','61387-5464',34,'Mr.','imperia'),(39,'Bianka','Botsford','1992-12-17','Paolo Rue','Watsicahaven','Minnesota','26673-4338',30,'Prof.','regular'),(40,'Darryl','Von','1953-08-23','Mona Shoal','East Annamaeshire','Maryland','95991-3086',69,'Dr.','regular'),(41,'Eladio','Towne','1992-04-06','Ambrose Path','Jayfort','Montana','85427-3416',30,'Ms.','regular'),(42,'Susie','Beahan','1977-11-25','McGlynn Crest','Lake Sebastianville','NewYork','93355-2005',45,'Ms.','regular'),(43,'Anita','Feest','1985-12-12','Ebert Springs','New Hectorville','Indiana','26265',37,'Prof.','imperia'),(44,'Mikel','O\'Reilly','2005-01-22','Kovacek Pine','South Pietroport','Oregon','86618-8475',18,'Prof.','imperia'),(45,'Isadore','Daniel','1993-11-14','Collier Village','New Ottilie','Idaho','00028',29,'Miss','imperia'),(46,'Shanon','Collier','1952-05-07','Mikayla Coves','Klinghaven','Colorado','86506',70,'Miss','regular'),(47,'Cleo','Cartwright','1982-08-15','Sallie Street','Jacobsfort','Michigan','55830-3987',40,'Prof.','imperia'),(48,'Ethan','Hoppe','1997-02-10','Toni Prairie','Eichmannfort','Colorado','51565',26,'Ms.','premium'),(49,'Astrid','Kshlerin','1969-09-24','Lera Summit','Jerdehaven','Montana','69384',53,'Ms.','imperia'),(50,'Bruce','Hodkiewicz','1980-04-27','Mitchell Highway','Lupeport','Iowa','26733',42,'Prof.','regular'),(51,'Kristian','Cartwright','1959-12-04','Adelle Mountains','Wilmafort','RhodeIsland','63642-4260',63,'Prof.','premium'),(52,'Chanel','Hackett','1960-03-02','Remington Glen','Rosenbaumtown','Minnesota','85223',63,'Ms.','premium'),(53,'Frankie','Watsica','1971-11-15','Mallie Burg','Wisokyview','Illinois','69930-1657',51,'Dr.','premium'),(54,'Lesly','Grimes','1975-07-26','Marjorie Manor','Billiefort','Pennsylvania','81658',47,'Prof.','regular'),(55,'Zetta','Langosh','1975-06-11','Gulgowski Ports','Lake Shawnachester','Indiana','31772',47,'Ms.','imperia'),(56,'Antoinette','Hansen','1993-04-28','Gaylord Isle','Aiyanaport','NorthDakota','73002-2840',29,'Mr.','premium'),(57,'Mittie','Sipes','1999-05-23','Delfina Cliff','Port Effie','SouthCarolina','22602',23,'Prof.','regular'),(58,'Geovanni','Schmidt','1978-02-07','Ward Turnpike','Port Blake','RhodeIsland','12757',45,'Ms.','premium'),(59,'Mariane','Heathcote','1976-09-21','Noel Wall','Sauerview','Pennsylvania','85517',46,'Dr.','premium'),(60,'Kameron','Heathcote','2003-08-01','Franecki Brooks','Wilkinsonbury','Oklahoma','15788-4999',19,'Prof.','regular'),(61,'Elizabeth','Hickle','1955-01-27','Sauer Roads','Bobbieshire','Hawaii','83699',68,'Dr.','imperia'),(62,'Jadon','Graham','1992-04-23','Kuvalis Green','Ebertfurt','NewJersey','00944-4470',30,'Ms.','imperia'),(63,'Raina','Wehner','1976-12-03','Dandre Extension','East Iciebury','Mississippi','00859-6564',46,'Miss','regular'),(64,'Nichole','Nitzsche','1988-12-25','Johnston Square','North Cornellborough','Alaska','79389-9675',34,'Prof.','regular'),(65,'Luciano','Shields','1967-09-07','Bahringer Causeway','West Waylonstad','Montana','78847',55,'Dr.','imperia'),(66,'Emmy','Parisian','1989-03-29','Kreiger Stream','Howellton','Vermont','25193',33,'Dr.','premium'),(67,'Stuart','Weissnat','2006-04-29','Borer Glen','East Loren','Arizona','78484',16,'Prof.','premium'),(68,'Rosalind','Swift','1958-11-20','Gorczany Fort','Rudolphmouth','Colorado','92781-2713',64,'Prof.','premium'),(69,'Kaley','Hodkiewicz','1956-04-06','Hegmann Orchard','Ardellamouth','Michigan','09103',66,'Miss','regular'),(70,'Reginald','Terry','1989-10-15','Kathlyn Keys','Kaileeborough','Georgia','02544',33,'Dr.','imperia'),(71,'Christy','Konopelski','1950-09-23','Virginie Fords','Harveyport','Wisconsin','39686',72,'Dr.','imperia'),(72,'Willis','Orn','2000-03-25','Hauck Mountain','North Alysha','Wisconsin','83743',22,'Ms.','imperia'),(73,'Carolanne','Torphy','1979-08-18','Darien Spurs','Deckowmouth','Oklahoma','61836-0071',43,'Prof.','imperia'),(74,'Bernadine','Cummerata','1949-03-03','Kovacek Shore','North Merlberg','Iowa','63388',74,'Dr.','imperia'),(75,'Rigoberto','Jacobs','1995-08-11','Lynch Plains','North Marjorymouth','Minnesota','01406',27,'Prof.','imperia'),(76,'Ivah','Stracke','1998-09-29','Keebler Mall','Celestinomouth','Wyoming','60191-3021',24,'Prof.','imperia'),(77,'Nathan','Abernathy','2005-07-20','Johns Light','Port Lambertport','Delaware','80786-5405',17,'Prof.','regular'),(78,'Delores','Russel','1995-11-27','Vandervort Inlet','New Adell','Wyoming','91428-8694',27,'Mr.','imperia'),(79,'Conner','Stoltenberg','1981-01-16','Hallie Spring','New Pierre','SouthCarolina','26505-0551',42,'Mr.','premium'),(80,'Ayden','Murphy','1969-06-16','Auer Club','Lake Sabrinastad','Nevada','52159',53,'Mr.','premium'),(81,'Erick','Hammes','1999-09-02','Kuhlman Valleys','West Evan','Georgia','01960',23,'Dr.','premium'),(82,'Oceane','King','1967-02-22','Sporer Path','Lake Rigoberto','NewJersey','12718',56,'Ms.','imperia'),(83,'Hallie','Grant','1963-09-07','Marquardt Locks','Lake Anaport','Tennessee','48991',59,'Mr.','imperia'),(84,'Ericka','Wintheiser','1988-10-08','Schuster Ramp','Satterfieldton','Wisconsin','83730',34,'Prof.','premium'),(85,'Johnpaul','Gleason','1955-07-28','Lowe Rapid','Fadelmouth','Utah','71134',67,'Mr.','imperia'),(86,'Pascale','Rice','1970-01-22','Pedro Brook','Bobbyhaven','Georgia','34197',53,'Ms.','imperia'),(87,'Neil','Prosacco','1957-10-25','Langworth Burgs','Lake Rahulmouth','Nebraska','02303-5706',65,'Prof.','premium'),(88,'Jolie','Bernier','1995-09-25','Deckow Lane','Laurianneport','Hawaii','45997-6672',27,'Mrs.','regular'),(89,'Ena','Lind','1996-09-13','Marcelino Burg','Greenfelderfort','NewHampshire','09684-9786',26,'Prof.','regular'),(90,'Eddie','Lind','1983-02-20','Carter Terrace','Eldoraville','Florida','83502',40,'Ms.','premium'),(91,'Raoul','Greenfelder','2003-04-03','Collins Unions','South Shaylee','Idaho','22808-5274',19,'Mr.','regular'),(92,'Dimitri','Skiles','1972-07-10','Ziemann Street','Letitiastad','Missouri','69447',50,'Mrs.','imperia'),(93,'Jarvis','Gibson','1962-05-14','Herman Radial','Paucekport','Montana','98482-5385',60,'Miss','regular'),(94,'Malika','Skiles','1989-02-28','Lincoln Alley','Klinghaven','Kentucky','19881',34,'Ms.','imperia'),(95,'Casandra','Adams','1959-09-07','Frederik Harbor','Elliottfort','District of Columbia','68911',63,'Dr.','premium'),(96,'Nella','Cole','2001-09-10','Funk Radial','South Jakob','Utah','34148-4677',21,'Mrs.','regular'),(97,'Coby','Bins','1983-02-27','Berenice River','New Delpha','Louisiana','39364-7311',40,'Ms.','premium'),(98,'Jany','Mraz','1972-05-04','Gorczany Radial','McGlynnmouth','RhodeIsland','81508',50,'Mrs.','premium'),(99,'Milo','O\'Connell','2001-08-24','Jayce Plains','Sanfordland','Connecticut','30498-1342',21,'Dr.','premium'),(100,'Felipe','Gutmann','1952-03-01','Allison Falls','Clintland','Missouri','34360-5207',71,'Mrs.','regular'),(101,'Janessa','Grady','1975-09-03','Jody Way','North Mistyton','Kansas','10462',47,'Dr.','imperia'),(102,'Zackary','Rutherford','1950-11-27','Mya Manor','Blickfort','Idaho','69222',72,'Miss','premium'),(103,'Everardo','Batz','1991-01-03','Morton Track','East Clare','NorthDakota','71828-0809',32,'Dr.','premium'),(104,'Annamarie','Murray','1969-06-06','Nia Corners','Port Elsaland','Iowa','60666-2470',53,'Dr.','regular'),(105,'Danial','Doyle','1950-10-13','Georgette Trail','Timmyborough','Utah','86761-0415',72,'Ms.','imperia'),(106,'Maryjane','Kemmer','1955-10-30','Gutkowski Rapid','Wolfmouth','Alabama','49610',67,'Prof.','regular'),(107,'Camron','Koepp','1958-05-17','Logan Junction','East Louie','SouthDakota','51653-7278',64,'Prof.','premium'),(108,'Ignacio','Kohler','1985-10-13','Purdy Park','East Rodgerberg','Maryland','26525',37,'Mr.','regular'),(109,'Jon','Murphy','1948-07-05','Alexys Isle','West Averyborough','District of Columbia','36650',74,'Dr.','premium'),(110,'Claire','Bergstrom','1967-04-03','Kihn Curve','Kiarabury','Florida','91685-1985',55,'Dr.','imperia'),(111,'Reymundo','Ritchie','1986-01-24','Erik Pass','Port Ubaldoside','Arkansas','27494-8688',37,'Dr.','premium'),(112,'Roxanne','Fay','1989-11-07','Muriel Trail','McGlynnfort','SouthCarolina','47869-7591',33,'Prof.','imperia'),(113,'Gregoria','Durgan','1952-11-03','Koepp Squares','Toyview','Utah','96186',70,'Dr.','premium'),(114,'Geovany','Weimann','1978-11-15','Cruz Stravenue','South Zackaryfort','Illinois','32390-3766',44,'Dr.','premium'),(115,'Lenore','Abernathy','1962-09-29','Maria Knolls','Chelseyton','Nevada','25326',60,'Prof.','regular'),(116,'Kraig','Feil','1984-09-18','Henriette Field','South Margaritahaven','Florida','42293-3508',38,'Mrs.','imperia'),(117,'Sally','Johnston','1979-04-11','McClure Well','Waltonmouth','Nevada','57285-9134',43,'Prof.','imperia'),(118,'Candelario','Bahringer','1960-04-13','Aryanna Knolls','Williamsonberg','Utah','09157',62,'Mr.','regular'),(119,'Ruthe','Larkin','1971-09-17','Lakin Trail','Heaneyberg','Delaware','89287',51,'Dr.','imperia'),(120,'Casandra','Nader','2006-03-25','Shaniya Square','South Augustine','Pennsylvania','86809',16,'Mr.','premium'),(121,'Hollie','Pouros','1999-03-06','Eleonore Forks','East Martine','Tennessee','02278',24,'Miss','premium'),(122,'Jadyn','Grant','1985-09-13','Trace Prairie','Lake Joshua','Hawaii','00939-7960',37,'Miss','imperia'),(123,'Florence','Schuppe','1992-06-09','Moen Parkways','Kohlershire','Hawaii','68414',30,'Mr.','premium'),(124,'Opal','Rohan','1961-08-12','Daniel Radial','New Edwinhaven','NewHampshire','30076-0156',61,'Mr.','regular'),(125,'Tyrese','Reichert','1968-05-16','Daisha Shoals','North Elijah','Utah','98441-2403',54,'Miss','premium'),(126,'Helen','Yost','1999-08-01','Parisian Landing','Kilbackland','Pennsylvania','38815',23,'Ms.','regular'),(127,'Casey','Brakus','1983-11-08','Gorczany Highway','South Ernestofort','Louisiana','04367',39,'Ms.','premium'),(128,'Tevin','Herzog','1950-07-22','Francis Plaza','Lake Alfredo','Texas','86386',72,'Dr.','imperia'),(129,'Mattie','Goldner','1998-06-03','Kavon Passage','Luettgenfurt','Nevada','67080',24,'Prof.','imperia'),(130,'Eva','Zboncak','1992-04-29','Hattie Throughway','Lake Deltastad','NewYork','98866-2576',30,'Miss','imperia'),(131,'Kavon','Nikolaus','2002-02-02','Johnston Forges','Schoenton','Maine','59790',21,'Mr.','premium'),(132,'Lisette','Gerhold','1993-05-05','Magdalen Rest','Port Kieraview','Kansas','51046',29,'Mr.','imperia'),(133,'Celine','Schneider','1999-06-11','Prohaska Light','Hollieton','Missouri','70443',23,'Dr.','imperia'),(134,'Savion','Fisher','1959-09-10','Elfrieda Island','Carterfurt','RhodeIsland','76175',63,'Dr.','regular'),(135,'Saul','Yundt','1988-05-07','Davon Point','New Wilfordstad','Indiana','41080',34,'Mr.','premium'),(136,'Elmore','Beier','1981-04-15','Dare Port','South Millieland','Idaho','48914',41,'Ms.','imperia'),(137,'Trevor','Erdman','1982-10-27','Lynch Coves','Lake Krista','Massachusetts','19717',40,'Ms.','premium'),(138,'Zakary','Hackett','1956-04-16','Alisa Meadows','Powlowskiton','Nevada','72686',66,'Ms.','regular'),(139,'Bridget','Hintz','2002-10-17','Altenwerth Terrace','East Sheldonchester','Maryland','82861-9536',20,'Dr.','imperia'),(140,'Joaquin','Runolfsson','1966-06-03','Langosh Causeway','West Katrinetown','Wisconsin','31609',56,'Dr.','imperia'),(141,'Helena','Donnelly','1950-02-15','Glover Pines','Collinsshire','NewYork','46919-2730',73,'Mrs.','premium'),(142,'Cecilia','Borer','1997-10-06','Mann Mount','Bodefurt','Delaware','54243-2221',25,'Mrs.','premium'),(143,'Ellsworth','Hermann','1978-04-17','Beer Keys','South Ianside','NewMexico','17895',44,'Dr.','premium'),(144,'Clementine','Runolfsson','1988-01-30','Sanford Locks','Rebekafurt','Utah','94344-1736',35,'Mrs.','premium'),(145,'Jeffrey','Crist','1963-07-20','Bradly Viaduct','West Edmundmouth','Washington','51746-9204',59,'Mr.','imperia'),(146,'Milan','Zieme','1990-12-12','Fisher Underpass','Ozellaton','Wyoming','82737',32,'Prof.','premium'),(147,'Isabel','Hermiston','1957-09-05','Misty Square','North Eve','Michigan','30271-2395',65,'Dr.','regular'),(148,'Melvina','Armstrong','1965-04-06','Morar Mission','Vonside','Wisconsin','76246',57,'Dr.','regular'),(149,'Danika','Altenwerth','2004-04-30','Michel Flats','Adamston','Wyoming','02514-3503',18,'Mrs.','premium'),(150,'Susie','Reynolds','1975-09-13','Annette Villages','South Hank','SouthCarolina','67317',47,'Miss','premium'),(151,'Icie','Stroman','1956-08-13','Bashirian Plaza','South Mateoside','Minnesota','71562',66,'Ms.','premium'),(152,'Colt','Kreiger','1977-06-12','Marquardt Burgs','Krystinaborough','Florida','40910-1495',45,'Mrs.','premium'),(153,'Jayne','Smith','1962-02-27','Louvenia Spurs','Port Earnestport','Kansas','39953-5619',61,'Prof.','imperia'),(154,'Margot','Gleason','1963-09-24','Jast Port','Port Llewellynview','Oklahoma','99128-1304',59,'Prof.','imperia'),(155,'Sigmund','Rempel','1967-10-15','Ken Mountain','Arturoview','Louisiana','77597-9018',55,'Ms.','premium'),(156,'Daryl','Emard','1953-06-05','Haag Lake','Lake Franciscaville','Texas','15218',69,'Ms.','regular'),(157,'Otha','Beier','1979-11-22','Kerluke Course','Lake Makenzie','Washington','97778',43,'Prof.','imperia'),(158,'Genesis','Conroy','1973-12-13','Kilback Streets','Lake Sigmund','Utah','03106-9379',49,'Prof.','premium'),(159,'Joyce','Abshire','1968-02-04','Issac Haven','Port Jodie','Utah','65322-1059',55,'Ms.','regular'),(160,'Helena','Kiehn','1986-01-31','Brown Manors','Port Heloise','California','25504',37,'Dr.','premium'),(161,'Nicholaus','Jacobson','2002-09-27','Rylan Ridge','Camrenstad','Colorado','18350',20,'Ms.','premium'),(162,'Chanel','Zboncak','1997-08-26','Kuhn Court','Devynstad','Washington','80508',25,'Prof.','imperia'),(163,'Norval','Adams','1985-02-20','Bins Corner','Port Gwendolyn','Hawaii','57620-2606',38,'Miss','premium'),(164,'Karolann','Baumbach','1955-02-21','Greenfelder Meadows','New Raleighside','NewHampshire','59927-5000',68,'Mrs.','premium'),(165,'Frederic','White','1958-10-12','Runolfsdottir Land','Jaronborough','NewHampshire','55441-7441',64,'Prof.','premium'),(166,'Eve','Johnson','1989-06-18','Spencer Mill','Lake Alessandrofurt','Wisconsin','31468-2343',33,'Mr.','imperia'),(167,'Hal','Kovacek','1995-01-08','Delphia Locks','Xzavierhaven','NorthDakota','52227',28,'Mrs.','imperia'),(168,'Cortez','Farrell','1990-02-11','Maggio Radial','Runteburgh','NewJersey','76318',33,'Miss','premium'),(169,'Mazie','Braun','1976-03-18','Emanuel Ville','Lake Uriel','Pennsylvania','91789',47,'Mrs.','imperia'),(170,'Myles','Smitham','1955-05-20','Ashlynn Canyon','South Edwardshire','NorthDakota','96321-1678',67,'Prof.','imperia'),(171,'Jayda','Armstrong','1981-11-02','Stracke Islands','Dibbertborough','Missouri','44772-8053',41,'Prof.','imperia'),(172,'Jadon','Friesen','2004-12-18','Ward Hill','Lake Gennaro','Idaho','46124',18,'Prof.','regular'),(173,'Wayne','Cummings','1960-12-28','Amani Plains','Wittingmouth','Mississippi','69015-7249',62,'Prof.','regular'),(174,'Donato','Maggio','1950-09-24','Pagac Plains','South Kavonview','California','60384',72,'Mr.','regular'),(175,'Elnora','Schuppe','2003-08-04','Okuneva Isle','Schuylerport','NewYork','86402',19,'Prof.','imperia'),(176,'Sigrid','Denesik','1961-08-30','Renner Hill','Ricehaven','Wisconsin','97424',61,'Miss','imperia'),(177,'Kailee','Jerde','2003-12-12','Olin Lodge','Heberhaven','Michigan','62123',19,'Mr.','regular'),(178,'Dolly','Torphy','1978-06-07','Ford Orchard','Port Mathew','Pennsylvania','91253',44,'Dr.','regular'),(179,'Augustus','Schultz','1980-09-25','Reichert Underpass','Ferryburgh','Arkansas','21740-2275',42,'Mrs.','imperia'),(180,'Ashleigh','Prohaska','1948-04-10','Prosacco Ports','West Rosemarie','Alabama','59033-9261',74,'Ms.','imperia'),(181,'Billy','Murphy','2000-02-17','Crooks River','Domenichaven','Arizona','31069',23,'Dr.','premium'),(182,'Alyson','Huels','1999-03-31','Salvador Motorway','Lake Eribertofort','Alaska','90990',23,'Dr.','premium'),(183,'Tyreek','Paucek','1962-06-09','Einar Valley','New Danyka','Minnesota','09411-7151',60,'Mr.','premium'),(184,'Fleta','Shields','1995-04-25','Giuseppe Cape','Angelfurt','Arizona','58236',27,'Dr.','imperia'),(185,'Jacquelyn','Miller','1969-02-25','Lueilwitz Lakes','Langoshview','Wisconsin','45507',54,'Miss','imperia'),(186,'Mckenzie','Hermann','1992-07-22','Burdette Views','Finnview','NorthCarolina','35408-4992',30,'Dr.','premium'),(187,'Dee','Bogan','1957-09-18','Pacocha Forest','Lake Rylanberg','Colorado','55118',65,'Dr.','imperia'),(188,'Belle','Treutel','1963-04-19','David Land','Patriciabury','Missouri','20818',59,'Ms.','premium'),(189,'Vern','Fahey','1993-02-06','Kailyn Glens','Devonteburgh','NewJersey','66805',30,'Miss','premium'),(190,'Angel','Cruickshank','1953-03-31','Sanford Curve','Ziemannhaven','Florida','90148',69,'Mrs.','imperia'),(191,'Benton','Dietrich','1955-05-25','Satterfield Landing','North Corbin','Kentucky','90679-1902',67,'Miss','regular'),(192,'Kyla','Auer','1975-03-22','Kerluke Isle','Port Mohammed','Connecticut','76759',47,'Mrs.','imperia'),(193,'Sabrina','Upton','1954-06-05','Jairo Fork','Gonzaloville','Idaho','07633-2028',68,'Prof.','imperia'),(194,'Irwin','Mraz','1981-01-16','Bianka Harbor','Cordiemouth','California','98320-4482',42,'Dr.','imperia'),(195,'Elouise','Harris','1970-02-27','Wehner Summit','West Hollyhaven','District of Columbia','05447-0635',53,'Miss','regular'),(196,'Lorna','Marvin','1990-08-02','Yvette Turnpike','West Saraiport','Oklahoma','62937-2683',32,'Ms.','premium'),(197,'Zoe','Lakin','1963-10-13','Rolfson Trail','Ernestineberg','Massachusetts','04629',59,'Mr.','premium'),(198,'Libby','Hills','1961-10-13','Cloyd Ranch','Powlowskimouth','NorthDakota','82490',61,'Mrs.','imperia'),(199,'Rigoberto','Lockman','2002-10-14','Gardner Underpass','New Maymiefurt','Connecticut','49301',20,'Dr.','imperia'),(200,'Kelli','Murazik','1951-12-27','Mayert Ford','Andersontown','SouthCarolina','73882-6587',71,'Prof.','premium'),(201,'Pauline','Ward','1986-04-29','Abner Inlet','East Adaview','Louisiana','70504',36,'Dr.','regular'),(202,'Angela','Homenick','1978-07-16','Stiedemann Fall','Odellfort','Minnesota','29099-8450',44,'Mr.','regular'),(203,'Dwight','Auer','1996-01-18','Barton Highway','North Ralph','Vermont','44078-5295',27,'Dr.','regular'),(204,'Dimitri','West','1999-03-05','Kennith Corners','Port Delphine','NorthDakota','20290-2418',24,'Mrs.','regular'),(205,'Teagan','Emard','1977-12-31','Henri Junctions','South Dudley','Missouri','91463-9923',45,'Mr.','regular'),(206,'Javon','Turcotte','1994-12-06','Emmerich Lock','South Judechester','Missouri','79061-9206',28,'Prof.','imperia'),(207,'Beulah','Schuppe','1972-01-12','Roberts Mews','East Delphia','Kansas','78181-1890',51,'Ms.','premium'),(208,'Myron','Connelly','1984-05-26','Johnathon Lake','Port Delilahfurt','Massachusetts','79455',38,'Dr.','imperia'),(209,'Gunnar','Oberbrunner','1951-08-21','Libby Junction','New Audreyhaven','Alaska','36487',71,'Mrs.','regular'),(210,'Fausto','Tremblay','1988-08-05','Opal Forge','Labadieville','Wyoming','92684-1245',34,'Dr.','regular'),(211,'Kaitlyn','Borer','1950-06-07','Raynor Run','Schroedershire','Indiana','52144-0818',72,'Prof.','imperia'),(212,'Sherman','Graham','1970-03-22','Lilyan Vista','Ashtyntown','Colorado','26075',52,'Prof.','regular'),(213,'Destini','Rutherford','1982-04-12','Frida Brook','New Ninafurt','Georgia','38902',40,'Prof.','regular'),(214,'Maximo','Wolf','1956-01-09','Willms Springs','Lefflerport','RhodeIsland','99485-9853',67,'Prof.','imperia'),(215,'Frankie','Cruickshank','1963-07-01','Muriel Square','Guidohaven','Delaware','35722',59,'Dr.','premium'),(216,'Muhammad','Dickinson','1949-08-31','Ward Lakes','Helenaburgh','WestVirginia','09204-2376',73,'Ms.','regular'),(217,'Frederique','Welch','1950-08-26','Weldon Burgs','Edisonhaven','California','67160',72,'Ms.','regular'),(218,'Demarco','Green','2006-07-08','Marquardt Track','Cruickshankbury','Massachusetts','38942-6569',16,'Mrs.','regular'),(219,'Stone','Will','1948-08-02','Dach Key','Willybury','Vermont','22146-7915',74,'Miss','regular'),(220,'Oda','West','2000-05-16','Klein Glens','East Sheridan','Mississippi','93775-5427',22,'Dr.','imperia'),(221,'Patrick','Kuvalis','2005-12-14','Bechtelar Turnpike','East Monroe','Delaware','09795-6281',17,'Ms.','premium'),(222,'Wilhelmine','Casper','1973-08-12','Cornell Junction','Bernhardmouth','SouthCarolina','25727-5483',49,'Prof.','regular'),(223,'Arne','Hessel','1986-02-16','Barrows Camp','Nicolaview','Maryland','35174',37,'Dr.','imperia'),(224,'Effie','Schultz','1978-01-19','Bertram View','Pattieville','Louisiana','74319-4353',45,'Prof.','imperia'),(225,'Rubye','Ondricka','1964-02-25','Chanel Plaza','Feeneyland','Wisconsin','39901',59,'Prof.','premium'),(226,'Dell','Franecki','1962-01-20','Cooper Street','Wintheiserport','Mississippi','97677',61,'Mrs.','imperia'),(227,'Keon','Durgan','1976-01-30','Ethel Island','Luishaven','NewHampshire','93568-1480',47,'Dr.','premium'),(228,'Alena','Luettgen','1975-05-08','Salma Light','Cathyshire','Georgia','39569-3231',47,'Mrs.','regular'),(229,'Syble','Labadie','1975-06-11','Bradley Extension','South Moisesberg','RhodeIsland','74724',47,'Prof.','premium'),(230,'Opal','West','1970-01-05','Lysanne Mountains','East Jovany','Utah','64289-2430',53,'Mr.','regular'),(231,'Maryjane','Abernathy','2001-12-06','Marvin Vista','Nathanielhaven','Arkansas','40168',21,'Miss','regular'),(232,'Georgette','Predovic','1991-01-01','Daniel Ferry','North Juniustown','Oregon','07593',32,'Ms.','imperia'),(233,'Mauricio','Kertzmann','1960-12-23','Simonis Mount','Keelyville','Utah','25778',62,'Ms.','imperia'),(234,'Eduardo','Price','1963-03-13','Quitzon Points','New Ardella','NorthCarolina','64963',60,'Mr.','premium'),(235,'Ansley','Greenholt','1974-03-31','Purdy Streets','Halvorsonbury','California','47744',48,'Dr.','premium'),(236,'Kelton','Mills','1988-08-18','Brekke Viaduct','Daughertyville','Delaware','60255-2899',34,'Dr.','imperia'),(237,'Ernestina','Goldner','1967-09-22','Ferne Terrace','South Emeliashire','RhodeIsland','76836-8519',55,'Mr.','imperia'),(238,'Ben','Schroeder','1980-07-17','Vernon Vista','Port Junehaven','Texas','56172-1902',42,'Mrs.','imperia'),(239,'Ervin','Bradtke','1970-12-15','Padberg Prairie','East Keeganview','Idaho','75704-6669',52,'Ms.','imperia'),(240,'Allison','Bahringer','1955-02-11','Rosenbaum Summit','Brendachester','District of Columbia','50303-5744',68,'Miss','premium'),(241,'Demario','Dooley','1950-07-29','Stoltenberg Stream','Solonberg','Georgia','94563-1561',72,'Mr.','premium'),(242,'Gilbert','Powlowski','1978-01-07','Tony Island','Port Annettatown','Alabama','06864',45,'Ms.','regular'),(243,'Joe','Hettinger','1987-12-06','Reanna Shore','Juliannefurt','Alabama','11604',35,'Prof.','imperia'),(244,'Arnulfo','Mertz','1995-07-07','Tremblay Cliff','Port Cleveburgh','Nebraska','66076-9433',27,'Prof.','premium'),(245,'Brendon','Feeney','1981-09-12','Carter Route','Naderstad','SouthDakota','10117',41,'Mr.','imperia'),(246,'Flo','Berge','2003-04-15','Schmitt Harbor','Port Kip','NorthCarolina','82272-0878',19,'Dr.','premium'),(247,'Bernie','Harvey','1989-07-31','Stiedemann Dale','North Jameson','SouthDakota','12055-9450',33,'Dr.','imperia'),(248,'Haylie','Boyer','2005-11-23','Daren Bypass','West Emilbury','Colorado','69753',17,'Mr.','regular'),(249,'Myra','Hagenes','1948-02-10','Lindsay Drive','Port Etha','Iowa','86912',75,'Ms.','premium'),(250,'Allen','Beahan','2001-01-08','Ferne Unions','Lake Vicky','Wyoming','08823',22,'Dr.','premium'),(251,'Noemie','Tromp','1996-01-25','Ryan Corner','Hesselborough','Georgia','22657-4361',27,'Ms.','premium'),(252,'Tracy','Harber','1948-09-06','Kiehn Plains','West Gordon','Montana','58967',74,'Prof.','regular'),(253,'Douglas','Weissnat','1975-08-04','Terry Canyon','Botsfordton','Wyoming','24196',47,'Mr.','imperia'),(254,'Erik','Nikolaus','1962-10-07','Eli Keys','Gilbertostad','Colorado','80452',60,'Ms.','premium'),(255,'Tomasa','Yost','1999-10-10','Barrows Rue','Lake Sydnee','Minnesota','49256-7708',23,'Prof.','imperia'),(256,'Murphy','Beahan','1971-10-27','Schroeder Highway','Cletahaven','Virginia','45763-0917',51,'Dr.','regular'),(257,'Ruby','Tromp','1972-01-15','Little Grove','Gulgowskiland','Georgia','24351',51,'Mr.','premium'),(258,'Elva','Kshlerin','1949-10-21','Gorczany Wall','North Heidiborough','Nebraska','49974-0169',73,'Ms.','premium'),(259,'Isabella','Mosciski','1978-12-06','Gerda Islands','East Kyraland','NewJersey','17384-5109',44,'Prof.','imperia'),(260,'Kaley','Koelpin','1949-06-21','Flatley Trace','North Pinkie','NorthDakota','29037-1413',73,'Prof.','premium'),(261,'Kieran','Kuphal','1992-09-20','Osinski Trafficway','Camdenshire','Wisconsin','36785-7241',30,'Dr.','imperia'),(262,'Gerard','Cole','1971-02-05','Ralph Overpass','Gradyview','Hawaii','01067-3587',52,'Prof.','regular'),(263,'Elnora','Rath','1964-11-16','Zboncak Parkway','Lake Alanburgh','Alabama','54058',58,'Mr.','regular'),(264,'Jamison','Vandervort','1989-09-27','Bethany Mountain','Champlinbury','SouthDakota','32093',33,'Mr.','premium'),(265,'Enola','Boyer','1983-04-21','Bins Oval','West Maxineville','NewYork','30488-2714',39,'Miss','regular'),(266,'Miles','Moen','1989-02-28','Shields Crossroad','North Fosterland','Ohio','64676',34,'Mr.','imperia'),(267,'Coy','Aufderhar','1988-05-28','Denis Wall','South Maynardborough','Hawaii','36999-7406',34,'Dr.','imperia'),(268,'Jocelyn','Bradtke','1971-12-13','Laurence Springs','North Elfrieda','Mississippi','07513-0403',51,'Dr.','regular'),(269,'Domenica','Will','1970-05-08','Jacobi Springs','Estrellaton','Arizona','13175',52,'Prof.','imperia'),(270,'Elizabeth','Hills','1956-06-10','Zboncak Vista','Micaelafurt','Michigan','89970',66,'Mr.','premium'),(271,'Christa','Hahn','1995-06-19','Jessyca Streets','Mantehaven','NewJersey','17779-4312',27,'Dr.','regular'),(272,'Adriel','Donnelly','1970-04-07','Jarvis Forges','South Skylar','WestVirginia','32406',52,'Miss','imperia'),(273,'Carolyne','Powlowski','1958-07-24','Ward Vista','Jovannyview','Arkansas','27916',64,'Miss','regular'),(274,'Antonio','Hartmann','1975-08-05','Maverick Squares','Jacobschester','Colorado','75510-6825',47,'Mr.','regular'),(275,'Nona','Beahan','1990-05-13','Mckayla Brooks','Stantontown','Michigan','55843-8775',32,'Prof.','premium'),(276,'Pearl','Cummerata','1963-02-15','Abbott Glen','East Gladys','Michigan','92875',60,'Dr.','regular'),(277,'Zola','Herzog','1995-12-19','Lyric Fork','New Berta','Connecticut','72905-3712',27,'Prof.','imperia'),(278,'Sincere','Gleichner','2003-09-25','Tina Road','Paxtonchester','NewYork','44215-1943',19,'Dr.','imperia'),(279,'Krystal','O\'Reilly','1991-04-05','Leanne Lane','Elwynfort','Michigan','63703-2237',31,'Dr.','premium'),(280,'Rosetta','Fisher','2004-06-10','Abbott Summit','Kozeyton','Illinois','44431',18,'Dr.','premium'),(281,'Andre','Kihn','1974-01-07','Bradtke Vista','Romaineland','Oklahoma','53751-3728',49,'Prof.','premium'),(282,'Mac','Borer','1962-11-04','Stehr Knoll','North Liza','NewHampshire','76358-4638',60,'Prof.','imperia'),(283,'Aditya','Hamill','1965-05-25','Clint Brooks','Kundebury','Montana','03276',57,'Mr.','premium'),(284,'Kole','Johnson','1980-06-07','Jannie Harbors','Daijaview','Pennsylvania','61778-1072',42,'Dr.','imperia'),(285,'Kaya','Lubowitz','1956-12-26','Bertrand Crescent','Scotbury','Oklahoma','24421',66,'Ms.','premium'),(286,'Rosetta','Weimann','1976-06-29','Cummings Landing','Cruickshankfurt','NewYork','39665',46,'Mr.','premium'),(287,'Michelle','Rowe','1948-04-18','Dylan Mountains','Lake Haydentown','Nevada','38306-4783',74,'Prof.','imperia'),(288,'Dallin','Brekke','1956-05-29','Gleichner Burgs','Lake Nelle','Colorado','89985',66,'Mr.','regular'),(289,'Christopher','O\'Reilly','1986-09-10','Doyle Stream','Port Dakotaside','Alaska','17558-8494',36,'Dr.','premium'),(290,'Elenora','Lowe','1951-02-28','Ayla Plains','Port Dejon','NewJersey','16356-1202',72,'Prof.','regular'),(291,'Johnson','Kuhlman','1968-02-08','Kathleen Well','West Ambrose','NewJersey','10068-9322',55,'Dr.','premium'),(292,'Georgianna','Wunsch','1982-11-23','Antoinette Ramp','Bradtkemouth','District of Columbia','63403-4965',40,'Mrs.','premium'),(293,'Athena','Sanford','1993-05-11','Aaliyah Pine','Tressaborough','SouthCarolina','69416-8203',29,'Mrs.','imperia'),(294,'Valentine','Smith','1979-01-22','Bernhard Shoals','New Miguelchester','Utah','19969',44,'Mr.','imperia'),(295,'Guido','Johnson','2005-06-13','Lemke Prairie','North Cristina','Washington','32884',17,'Prof.','regular'),(296,'Elliott','Price','1959-02-02','Stamm Place','North Jeremyfurt','Georgia','82000-9811',64,'Prof.','regular'),(297,'Alfonzo','Ritchie','1965-11-30','Dell Way','East Ryleytown','Colorado','99183',57,'Mrs.','premium'),(298,'Mozelle','Stanton','1978-04-07','Kassulke Spring','Murrayport','NewHampshire','86401',44,'Dr.','imperia'),(299,'Maverick','Gutmann','1975-07-31','Schmitt Cliffs','Vonchester','RhodeIsland','15308-6202',47,'Mr.','premium'),(300,'Kayleigh','Baumbach','1991-09-02','Quinten Motorway','Jermeyburgh','WestVirginia','19683',31,'Dr.','imperia'),(301,'Liliana','Romaguera','1967-03-30','Dannie Streets','Myahview','Texas','49283-2375',55,'Prof.','premium'),(302,'Colleen','Kunde','1994-07-27','Kirsten Glen','Port Alliechester','NewMexico','80770',28,'Prof.','imperia'),(303,'Michelle','Ratke','1964-08-02','Preston Springs','North Valentine','Illinois','95453',58,'Prof.','premium'),(304,'Erich','Herman','1986-07-20','Pansy Fall','Lake Dina','Arkansas','40721',36,'Dr.','regular'),(305,'Lorena','Emmerich','1971-01-21','Brannon Corners','Caleighborough','Alabama','40132-3260',52,'Prof.','regular'),(306,'Abner','Erdman','1962-08-26','Ratke Highway','Adelbertshire','Oregon','46779',60,'Prof.','premium'),(307,'Elinor','Corkery','1987-11-22','Nash Flat','Lonfurt','Michigan','65352',35,'Mrs.','imperia'),(308,'Abel','Beier','1997-07-24','Thompson Branch','Krismouth','Maine','28995',25,'Mr.','imperia'),(309,'Aisha','Emard','1986-08-18','Ondricka Rest','Vivienneville','Missouri','49389',36,'Prof.','premium'),(310,'Allison','Nienow','2002-01-23','Nolan Shoals','New Aidantown','Ohio','20341',21,'Mr.','regular'),(311,'Shyanne','Donnelly','2005-09-01','Christy Corner','Lauryfurt','RhodeIsland','98382-3576',17,'Prof.','regular'),(312,'Christa','Marquardt','1954-01-29','Shanahan Camp','Otisborough','Wisconsin','70098',69,'Mr.','regular'),(313,'Kamron','Kreiger','1954-07-16','Muller Glen','Bergemouth','Kentucky','35154-9882',68,'Mr.','premium'),(314,'Maybelle','Boehm','1961-04-21','Glenda Flats','Hilllview','NewMexico','38555-3043',61,'Miss','imperia'),(315,'Lester','Bruen','2006-07-04','Kozey Motorway','Beckerhaven','Tennessee','91870',16,'Mr.','regular'),(316,'Orval','Runte','1997-08-27','Camille Center','Lucindastad','NorthCarolina','88727',25,'Dr.','regular'),(317,'Billy','Sipes','1969-04-02','Bernice Manors','Port Cathrine','Alaska','25911-7616',53,'Dr.','regular'),(318,'Darryl','Lowe','1951-01-07','Runte Rapid','Naomiefurt','Ohio','04261-9341',72,'Dr.','premium'),(319,'Wilmer','Blick','1964-03-19','Lia Cliff','Conroyberg','Illinois','03691',58,'Mr.','regular'),(320,'Arnoldo','Hane','1967-11-11','Francisca Park','Lake Cyril','Iowa','35523',55,'Miss','regular'),(321,'Jesus','Towne','1992-12-30','Jacobson Wells','Port Tayaside','Florida','37868-9923',30,'Miss','regular'),(322,'Aaron','Roob','1978-07-04','McKenzie Shores','South Kattiemouth','Hawaii','24373',44,'Mr.','regular'),(323,'Delia','Jakubowski','1994-04-02','Cruickshank Prairie','Harberstad','Oklahoma','58320-7130',28,'Ms.','premium'),(324,'Jerrod','Kirlin','1971-07-22','Medhurst Meadows','Port Jayceeton','Indiana','45558',51,'Miss','premium'),(325,'Kacie','Herman','1995-09-28','Wolff Park','West Brettmouth','Wyoming','04320-2287',27,'Dr.','regular'),(326,'Mervin','Wisozk','2006-06-04','Johnny Springs','Port Carmela','Montana','92900-8355',16,'Ms.','imperia'),(327,'Roberta','Yundt','1977-04-24','Teagan Isle','Dinoburgh','Oklahoma','35451-5615',45,'Dr.','imperia'),(328,'Ernesto','Walsh','1982-01-09','Hilario Shore','Port Arjunside','Florida','99511',41,'Dr.','regular'),(329,'Austin','Sporer','1970-06-21','Reilly Gateway','Corrinemouth','Tennessee','20757',52,'Prof.','regular'),(330,'Jerry','Feest','1981-04-27','Emilia Centers','Lake Maude','Kansas','59735',41,'Mrs.','imperia'),(331,'Kiarra','Romaguera','1980-04-15','Eliza Cove','Demetrisport','Illinois','77923-5453',42,'Prof.','regular'),(332,'Broderick','Nikolaus','1978-08-17','Ruecker Throughway','East Jenaland','Iowa','44968',44,'Mr.','regular'),(333,'Karl','Lockman','1996-11-30','Malcolm Islands','Demetrisbury','Washington','00865-9408',26,'Prof.','regular'),(334,'Ruthie','Dach','1984-06-06','Abbott Mountain','West Demario','Michigan','90899-0185',38,'Prof.','regular'),(335,'Rita','Nolan','1978-01-13','Dell Spring','Dorisfort','Florida','66857-3038',45,'Miss','premium'),(336,'Mercedes','Skiles','1972-02-24','Jayme Divide','West Bryonfurt','Utah','30665-5303',51,'Dr.','premium'),(337,'Bridgette','Wyman','1980-01-31','Runolfsdottir Extensions','East Eldoraport','NewHampshire','94427',43,'Prof.','regular'),(338,'Freddy','Mosciski','1991-06-21','Grant Loop','North Ovaport','Oregon','62918',31,'Dr.','regular'),(339,'Luella','Parisian','1987-12-25','Kozey Islands','Evelynstad','Arkansas','04339',35,'Dr.','regular'),(340,'Euna','Schaefer','1962-11-09','Rau Forge','Spencerland','Kansas','35083',60,'Ms.','imperia'),(341,'Pierre','Yost','1999-03-19','Layne Village','New Naomieburgh','Massachusetts','27011-2970',23,'Ms.','premium'),(342,'Arden','Langosh','1948-05-19','Ondricka Alley','Kallietown','Alaska','52338',74,'Mrs.','imperia'),(343,'Hilton','Altenwerth','1975-09-25','Braun Dale','Gwenstad','SouthCarolina','14490',47,'Mrs.','premium'),(344,'Giovani','Fadel','1970-10-04','Denesik Locks','Legrosview','Indiana','88066-5687',52,'Dr.','premium'),(345,'Lucienne','Dickinson','1959-07-31','Effertz Dam','Port Adela','Tennessee','91677',63,'Prof.','premium'),(346,'Stephany','Kulas','1978-10-05','Nitzsche Lock','New Braulio','Arkansas','36110-9601',44,'Prof.','premium'),(347,'Rubie','Medhurst','1997-03-10','Beau Village','New Rafaelmouth','RhodeIsland','50615-5279',26,'Miss','premium'),(348,'Collin','Witting','2003-09-11','Wilkinson Track','Lake Demarcofurt','Illinois','92216',19,'Prof.','imperia'),(349,'Valerie','Pacocha','1961-04-27','Wolf Road','Neldashire','Florida','65248',61,'Mr.','imperia'),(350,'Myles','Dicki','1965-01-09','Casimer Vista','Novellaport','NorthCarolina','70763',58,'Mr.','premium'),(351,'Iva','Beier','1958-04-24','Rau Gateway','South Lorna','Indiana','43255',64,'Prof.','imperia'),(352,'Bianka','Gulgowski','1990-05-24','Hintz Hollow','Mayafurt','SouthCarolina','60628',32,'Prof.','imperia'),(353,'Kirsten','Koch','1997-04-07','Borer Forest','Royhaven','NewHampshire','15969-1427',25,'Dr.','premium'),(354,'Isabella','Barton','1986-04-26','D\'Amore Key','Jairoview','Iowa','05880-1882',36,'Prof.','premium'),(355,'Nya','Corkery','1968-12-29','Kilback Walk','Lake Anjali','Oklahoma','37704-2975',54,'Prof.','premium'),(356,'Leatha','Bartoletti','1956-11-15','Caden Valley','Port Haileytown','Maine','12770-7831',66,'Dr.','premium'),(357,'Ebony','Ryan','1974-08-20','Spencer Club','North Murphy','Montana','36815',48,'Prof.','imperia'),(358,'Jerad','Christiansen','1988-08-07','Fahey Points','Penelopeton','California','38516',34,'Ms.','premium'),(359,'Emmet','Adams','1955-05-07','Torphy Court','Brettport','Indiana','67296',67,'Dr.','imperia'),(360,'Matilde','Cummerata','1975-07-19','Euna Mall','Lake Elna','Wyoming','47028-2149',47,'Ms.','imperia'),(361,'Gisselle','Thiel','1994-11-16','Darian Plains','Ninaburgh','Idaho','64606',28,'Dr.','regular'),(362,'Immanuel','Quitzon','1962-11-29','Rosenbaum Junctions','Port Duane','NewMexico','64163',60,'Prof.','premium'),(363,'Shaylee','Labadie','1971-08-21','O\'Connell Wells','Salvatorehaven','NewMexico','85496',51,'Ms.','imperia'),(364,'Kali','Osinski','1994-02-16','Mosciski Course','West Reina','Arkansas','39124',29,'Prof.','imperia'),(365,'Jacinthe','Tremblay','1959-10-18','Shane Spring','Considineborough','NewMexico','52989',63,'Dr.','imperia'),(366,'Judd','Feeney','1977-02-04','Stoltenberg Cape','Vivienbury','Oklahoma','59459',46,'Mr.','imperia'),(367,'Logan','Quigley','1948-05-02','Schamberger Orchard','Ferryburgh','Idaho','32504',74,'Mrs.','imperia'),(368,'Euna','Beahan','1954-06-14','Zora Dam','South Jordy','Kansas','12423-9820',68,'Dr.','regular'),(369,'Lavonne','Wiza','1998-10-01','Herman Unions','West Aylaton','WestVirginia','51926',24,'Mr.','imperia'),(370,'Sarah','Lehner','1999-08-10','Ceasar Pike','Heathstad','NewJersey','60883',23,'Dr.','imperia'),(371,'Deon','Deckow','1948-11-16','Emard Freeway','New Cyril','Nebraska','68444',74,'Prof.','premium'),(372,'Kenyatta','Olson','2002-10-13','Kiara Rapids','Connberg','Idaho','31046',20,'Prof.','regular'),(373,'Astrid','Jacobson','1996-09-18','Wunsch Groves','South Triston','Pennsylvania','30607-8945',26,'Dr.','premium'),(374,'Gisselle','Feeney','1950-03-26','Schamberger Meadow','Metzstad','NewYork','56365-2049',72,'Dr.','imperia'),(375,'Amina','Bernier','1971-12-12','Hortense Bypass','Murphyfurt','Oklahoma','37323',51,'Dr.','regular'),(376,'Alfreda','Wiza','1963-06-06','Camryn Key','Estellaport','Minnesota','16331-1901',59,'Mr.','regular'),(377,'Lucy','Larson','1982-09-14','Kunde Common','Lake Eudora','RhodeIsland','31412',40,'Mr.','imperia'),(378,'Reece','O\'Hara','1949-04-09','Rolfson Ports','Abechester','Colorado','89145',73,'Mr.','premium'),(379,'Shemar','Bayer','1987-08-06','Feil Grove','Bettyeburgh','Wisconsin','72126',35,'Prof.','premium'),(380,'Else','Treutel','1964-07-22','Ignacio Brook','Lake Mosesberg','Michigan','98543-6301',58,'Miss','premium'),(381,'Gregg','Greenholt','1949-02-09','Zachary Vista','Trompview','Idaho','49891',74,'Dr.','premium'),(382,'Micaela','Fritsch','1965-03-16','Fahey Radial','South Antoinetteville','Virginia','60486',58,'Dr.','imperia'),(383,'Carson','Conroy','1998-09-22','Smitham Centers','New Ray','SouthDakota','25125',24,'Mr.','imperia'),(384,'Abel','Crist','1994-01-13','Wolf Creek','Henristad','Ohio','91120-7405',29,'Mr.','regular'),(385,'Laurine','Homenick','1953-06-29','Pfeffer Mission','Turcotteshire','Maine','00371',69,'Mrs.','premium'),(386,'Bettye','Romaguera','1952-11-26','Rafael Lodge','Valentineburgh','Colorado','26485-0215',70,'Dr.','premium'),(387,'Daryl','Parker','1949-02-07','Maggio Trail','North Vesta','SouthCarolina','82997',74,'Dr.','imperia'),(388,'Gunnar','Mann','1997-12-15','Goldner Cove','Lake Cyril','Michigan','52671-0915',25,'Miss','regular'),(389,'Marcos','Bode','1998-12-15','Macejkovic Mills','Daughertyberg','Alabama','98074-6637',24,'Mr.','imperia'),(390,'Conor','Dickinson','1992-03-28','Abshire Lock','West Kayceemouth','Mississippi','38388',30,'Mrs.','premium'),(391,'Adrienne','Effertz','1972-02-01','Zboncak Turnpike','New Tiffany','Washington','99976',51,'Prof.','premium'),(392,'Reva','Lindgren','1983-01-03','Napoleon Meadows','Colinburgh','Georgia','43406-7431',40,'Mr.','regular'),(393,'Crawford','Satterfield','2006-05-18','Berge Cliff','East Evan','Louisiana','34225-4010',16,'Prof.','regular'),(394,'Shanny','Frami','2000-07-12','Schoen Course','East Gabrielleshire','Texas','20574-7266',22,'Miss','imperia'),(395,'Robyn','Grady','1949-04-09','Beatty Forges','Rubenbury','Florida','81583-3500',73,'Dr.','regular'),(396,'Timmy','Macejkovic','2006-03-11','Mckayla Springs','Francescaville','Arizona','92192',17,'Miss','regular'),(397,'Shanny','Lynch','2007-01-27','Greenholt Crossing','Blockland','Michigan','54880',16,'Dr.','imperia'),(398,'Eve','McDermott','1996-06-08','Gibson Manors','South Myriamstad','Iowa','64994',26,'Prof.','imperia'),(399,'Vaughn','Gutmann','1996-03-10','Bernier Locks','Ritaborough','SouthCarolina','11312',27,'Mr.','regular'),(400,'Marlee','Larkin','1963-09-25','Bechtelar Unions','Presleystad','NorthDakota','08154-9061',59,'Dr.','premium'),(401,'Rudolph','Steuber','1993-05-02','Isabella Flats','South Corymouth','Tennessee','35556-8718',29,'Prof.','premium'),(402,'Ardella','Champlin','1982-01-04','Gaetano Rapid','East Mikaylastad','NorthCarolina','65767',41,'Dr.','imperia'),(403,'Birdie','Howe','1982-04-27','Jenkins Lane','Eldonland','District of Columbia','20520-1583',40,'Dr.','imperia'),(404,'Vivian','Emmerich','2000-04-29','Amy Junctions','South Coralie','Maryland','81669-1258',22,'Dr.','imperia'),(405,'Vallie','Schuppe','1967-08-13','Dickinson Knoll','Aleenfurt','Oklahoma','37734-0829',55,'Dr.','regular'),(406,'Laila','Murphy','1962-03-04','Konopelski Squares','South Maynard','Washington','96095-2174',61,'Prof.','imperia'),(407,'Raina','Reichert','1970-10-25','Jacobi Forest','Winonafurt','Georgia','47140',52,'Miss','premium'),(408,'Brennon','Lindgren','1978-04-01','Enos Bridge','Port Terencebury','Georgia','25046-9736',44,'Prof.','imperia'),(409,'Fredy','Gutkowski','1998-09-23','Francis Place','East Billie','Oklahoma','73250-4087',24,'Mr.','imperia'),(410,'Benton','Boehm','1978-10-13','Matteo Corner','Lurlinefort','Iowa','98115',44,'Mrs.','regular'),(411,'Kristian','Bechtelar','1974-10-31','Schultz Village','Macyburgh','Florida','33122',48,'Dr.','imperia'),(412,'Jay','Pfeffer','1961-05-23','Welch Route','Millsmouth','NorthDakota','76586',61,'Dr.','premium'),(413,'Van','Kris','1992-03-20','Hyatt Underpass','New Angelina','Mississippi','59096',30,'Dr.','imperia'),(414,'Matt','D\'Amore','1969-06-04','Rodriguez Lakes','New Edna','Louisiana','25565',53,'Mrs.','premium'),(415,'Wyman','Rowe','1990-08-09','Emard Shore','New Dee','Illinois','82050-4273',32,'Prof.','premium'),(416,'Lyla','Nader','2003-06-17','Stracke Ville','Chadrickshire','WestVirginia','33566-0299',19,'Dr.','imperia'),(417,'Chandler','Kunze','1948-10-17','Nick Courts','South Rafaelastad','Alaska','33756-2242',74,'Mrs.','regular'),(418,'King','Wiegand','1964-11-22','Boyle Rapid','Port Benedict','District of Columbia','31304',58,'Prof.','imperia'),(419,'Emily','Ritchie','1952-02-05','Chanelle Oval','West Hyman','NorthCarolina','75419',71,'Miss','regular'),(420,'Malinda','Dibbert','1961-08-02','Maximus Well','Gloverhaven','Wisconsin','41992-8127',61,'Miss','imperia'),(421,'Alta','Christiansen','1984-08-16','Wilhelmine Lake','Darwinfort','Illinois','12245',38,'Ms.','imperia'),(422,'Mateo','Nicolas','1958-03-31','Corkery Plain','Gusikowskimouth','District of Columbia','21080-0809',64,'Mrs.','imperia'),(423,'Jailyn','Hilll','1983-03-02','Feest Ville','Eduardoport','Iowa','57041-6030',40,'Dr.','premium'),(424,'Marjory','Feeney','2002-02-07','David Divide','Port Jonview','Tennessee','96440-4845',21,'Dr.','regular'),(425,'Sylvester','Gutkowski','1956-12-19','Sheila Mountain','South Dolly','Georgia','14700',66,'Dr.','imperia'),(426,'Dane','Heaney','1964-11-22','Breana Plains','North Keyshawnshire','NewHampshire','55060-4161',58,'Prof.','premium'),(427,'Mackenzie','Dietrich','1994-05-19','Sabrina Manor','Nickport','Wyoming','52685',28,'Mrs.','premium'),(428,'Hassie','Rau','1954-09-12','Maxwell Green','Darrionfort','RhodeIsland','38998',68,'Prof.','regular'),(429,'Hope','Purdy','1953-12-05','McLaughlin Dam','New Thea','Maryland','78478',69,'Ms.','regular'),(430,'Gonzalo','Batz','1996-12-15','Haley Valley','West Rubie','Illinois','99225-9272',26,'Dr.','regular'),(431,'Brandyn','Spencer','1985-12-27','Effertz Mount','Lillytown','Colorado','96473',37,'Ms.','premium'),(432,'Desiree','Wolf','1970-12-11','O\'Keefe Square','Runolfsdottirmouth','Nebraska','50860',52,'Miss','imperia'),(433,'Yvette','Corkery','1997-03-29','Rosemarie Pines','North Colt','Tennessee','55877',25,'Mr.','imperia'),(434,'Manuela','Haag','2004-02-06','Lempi Summit','Kaitlynborough','Illinois','10661',19,'Dr.','premium'),(435,'Nakia','Fisher','1983-01-10','Ferry Walks','Quintonport','Massachusetts','09386-3751',40,'Prof.','imperia'),(436,'Earnest','Donnelly','1984-10-27','Mylene Heights','Nestorberg','RhodeIsland','27615',38,'Ms.','imperia'),(437,'Shyann','Morissette','1949-02-17','Brekke Station','South Lorenz','Louisiana','40549',74,'Dr.','imperia'),(438,'Carlie','Gibson','1961-06-05','Gage Expressway','West Gloriachester','Oregon','08808',61,'Dr.','regular'),(439,'Virgil','Schiller','2006-05-23','Little Island','East Adrain','Arkansas','08082',16,'Prof.','premium'),(440,'Lemuel','Welch','2003-12-12','Kailyn Trail','South Michale','Illinois','10026-4464',19,'Dr.','imperia'),(441,'Nikita','Cole','1990-11-23','Walker View','East Giovanny','Indiana','63751',32,'Mrs.','premium'),(442,'Gardner','Wilderman','1966-06-23','Liza Mill','Emardmouth','Delaware','32634',56,'Dr.','imperia'),(443,'Luna','Hilll','1963-05-21','O\'Reilly Meadows','South Clementine','SouthCarolina','05420-5730',59,'Ms.','premium'),(444,'Olga','Schuster','1986-02-03','Spencer Cape','Gutmannfort','Michigan','20813',37,'Mr.','regular'),(445,'Kian','Simonis','1991-02-14','Conroy Divide','Vandervortborough','Utah','43347',32,'Dr.','regular'),(446,'Rosa','Corwin','1979-09-20','Columbus Estate','Port Alexandro','Missouri','46825-9159',43,'Miss','premium'),(447,'Whitney','Fahey','1977-01-10','Peter Run','Port Eldridge','Vermont','50935',46,'Dr.','premium'),(448,'Ora','Powlowski','1967-12-30','Camron Manor','Juliaborough','Nebraska','39056-5823',55,'Dr.','premium'),(449,'Reynold','Leffler','1954-03-22','Marcellus Knolls','West Jany','Hawaii','85627',68,'Mrs.','imperia'),(450,'Doug','Quitzon','1960-12-08','Olin Islands','Murraybury','RhodeIsland','56622-4561',62,'Miss','premium'),(451,'Annette','Connelly','1994-01-22','Dandre Pike','East Dannie','Arkansas','73166',29,'Mr.','regular'),(452,'Elmira','Mraz','1993-04-14','Rice Orchard','West Anissa','Arizona','43395',29,'Miss','premium'),(453,'Mollie','Rolfson','1994-09-20','Reichel Mount','Port Verdastad','NewHampshire','01759-7226',28,'Dr.','premium'),(454,'Dudley','Lehner','1949-02-07','Collins Springs','Port Aleen','Washington','60037',74,'Prof.','regular'),(455,'Roslyn','Bayer','1971-04-21','Raven Rapid','Donnieville','Minnesota','83063-9150',51,'Mr.','premium'),(456,'Marquis','Bashirian','1952-10-08','Britney Bridge','East Madelinestad','Idaho','45013-7464',70,'Prof.','regular'),(457,'Gloria','Kautzer','1948-12-26','Evert Run','Port Obie','Ohio','01408',74,'Prof.','premium'),(458,'Alejandra','Heller','1953-12-07','Nola Rapids','Marjoryburgh','NorthCarolina','78874-4535',69,'Prof.','imperia'),(459,'Sigrid','Prohaska','1975-01-23','Lurline Shoal','Lake Sammyton','Minnesota','33327',48,'Prof.','imperia'),(460,'Althea','Bosco','1989-04-28','Terrence Stravenue','East Conradshire','Delaware','10300',33,'Prof.','imperia'),(461,'Milford','Pacocha','1980-02-24','Pollich Highway','East Jamir','Virginia','43975-3673',43,'Miss','premium'),(462,'Natalia','Jakubowski','1987-02-21','Dillon Rest','Vestachester','Minnesota','99584',36,'Dr.','imperia'),(463,'Lola','Murray','1950-11-09','Kuhn Haven','Leschland','SouthCarolina','86831-5094',72,'Dr.','regular'),(464,'Destin','Weber','1963-11-10','Mohr Squares','North Dawnburgh','Nevada','85743',59,'Dr.','regular'),(465,'Camylle','Ledner','1950-11-20','Orn Cliff','New Raven','Kansas','14811-6359',72,'Mr.','regular'),(466,'Stephania','Erdman','1988-04-15','Gunner Summit','Tillmanberg','NewHampshire','21916',34,'Prof.','regular'),(467,'Heather','Stracke','1998-02-23','Dylan Ridge','Rippinberg','Louisiana','03313-8490',25,'Mr.','regular'),(468,'Juston','Larkin','1956-09-03','Jedediah Forest','Port Babybury','NewMexico','39406-8247',66,'Dr.','regular'),(469,'Janiya','Stamm','1952-11-28','Jenkins Neck','Larkinbury','Delaware','27957-7112',70,'Dr.','regular'),(470,'Tia','Witting','1965-12-08','Alessia Divide','East Buddystad','Oklahoma','86721',57,'Mr.','regular'),(471,'Jude','Purdy','1993-11-04','Stoltenberg Village','Port Clinton','Montana','00781-8611',29,'Miss','premium'),(472,'Stephanie','Schuppe','1995-09-05','Block Parkways','Kenyattaborough','District of Columbia','53430',27,'Prof.','imperia'),(473,'Maverick','Glover','2001-02-02','Balistreri Trafficway','Lake Lavina','Connecticut','68893-8761',22,'Dr.','premium'),(474,'Zella','Mayer','2005-12-22','Bartell Villages','Lylamouth','Texas','12414',17,'Prof.','premium'),(475,'Chesley','Orn','1996-08-21','Retha Grove','Christiansenhaven','Arizona','16574-4789',26,'Mrs.','regular'),(476,'Ida','Schiller','2004-06-28','Wyman Shoals','Anniechester','Arizona','10116-2737',18,'Mrs.','premium'),(477,'Jayden','Turner','1962-06-20','Gottlieb Ford','Manuelaport','NewJersey','25445',60,'Prof.','imperia'),(478,'Cecilia','Marquardt','1971-03-06','Elijah Plains','West Estel','Mississippi','42872-5439',52,'Ms.','regular'),(479,'Pearl','Rosenbaum','1976-01-13','Ward Plaza','Alfredland','Wisconsin','73543',47,'Dr.','premium'),(480,'Jaden','Bernier','1990-05-26','Armstrong Ports','Port Laurettaview','Ohio','17368',32,'Mrs.','imperia'),(481,'Adelbert','Ortiz','1987-06-03','Margaretta Run','North Rosalinda','Vermont','05285',35,'Dr.','premium'),(482,'Edwina','Fahey','1968-04-12','Kovacek Causeway','Monaberg','Maryland','65209-2015',54,'Dr.','premium'),(483,'Petra','Bayer','1956-10-28','Welch Pike','West Talon','Ohio','99496-2558',66,'Mr.','imperia'),(484,'Walton','Beahan','1966-02-28','Bartell Mountains','West Leif','SouthCarolina','31626-7144',57,'Mrs.','premium'),(485,'Chadd','Crooks','1988-11-06','Herman Inlet','East Maxine','Tennessee','39097-4935',34,'Miss','premium'),(486,'Leilani','Koch','1962-03-07','Frederique Stream','East Myrtishaven','Wyoming','39561-7073',61,'Dr.','premium'),(487,'Cleveland','Predovic','1982-12-14','Kuhic Burg','New Garrisonside','Wisconsin','28961-5762',40,'Prof.','premium'),(488,'Cathy','Douglas','1983-05-08','Kenny Dale','South Bettieport','Iowa','78452-5617',39,'Dr.','regular'),(489,'Annie','Feest','1971-08-03','Zackery Ridges','New Giovannaburgh','Massachusetts','71920',51,'Dr.','premium'),(490,'Delilah','Jakubowski','1984-03-14','Will Lights','Lakinburgh','Pennsylvania','28053-1645',39,'Dr.','imperia'),(491,'Penelope','Feil','1983-08-30','Isai Gateway','Lake Camronfort','Alabama','81840',39,'Prof.','regular'),(492,'Reagan','King','1977-02-02','Madge Bypass','Martafurt','Illinois','41807-4834',46,'Dr.','imperia'),(493,'Krystel','Emmerich','1977-10-26','Bobby Ville','East Lucio','Montana','74644-7525',45,'Ms.','premium'),(494,'Donnie','Reichert','1991-10-21','Michele Stravenue','Nienowville','Iowa','99995',31,'Dr.','regular'),(495,'Beaulah','Auer','1953-06-29','Iliana Inlet','Maidamouth','NewMexico','56274-1284',69,'Ms.','premium'),(496,'Angeline','Lind','2006-01-18','May Divide','East Charlieville','Oklahoma','71609',17,'Prof.','regular'),(497,'Sylvan','Treutel','1964-04-09','Hackett Point','Port Cristal','Tennessee','13951-5218',58,'Prof.','imperia'),(498,'Kaden','Emmerich','1961-09-17','Rubie Green','Cummingstown','Delaware','83393-3785',61,'Prof.','imperia'),(499,'Amy','Reichert','1974-12-10','Schimmel Park','Maciville','NewHampshire','99544-7287',48,'Dr.','premium'),(500,'Carlie','Metz','1962-10-18','Nicole Mews','North Amanda','Iowa','44010',60,'Mr.','regular');
/*!40000 ALTER TABLE `customer` ENABLE KEYS */;
UNLOCK TABLES;

--
-- Table structure for table `delivers`
--

DROP TABLE IF EXISTS `delivers`;
/*!40101 SET @saved_cs_client     = @@character_set_client */;
/*!50503 SET character_set_client = utf8mb4 */;
CREATE TABLE `delivers` (
  `e_id` int NOT NULL,
  `order_id` int NOT NULL,
  `tracking_status` varchar(255) DEFAULT NULL,
  `w_id` int DEFAULT NULL,
  PRIMARY KEY (`e_id`,`order_id`),
  UNIQUE KEY `index_delivers` (`order_id`),
  KEY `w_id` (`w_id`),
  KEY `index_delivers_track` (`tracking_status`),
  CONSTRAINT `delivers_ibfk_1` FOREIGN KEY (`order_id`) REFERENCES `order_table` (`order_id`),
  CONSTRAINT `delivers_ibfk_2` FOREIGN KEY (`w_id`) REFERENCES `warehouse` (`w_id`),
  CONSTRAINT `delivers_ibfk_3` FOREIGN KEY (`e_id`) REFERENCES `employee` (`e_id`)
) ENGINE=InnoDB DEFAULT CHARSET=utf8mb4 COLLATE=utf8mb4_0900_ai_ci;
/*!40101 SET character_set_client = @saved_cs_client */;

--
-- Dumping data for table `delivers`
--

LOCK TABLES `delivers` WRITE;
/*!40000 ALTER TABLE `delivers` DISABLE KEYS */;
INSERT INTO `delivers` VALUES (1,1,'dispatched',1),(2,2,'out for delivery',2),(3,3,'delivered',3),(4,4,'dispatched',4),(5,5,'delivered',5),(6,6,'delivered',6),(7,7,'delivered',7),(8,8,'out for delivery',8),(9,9,'delivered',9),(10,10,'dispatched',10),(11,11,'delivered',11),(12,12,'dispatched',12),(13,13,'dispatched',13),(14,14,'dispatched',14),(15,15,'delivered',15),(16,16,'out for delivery',16),(17,17,'delivered',17),(18,18,'out for delivery',18),(19,19,'dispatched',19),(20,20,'out for delivery',20),(21,21,'out for delivery',21),(22,22,'delivered',22),(23,23,'dispatched',23),(24,24,'out for delivery',24),(25,25,'delivered',25),(26,26,'out for delivery',26),(27,27,'dispatched',27),(28,28,'out for delivery',28),(29,29,'delivered',29),(30,30,'out for delivery',30),(31,31,'delivered',31),(32,32,'delivered',32),(33,33,'dispatched',33),(34,34,'dispatched',34),(35,35,'out for delivery',35),(36,36,'delivered',36),(37,37,'dispatched',37),(38,38,'dispatched',38),(39,39,'dispatched',39),(40,40,'out for delivery',40),(41,41,'dispatched',41),(42,42,'dispatched',42),(43,43,'delivered',43),(44,44,'out for delivery',44),(45,45,'delivered',45),(46,46,'dispatched',46),(47,47,'dispatched',47),(48,48,'out for delivery',48),(49,49,'out for delivery',49),(50,50,'dispatched',50),(51,51,'dispatched',51),(52,52,'delivered',52),(53,53,'dispatched',53),(54,54,'dispatched',54),(55,55,'out for delivery',55),(56,56,'out for delivery',56),(57,57,'dispatched',57),(58,58,'delivered',58),(59,59,'delivered',59),(60,60,'dispatched',60),(61,61,'dispatched',61),(62,62,'out for delivery',62),(63,63,'delivered',63),(64,64,'delivered',64),(65,65,'delivered',65),(66,66,'delivered',66),(67,67,'dispatched',67),(68,68,'dispatched',68),(69,69,'dispatched',69),(70,70,'delivered',70),(71,71,'dispatched',71),(72,72,'dispatched',72),(73,73,'out for delivery',73),(74,74,'dispatched',74),(75,75,'out for delivery',75),(76,76,'out for delivery',76),(77,77,'delivered',77),(78,78,'out for delivery',78),(79,79,'delivered',79),(80,80,'dispatched',80),(81,81,'delivered',81),(82,82,'out for delivery',82),(83,83,'delivered',83),(84,84,'delivered',84),(85,85,'out for delivery',85),(86,86,'dispatched',86),(87,87,'out for delivery',87),(88,88,'out for delivery',88),(89,89,'out for delivery',89),(90,90,'out for delivery',90),(91,91,'dispatched',91),(92,92,'out for delivery',92),(93,93,'out for delivery',93),(94,94,'out for delivery',94),(95,95,'out for delivery',95),(96,96,'dispatched',96),(97,97,'out for delivery',97),(98,98,'delivered',98),(99,99,'delivered',99),(100,100,'dispatched',100),(101,101,'dispatched',1),(102,102,'delivered',2),(103,103,'out for delivery',3),(104,104,'out for delivery',4),(105,105,'delivered',5),(106,106,'dispatched',6),(107,107,'out for delivery',7),(108,108,'delivered',8),(109,109,'out for delivery',9),(110,110,'dispatched',10),(111,111,'dispatched',11),(112,112,'out for delivery',12),(113,113,'delivered',13),(114,114,'dispatched',14),(115,115,'out for delivery',15),(116,116,'out for delivery',16),(117,117,'out for delivery',17),(118,118,'out for delivery',18),(119,119,'dispatched',19),(120,120,'delivered',20),(121,121,'delivered',21),(122,122,'dispatched',22),(123,123,'out for delivery',23),(124,124,'dispatched',24),(125,125,'out for delivery',25),(126,126,'delivered',26),(127,127,'dispatched',27),(128,128,'delivered',28),(129,129,'out for delivery',29),(130,130,'out for delivery',30),(131,131,'dispatched',31),(132,132,'dispatched',32),(133,133,'out for delivery',33),(134,134,'out for delivery',34),(135,135,'out for delivery',35),(136,136,'delivered',36),(137,137,'out for delivery',37),(138,138,'out for delivery',38),(139,139,'out for delivery',39),(140,140,'dispatched',40),(141,141,'dispatched',41),(142,142,'dispatched',42),(143,143,'out for delivery',43),(144,144,'dispatched',44),(145,145,'dispatched',45),(146,146,'out for delivery',46),(147,147,'delivered',47),(148,148,'dispatched',48),(149,149,'delivered',49),(150,150,'out for delivery',50),(151,151,'delivered',51),(152,152,'dispatched',52),(153,153,'dispatched',53),(154,154,'dispatched',54),(155,155,'dispatched',55),(156,156,'out for delivery',56),(157,157,'dispatched',57),(158,158,'out for delivery',58),(159,159,'dispatched',59),(160,160,'dispatched',60),(161,161,'out for delivery',61),(162,162,'dispatched',62),(163,163,'dispatched',63),(164,164,'dispatched',64),(165,165,'dispatched',65),(166,166,'out for delivery',66),(167,167,'dispatched',67),(168,168,'delivered',68),(169,169,'out for delivery',69),(170,170,'out for delivery',70),(171,171,'out for delivery',71),(172,172,'dispatched',72),(173,173,'delivered',73),(174,174,'out for delivery',74),(175,175,'out for delivery',75),(176,176,'dispatched',76),(177,177,'out for delivery',77),(178,178,'out for delivery',78),(179,179,'out for delivery',79),(180,180,'dispatched',80),(181,181,'delivered',81),(182,182,'out for delivery',82),(183,183,'dispatched',83),(184,184,'dispatched',84),(185,185,'out for delivery',85),(186,186,'delivered',86),(187,187,'delivered',87),(188,188,'delivered',88),(189,189,'out for delivery',89),(190,190,'delivered',90),(191,191,'delivered',91),(192,192,'out for delivery',92),(193,193,'out for delivery',93),(194,194,'dispatched',94),(195,195,'delivered',95),(196,196,'delivered',96),(197,197,'delivered',97),(198,198,'out for delivery',98),(199,199,'dispatched',99),(200,200,'delivered',100);
/*!40000 ALTER TABLE `delivers` ENABLE KEYS */;
UNLOCK TABLES;

--
-- Table structure for table `electronics`
--

DROP TABLE IF EXISTS `electronics`;
/*!40101 SET @saved_cs_client     = @@character_set_client */;
/*!50503 SET character_set_client = utf8mb4 */;
CREATE TABLE `electronics` (
  `p_id` int NOT NULL,
  `voltage` int NOT NULL,
  `warranty` int NOT NULL,
  PRIMARY KEY (`p_id`),
  CONSTRAINT `electronics_ibfk_1` FOREIGN KEY (`p_id`) REFERENCES `product` (`p_id`)
) ENGINE=InnoDB DEFAULT CHARSET=utf8mb4 COLLATE=utf8mb4_0900_ai_ci;
/*!40101 SET character_set_client = @saved_cs_client */;

--
-- Dumping data for table `electronics`
--

LOCK TABLES `electronics` WRITE;
/*!40000 ALTER TABLE `electronics` DISABLE KEYS */;
INSERT INTO `electronics` VALUES (1,7,3),(2,13,2),(3,8,1),(4,25,2),(5,10,1),(6,19,2),(7,14,3),(8,22,2),(9,19,3),(10,18,2),(11,8,1),(12,10,2),(13,15,3),(14,9,2),(15,17,1),(16,17,2),(17,12,1),(18,7,2),(19,18,1),(20,23,3),(21,6,2),(22,22,3),(23,22,2),(24,11,3),(25,19,1),(26,10,3),(27,14,3),(28,7,2),(29,19,2),(30,7,3),(31,14,3),(32,11,1),(33,25,1),(34,9,2),(35,11,1),(36,9,3),(37,21,1),(38,22,2),(39,23,1),(40,24,1),(41,12,2),(42,5,1),(43,20,1),(44,15,3),(45,7,3),(46,18,1),(47,9,2),(48,16,1),(49,20,3),(50,16,3),(51,14,3),(52,16,3),(53,22,2),(54,11,2),(55,12,2),(56,18,3),(57,23,2),(58,17,2),(59,6,1),(60,5,3),(61,20,3),(62,6,1),(63,22,1),(64,11,1),(65,12,3),(66,19,2),(67,20,3),(68,12,3),(69,24,2),(70,19,3),(71,13,3),(72,6,2),(73,18,1),(74,14,3),(75,9,1),(76,9,3),(77,9,2),(78,14,3),(79,19,3),(80,19,1),(81,12,2),(82,21,2),(83,13,3),(84,16,1),(85,5,3),(86,14,1),(87,16,3),(88,21,2),(89,24,1),(90,7,2),(91,21,2),(92,23,2),(93,19,1),(94,13,1),(95,11,3),(96,18,1),(97,21,1),(98,20,3),(99,19,3),(100,24,2),(101,14,2),(102,8,3),(103,19,3),(104,6,2),(105,23,3),(106,21,3),(107,15,2),(108,9,3),(109,22,3),(110,6,3),(111,15,3),(112,8,2),(113,24,1),(114,16,2),(115,16,3),(116,19,2),(117,6,3),(118,25,2),(119,23,1),(120,5,3),(121,13,3),(122,16,3),(123,19,2),(124,11,3),(125,24,2),(126,21,2),(127,12,3),(128,14,1),(129,9,2),(130,5,3),(131,20,1),(132,10,2),(133,19,2),(134,17,1),(135,21,3),(136,16,2),(137,16,1),(138,25,2),(139,6,3),(140,23,3),(141,21,1),(142,8,3),(143,20,3),(144,19,1),(145,17,1),(146,6,3),(147,22,3),(148,15,2),(149,13,3),(150,17,1),(151,10,2),(152,9,1),(153,8,3),(154,20,3),(155,6,3),(156,22,1),(157,7,3),(158,21,2),(159,15,3),(160,20,2),(161,25,2),(162,12,2),(163,15,2),(164,17,1),(165,5,3),(166,19,2),(167,22,3),(168,17,3),(169,10,2),(170,13,1),(171,22,2),(172,11,1),(173,25,1),(174,5,1),(175,16,2),(176,6,3),(177,22,2),(178,25,1),(179,22,1),(180,19,2),(181,23,2),(182,11,3),(183,16,3),(184,10,1),(185,23,2),(186,9,2),(187,7,3),(188,10,2),(189,16,3),(190,6,1),(191,21,2),(192,9,1),(193,24,2),(194,11,2),(195,11,2),(196,20,1),(197,9,1),(198,13,3),(199,12,2),(200,7,3),(201,9,2),(202,25,2),(203,16,3),(204,14,3),(205,15,2),(206,19,2),(207,24,2),(208,7,2),(209,13,2),(210,10,1),(211,23,3),(212,10,1),(213,6,2),(214,24,2),(215,20,1),(216,6,1),(217,7,1),(218,7,3),(219,5,3),(220,23,3),(221,10,2),(222,23,1),(223,12,2),(224,10,3),(225,7,2),(226,23,2),(227,9,3),(228,19,3),(229,24,3),(230,5,1),(231,11,2),(232,18,2),(233,19,2),(234,24,3),(235,15,1),(236,6,2),(237,15,1),(238,16,3),(239,10,3),(240,19,3),(241,24,3),(242,25,3),(243,23,2),(244,14,2),(245,7,2),(246,11,1),(247,17,2),(248,24,2),(249,10,1),(250,22,3),(251,14,3),(252,12,2),(253,24,2),(254,22,1),(255,15,1),(256,25,2),(257,14,1),(258,13,3),(259,24,3),(260,10,2),(261,11,1),(262,20,3),(263,19,1),(264,10,1),(265,23,2),(266,15,3),(267,13,3),(268,13,2),(269,18,3),(270,12,3),(271,7,2),(272,21,3),(273,19,1),(274,18,3),(275,13,3),(276,20,2),(277,12,1),(278,20,3),(279,9,2),(280,14,3),(281,18,2),(282,19,3),(283,14,3),(284,10,1),(285,23,2),(286,22,1),(287,16,3),(288,5,2),(289,8,1),(290,15,2),(291,13,3),(292,6,3),(293,8,1),(294,21,2),(295,8,2),(296,20,1),(297,9,1),(298,11,1),(299,18,3),(300,12,1),(301,10,3),(302,20,3),(303,21,2),(304,16,1),(305,15,2),(306,15,1),(307,22,3),(308,11,1),(309,22,3),(310,14,2),(311,23,2),(312,8,3),(313,25,1),(314,20,3),(315,14,2),(316,12,2),(317,12,3),(318,25,3),(319,5,3),(320,6,1),(321,8,2),(322,17,2),(323,7,2),(324,23,2),(325,17,2),(326,12,3),(327,18,1),(328,23,1),(329,11,2),(330,14,3),(331,20,1),(332,24,2),(333,5,1),(334,16,3),(335,5,2),(336,25,1),(337,23,3),(338,16,3),(339,14,1),(340,14,2),(341,18,3),(342,24,3),(343,25,1),(344,19,3),(345,24,1),(346,11,1),(347,19,3),(348,14,3),(349,13,3),(350,5,3);
/*!40000 ALTER TABLE `electronics` ENABLE KEYS */;
UNLOCK TABLES;

--
-- Table structure for table `emp_contact`
--

DROP TABLE IF EXISTS `emp_contact`;
/*!40101 SET @saved_cs_client     = @@character_set_client */;
/*!50503 SET character_set_client = utf8mb4 */;
CREATE TABLE `emp_contact` (
  `emp_contact` varchar(20) NOT NULL,
  `e_id` int NOT NULL,
  PRIMARY KEY (`e_id`,`emp_contact`),
  UNIQUE KEY `index_emp_cont` (`e_id`,`emp_contact`),
  CONSTRAINT `emp_contact_ibfk_1` FOREIGN KEY (`e_id`) REFERENCES `employee` (`e_id`)
) ENGINE=InnoDB DEFAULT CHARSET=utf8mb4 COLLATE=utf8mb4_0900_ai_ci;
/*!40101 SET character_set_client = @saved_cs_client */;

--
-- Dumping data for table `emp_contact`
--

LOCK TABLES `emp_contact` WRITE;
/*!40000 ALTER TABLE `emp_contact` DISABLE KEYS */;
INSERT INTO `emp_contact` VALUES ('+44(0)0601 22522',1),('+44(0)218745325',2),('(09541) 206713',3),('+44(0)4054 63351',4),('+44(0)4858 92225',5),('+44(0)6503 11867',6),('+44(0)6096414785',7),('09488 23017',8),('07033721722',9),('+44(0)1283 71782',10),('+44(0)354925310',11),('+44(0)1705 599540',12),('(02573) 565447',13),('+44(0)3221 79773',14),('(04616) 050930',15),('(09050) 24631',16),('00864 211722',17),('(04658) 073125',18),('+44(0)057800457',19),('0428499650',20),('07987440583',21),('0851582729',22),('02002952771',23),('+44(0)3140 73092',24),('(01801) 16586',25),('+44(0)4520 58691',26),('(03195) 549370',27),('04305 64627',28),('+44(0)4270442917',29),('+44(0)1796 59484',30),('(08330) 27472',31),('(02822) 15214',32),('+44(0)0722438269',33),('(00556) 976711',34),('+44(0)6515 66304',35),('0869383407',36),('0202828027',37),('+44(0)804406521',38),('(00105) 205641',39),('+44(0)2021 60564',40),('+44(0)574942779',41),('04503 81930',42),('0784047487',43),('+44(0)3968 49539',44),('06635487627',45),('(05616) 790356',46),('04740 318650',47),('+44(0)6512 728501',48),('+44(0)696987513',49),('09335173156',50),('0309090155',51),('+44(0)5074732561',52),('(03834) 820580',53),('01450 26630',54),('+44(0)3338 82411',55),('06987 329884',56),('0578789188',57),('00315 097157',58),('+44(0)4570 56048',59),('+44(0)157711305',60),('+44(0)9825 259553',61),('0772980800',62),('02529 904706',63),('(01802) 88099',64),('08063147353',65),('03788314801',66),('05379 12590',67),('0683961440',68),('02308 653003',69),('(04223) 11396',70),('+44(0)246496664',71),('+44(0)5113 659628',72),('+44(0)814585609',73),('00674 86566',74),('+44(0)8099 16659',75),('04497 080253',76),('05312100804',77),('09231520330',78),('+44(0)3008738327',79),('04785955699',80),('+44(0)2041 232325',81),('0484637047',82),('+44(0)279863508',83),('+44(0)7252535136',84),('02044 05171',85),('04965 563652',86),('+44(0)5735 439219',87),('+44(0)182627869',88),('(04212) 57481',89),('07935 87660',90),('+44(0)683827020',91),('04170 676837',92),('03742771225',93),('01058 135260',94),('+44(0)0581045432',95),('+44(0)918853553',96),('+44(0)5406 68827',97),('+44(0)4986 952424',98),('+44(0)967062533',99),('(08313) 598039',100),('02731 475910',101),('(03493) 310045',102),('03319171200',103),('07008 054455',104),('(01749) 31319',105),('+44(0)254300584',106),('+44(0)659284510',107),('+44(0)0227 653347',108),('+44(0)225941919',109),('(02289) 47055',110),('+44(0)8731045772',111),('05769 91703',112),('(07864) 90185',113),('07347 82688',114),('02157 92121',115),('+44(0)568784634',116),('0129695454',117),('08450289764',118),('0407539322',119),('00293 72389',120),('(03173) 35333',121),('0190272038',122),('04785 55961',123),('(09336) 897902',124),('+44(0)7979 567705',125),('+44(0)0618 047300',126),('(03123) 86097',127),('09201280098',128),('+44(0)8170 10521',129),('(09977) 60435',130),('06931 88233',131),('(04532) 090489',132),('02696 486578',133),('+44(0)2930 850108',134),('+44(0)8102 36760',135),('+44(0)6836 20635',136),('0621245934',137),('+44(0)381922553',138),('+44(0)8667 263416',139),('+44(0)7895 792463',140),('01062 33928',141),('(03095) 495191',142),('04481 00173',143),('05918 70266',144),('(08136) 664202',145),('(08309) 015149',146),('04613110052',147),('(09314) 367188',148),('09500 95058',149),('03729320760',150),('02468 143125',151),('01559 326966',152),('06952 66187',153),('+44(0)2413662937',154),('+44(0)681018489',155),('08467603925',156),('+44(0)3310773509',157),('07948 68447',158),('03946 121442',159),('(06239) 26461',160),('+44(0)1175040235',161),('09929840077',162),('+44(0)443141474',163),('0395220387',164),('0336224082',165),('07861647563',166),('09075 05027',167),('+44(0)0451061645',168),('(00143) 283355',169),('+44(0)8903 616144',170),('03507 17124',171),('0621062700',172),('+44(0)8608852623',173),('05209628848',174),('0026948592',175),('05214 96107',176),('(08106) 727866',177),('(09696) 361455',178),('+44(0)7176289945',179),('+44(0)483858098',180),('+44(0)6962 57414',181),('02541 988975',182),('+44(0)1751606149',183),('0376394162',184),('+44(0)9723 28580',185),('(04952) 94557',186),('0099993422',187),('08945442064',188),('04752 971190',189),('+44(0)0987 324533',190),('(00811) 160070',191),('03485 55050',192),('06182404293',193),('+44(0)0610 39308',194),('+44(0)2215737661',195),('0476586751',196),('(02277) 90528',197),('(07366) 569167',198),('+44(0)1080 040025',199),('00847724864',200),('+44(0)5560 45485',201),('+44(0)8521403775',202),('+44(0)4524675443',203),('(00830) 253792',204),('0893406931',205),('(09594) 294889',206),('+44(0)3780994678',207),('+44(0)2489222248',208),('(04505) 585810',209),('02492 046082',210),('+44(0)5061 858254',211),('+44(0)735464481',212),('00868 96202',213),('0471174137',214),('04613 44809',215),('07839284687',216),('07587489758',217),('00719 592060',218),('03158 78026',219),('08707741926',220),('+44(0)3677 16113',221),('01715 175711',222),('+44(0)5590 39977',223),('05590 654164',224),('+44(0)508705646',225),('(02298) 54987',226),('(09369) 397900',227),('+44(0)5101216688',228),('+44(0)8454 856239',229),('(05044) 48956',230),('03463032867',231),('09835 853129',232),('(08399) 99818',233),('04925 043711',234),('0495203961',235),('(00350) 52726',236),('04813774959',237),('+44(0)848207502',238),('05243 69892',239),('+44(0)8208776207',240),('+44(0)4056 983491',241),('+44(0)324079277',242),('+44(0)2472 04205',243),('04241 060104',244),('0800290586',245),('+44(0)5593 37872',246),('02678 251628',247),('(02401) 47311',248),('09999 471950',249),('01500991181',250),('+44(0)2419 925584',251),('02759 11168',252),('+44(0)9644 071495',253),('+44(0)0702 91256',254),('07820907990',255),('+44(0)1258 213429',256),('(02102) 319473',257),('+44(0)742654765',258),('+44(0)8933 637495',259),('(06452) 364929',260),('09132 441809',261),('0334178097',262),('(00095) 17206',263),('04213 50796',264),('+44(0)5891487455',265),('(01104) 763756',266),('0784981285',267),('+44(0)998941524',268),('03493 860489',269),('01059 647880',270),('(00751) 093707',271),('01648 85860',272),('(01613) 363460',273),('0024340852',274),('06495 65239',275),('04398678883',276),('+44(0)276150138',277),('(00584) 87805',278),('+44(0)1650843352',279),('01117 252842',280),('(04265) 722797',281),('06206779403',282),('09301 487208',283),('(04112) 165739',284),('+44(0)5738 369858',285),('03244 18782',286),('+44(0)0189 277396',287),('04730272156',288),('(08821) 49619',289),('03515 242971',290),('0725699525',291),('0297611890',292),('+44(0)934711075',293),('(04055) 022863',294),('+44(0)2503 624116',295),('+44(0)4227 533163',296),('+44(0)8672 17932',297),('+44(0)2574 35721',298),('(07631) 547775',299),('00151 874558',300),('00894671418',301),('+44(0)9389 338423',302),('+44(0)223156357',303),('(08754) 51012',304),('(06067) 71756',305),('0966948914',306),('06406 48996',307),('+44(0)856115208',308),('+44(0)4472 31836',309),('07278 59286',310),('+44(0)7420 29550',311),('0271440998',312),('+44(0)3803 54254',313),('(00011) 85927',314),('+44(0)189621471',315),('(09722) 05623',316),('00315 534269',317),('+44(0)031347573',318),('(04268) 958981',319),('07743823190',320),('+44(0)6035 279640',321),('+44(0)0188 738505',322),('+44(0)5875 281487',323),('08137720313',324),('05366 78362',325),('(03434) 001059',326),('05702 54703',327),('+44(0)4348 30767',328),('(03074) 134209',329),('+44(0)9559 819209',330),('+44(0)063908876',331),('+44(0)7907803666',332),('09536 65673',333),('+44(0)8678 91597',334),('(09084) 16840',335),('+44(0)5157746295',336),('(06617) 10020',337),('+44(0)2121 39997',338),('+44(0)8753 46157',339),('+44(0)056364801',340),('09329988901',341),('08895 56227',342),('02643235187',343),('07572 74423',344),('+44(0)8425 945196',345),('0661206968',346),('01017 297639',347),('+44(0)8577 92184',348),('(03168) 208992',349),('07193 079072',350),('(07041) 779751',351),('00918 12052',352),('+44(0)1890083003',353),('(02177) 447697',354),('+44(0)1126 46333',355),('+44(0)6975 70292',356),('+44(0)2441 27844',357),('(07588) 022367',358),('+44(0)468483847',359),('05686391393',360),('+44(0)686775063',361),('00947 38810',362),('+44(0)4753 382759',363),('05803138288',364),('(07916) 97022',365),('+44(0)3872 63169',366),('+44(0)5298 868663',367),('05509 57060',368),('+44(0)5830 086538',369),('0668782890',370),('+44(0)2504 739975',371),('+44(0)795107886',372),('0677343217',373),('0979602157',374),('05859462775',375),('+44(0)290387632',376),('+44(0)1592157612',377),('(07535) 24300',378),('(00591) 22935',379),('00561 46434',380),('+44(0)6897329112',381),('07033 60455',382),('01833334297',383),('02869685242',384),('+44(0)395699405',385),('+44(0)9250967499',386),('09060380067',387),('00688 36097',388),('+44(0)930374446',389),('0926887506',390),('00323 75926',391),('01040102000',392),('0572833817',393),('+44(0)4990853874',394),('+44(0)4910025629',395),('08056 600026',396),('+44(0)448624657',397),('07124 99396',398),('05388 15408',399),('+44(0)774929968',400);
/*!40000 ALTER TABLE `emp_contact` ENABLE KEYS */;
UNLOCK TABLES;

--
-- Table structure for table `employee`
--

DROP TABLE IF EXISTS `employee`;
/*!40101 SET @saved_cs_client     = @@character_set_client */;
/*!50503 SET character_set_client = utf8mb4 */;
CREATE TABLE `employee` (
  `e_id` int NOT NULL,
  `emp_name` varchar(255) DEFAULT NULL,
  `base_salary` int NOT NULL DEFAULT ((case `emp_type` when _utf8mb4'junior' then 25000 when _utf8mb4'senior' then 80000 end)),
  `emp_street` varchar(255) DEFAULT NULL,
  `emp_state` varchar(255) DEFAULT NULL,
  `emp_city` varchar(255) DEFAULT NULL,
  `emp_pin` varchar(255) DEFAULT NULL,
  `emp_role` varchar(255) DEFAULT NULL,
  `emp_type` varchar(255) DEFAULT NULL,
  `increment` int DEFAULT NULL,
  PRIMARY KEY (`e_id`),
  UNIQUE KEY `index_employee` (`e_id`),
  KEY `index_emp_role` (`emp_role`)
) ENGINE=InnoDB DEFAULT CHARSET=utf8mb4 COLLATE=utf8mb4_0900_ai_ci;
/*!40101 SET character_set_client = @saved_cs_client */;

--
-- Dumping data for table `employee`
--

LOCK TABLES `employee` WRITE;
/*!40000 ALTER TABLE `employee` DISABLE KEYS */;
INSERT INTO `employee` VALUES (1,'Jonathon',111393,'Woodrow Corners','Georgia','Brooksbury','81718','product handling manager','senior',3284),(2,'Lonny',106954,'Cheyenne Forest','Maryland','Crystelland','34096','product handling manager','senior',3702),(3,'Laurianne',114507,'Grimes Harbors','Idaho','Sengerbury','23442-3155','senior executive manager','senior',3560),(4,'Amelie',106961,'Dena Causeway','Alaska','Okunevaport','04407','executive manager','senior',4013),(5,'Carley',122510,'Franco Harbors','Virginia','Lake Gladys','08706-2896','senior executive manager','senior',3445),(6,'Lilla',145623,'Anderson Inlet','Connecticut','Lake Lucienneberg','81942','senior executive manager','senior',3988),(7,'Newton',115674,'Reuben Throughway','Louisiana','Bahringertown','06564-6124','manager','senior',4265),(8,'Humberto',125208,'Fidel Harbor','Iowa','Bashirianport','03999-2743','executive manager','senior',3640),(9,'Zachary',139888,'Olen Gardens','Nevada','New Soniaport','56092','senior executive manager','senior',4500),(10,'Ludwig',101085,'Maude Common','Delaware','South Malachi','33791-7683','executive manager','senior',4063),(11,'David',121653,'Demario Light','Idaho','Port Chaddton','34025-7441','executive manager','senior',NULL),(12,'Claud',116899,'Cremin Glen','Maryland','Uniqueport','73526','senior executive manager','senior',NULL),(13,'Tremayne',130499,'Viviane Extension','Nebraska','Stellamouth','74197','product handling manager','senior',NULL),(14,'Jamel',136804,'Abshire Turnpike','Illinois','North Tyraville','81271','manager','senior',NULL),(15,'Neva',107744,'William Locks','Tennessee','New Eli','32327','product handling manager','senior',NULL),(16,'Skyla',136238,'Antone Fords','Wyoming','South Andresshire','19163','senior executive manager','senior',NULL),(17,'Rosalyn',102144,'Kuhlman Pike','Oklahoma','Franeckiberg','61329','manager','senior',NULL),(18,'Greg',102545,'Mohr Ridge','WestVirginia','Gradymouth','06351-6316','executive manager','senior',NULL),(19,'Christina',120377,'Osinski Common','California','Mavismouth','13815','senior executive manager','senior',NULL),(20,'Madge',131157,'Schmidt Roads','Indiana','North Ephraim','73552','manager','senior',NULL),(21,'Krystina',131667,'Citlalli Garden','Connecticut','Hillsbury','15807-8681','product handling manager','senior',NULL),(22,'Stacy',136804,'Gilda Course','Alabama','New Trinityhaven','08043','product handling manager','senior',NULL),(23,'Brandon',140255,'Carroll Way','Maryland','Port Duanestad','47149-2303','manager','senior',NULL),(24,'Haylie',141566,'Gutmann Trafficway','Texas','Estevantown','12482','product handling manager','senior',NULL),(25,'Alycia',145817,'Kaley Hollow','Michigan','Thompsonville','87867','executive manager','senior',NULL),(26,'Lloyd',126780,'Elenor Grove','Illinois','Loyfurt','45338-1331','senior executive manager','senior',NULL),(27,'Elton',111861,'Braxton Lane','Michigan','Kilbackchester','78214','senior executive manager','senior',NULL),(28,'Dariana',105877,'Fahey Haven','Wisconsin','Lisandromouth','67869','senior executive manager','senior',NULL),(29,'Lula',122113,'Helene Light','Oklahoma','North Guidoside','13980-1491','executive manager','senior',NULL),(30,'Edwardo',105939,'Krajcik Flat','NewYork','South Kristoffer','20146','senior executive manager','senior',NULL),(31,'Horacio',143243,'Jaylen Dam','Washington','Port Louvenialand','28407-9240','product handling manager','senior',NULL),(32,'Jovani',110703,'Dach Well','Georgia','West Joanfurt','90514','senior executive manager','senior',NULL),(33,'Hellen',130400,'Pollich Knolls','Wyoming','Maybellefort','51586','executive manager','senior',NULL),(34,'Crawford',115304,'Lubowitz Mill','Missouri','West Winfield','73518-0225','product handling manager','senior',NULL),(35,'Elliot',149519,'Stamm Dam','Alaska','Lake Kristian','88528','senior executive manager','senior',NULL),(36,'Eden',124026,'Leon Stravenue','Ohio','Lynchmouth','61878','product handling manager','senior',NULL),(37,'Dillan',106708,'Russel Tunnel','NewJersey','East Javierport','02714','manager','senior',NULL),(38,'Abel',142947,'Dante Trace','Michigan','Rennerfort','70418-4811','manager','senior',NULL),(39,'Declan',118214,'Duane Pine','Virginia','South Karellefurt','84024-8038','manager','senior',NULL),(40,'Amara',111434,'Helen Dale','Minnesota','Goldnerstad','90693-2499','product handling manager','senior',NULL),(41,'Camren',123879,'Friesen Mountain','Oklahoma','Port Rebecca','49512-2969','executive manager','senior',NULL),(42,'Jazlyn',104102,'Abraham Locks','Maryland','Hellerstad','47680-4667','executive manager','senior',NULL),(43,'Emmet',120864,'Farrell Drive','Maryland','Jewelview','91076','manager','senior',NULL),(44,'Sigurd',137498,'Evalyn Ports','Washington','Kalebfurt','15295-4482','product handling manager','senior',NULL),(45,'Grady',142674,'Fannie Hollow','NorthCarolina','Konopelskiland','21355-5661','executive manager','senior',NULL),(46,'Julian',126062,'Bashirian Forks','NewMexico','Goodwintown','51864','senior executive manager','senior',NULL),(47,'Lonny',124081,'Emilia Forks','NorthDakota','South Otilia','24235-4882','product handling manager','senior',NULL),(48,'Simeon',135094,'Stehr Motorway','Colorado','New Terrell','97658-4048','product handling manager','senior',NULL),(49,'Josefa',119182,'Jodie Parks','Delaware','New Niachester','13344-5921','product handling manager','senior',NULL),(50,'Josh',102137,'Feil Turnpike','Oklahoma','East Bert','04687-1402','manager','senior',NULL),(51,'Ivy',122981,'Laurine Drive','Illinois','Port Violabury','58331-1529','manager','senior',NULL),(52,'Troy',124108,'Kasey Mountain','Washington','Port Williamtown','87742','manager','senior',NULL),(53,'Uriel',121889,'King Tunnel','Nebraska','Stantonshire','72544-6962','manager','senior',NULL),(54,'Larue',146697,'Abdul Court','NorthDakota','Jessieburgh','40519','product handling manager','senior',NULL),(55,'Madisyn',100847,'Fanny Ville','Mississippi','Cartwrightport','86075','senior executive manager','senior',NULL),(56,'Cleta',146673,'Pollich Freeway','Iowa','South Ruthemouth','39752','senior executive manager','senior',NULL),(57,'Harmon',102254,'Weimann View','Virginia','South Stanleyhaven','49565','product handling manager','senior',NULL),(58,'Alanna',138319,'Schmeler Turnpike','Arizona','Walkerborough','88025','manager','senior',NULL),(59,'Terence',115547,'Minnie Stream','Arizona','Kaliberg','06611','product handling manager','senior',NULL),(60,'Cleora',106443,'Russel Trace','Iowa','Brainstad','74881-1019','product handling manager','senior',NULL),(61,'Solon',111015,'Nadia Viaduct','Oklahoma','Goldenbury','41460','executive manager','senior',NULL),(62,'Mortimer',132226,'Flatley Prairie','SouthCarolina','South Fritz','07977','senior executive manager','senior',NULL),(63,'Robyn',140664,'Mackenzie Ramp','Kentucky','West Roslyn','46357-4022','manager','senior',NULL),(64,'Danyka',128665,'Lockman Rest','Georgia','Gustview','11061-7254','executive manager','senior',NULL),(65,'Aletha',110064,'Rudolph Crossroad','Alabama','Eloisafurt','40088-3859','executive manager','senior',NULL),(66,'Salma',148554,'Bernhard Vista','Arizona','Donnellhaven','61063','executive manager','senior',NULL),(67,'Napoleon',103993,'Amely Radial','Kentucky','Ivafurt','22499','executive manager','senior',NULL),(68,'Laury',129231,'Alf Run','Colorado','Goodwintown','05951','executive manager','senior',NULL),(69,'Brionna',111200,'Mckenna Estate','RhodeIsland','Heaneymouth','31340-0626','manager','senior',NULL),(70,'Kristofer',142453,'Pfeffer Mews','Kentucky','Hermanfurt','19350','manager','senior',NULL),(71,'Darwin',128141,'Ottis Green','WestVirginia','Andrestad','34050','executive manager','senior',NULL),(72,'Gus',123748,'Predovic Avenue','Kentucky','New Enoshaven','35150-7363','senior executive manager','senior',NULL),(73,'Devonte',130425,'Bashirian Run','Oklahoma','Port Norbertoview','00192','product handling manager','senior',NULL),(74,'Anderson',106131,'Immanuel Greens','Iowa','Aidaland','07767','executive manager','senior',NULL),(75,'Lavina',106167,'Koelpin Villages','NewYork','Port Kurtistown','48686-1087','senior executive manager','senior',NULL),(76,'Dylan',109480,'Wehner Manors','Arkansas','East Casperhaven','89031-4984','product handling manager','senior',NULL),(77,'Charlotte',112384,'Bednar Tunnel','Maine','Amirabury','88155-6492','executive manager','senior',NULL),(78,'Taryn',143362,'Brianne Locks','Missouri','Labadieborough','14887','manager','senior',NULL),(79,'Keyshawn',104441,'Sydnie Ridge','Georgia','East Albinaborough','56775','senior executive manager','senior',NULL),(80,'Maryjane',116379,'Reynolds Mews','SouthCarolina','South Lorenburgh','23854-9349','product handling manager','senior',NULL),(81,'Zachariah',144291,'Monahan Squares','Tennessee','Winifredborough','76669-8175','product handling manager','senior',NULL),(82,'Aurelia',101278,'Edgar Flat','SouthDakota','New Maceymouth','10631','executive manager','senior',NULL),(83,'Emma',142817,'Lenore Freeway','Minnesota','Celinechester','43902-4842','product handling manager','senior',NULL),(84,'Ludwig',144041,'Howell Ramp','Wyoming','Lake Helgaville','84203-0678','executive manager','senior',NULL),(85,'Scottie',100193,'Ward Track','Pennsylvania','New Anabellebury','74024-1687','executive manager','senior',NULL),(86,'Mia',144724,'Hilda Islands','Alaska','Kovacekview','00018-8344','product handling manager','senior',NULL),(87,'Gabriella',142746,'Turcotte Flats','Ohio','Schadenland','21400-6740','senior executive manager','senior',NULL),(88,'Bessie',108977,'Ernser Stream','Oregon','New Joaquinstad','52258','executive manager','senior',NULL),(89,'Hettie',136328,'Denesik Circle','Virginia','Hilpertchester','64688-2698','senior executive manager','senior',NULL),(90,'Victoria',112418,'Walsh Falls','Michigan','Tillmanfort','14879','executive manager','senior',NULL),(91,'Jordon',104821,'Lavada Village','Georgia','South Lizashire','30015','executive manager','senior',NULL),(92,'Janick',110398,'Glenna Plaza','Wyoming','Emeraldstad','32544','product handling manager','senior',NULL),(93,'Rosario',138271,'Harris Pass','Texas','Port Moriah','19087','executive manager','senior',NULL),(94,'Julie',107042,'Glenna Knoll','Tennessee','New Cathy','11148','manager','senior',NULL),(95,'Isai',138951,'Macejkovic Causeway','Nebraska','Janeside','38168-6994','product handling manager','senior',NULL),(96,'Nickolas',137083,'Joesph Radial','Massachusetts','East Jordyshire','92982','manager','senior',NULL),(97,'Wayne',103002,'Pearline Green','Georgia','New Eusebio','94032-9679','executive manager','senior',NULL),(98,'Daren',133287,'Okuneva Loop','NewHampshire','Labadieport','58312-5416','product handling manager','senior',NULL),(99,'Mae',114885,'Dean Dale','Colorado','South Naomiemouth','92619-1880','manager','senior',NULL),(100,'Shaniya',113824,'Ritchie Ford','Tennessee','Botsfordhaven','01772-7816','manager','senior',NULL),(101,'Valentina',135714,'Schneider Port','Oklahoma','East Faeberg','67224','manager','senior',NULL),(102,'Grover',105705,'Morar Drives','Arkansas','Lake Raleighberg','19515','product handling manager','senior',NULL),(103,'Kavon',139423,'Loraine Fall','Florida','Port Billieville','86507','senior executive manager','senior',NULL),(104,'Felicia',131230,'Gudrun Lane','NewYork','Rosenbaumland','02951','senior executive manager','senior',NULL),(105,'Melyssa',138290,'Hand Trail','Florida','Port Jedidiahport','84513','product handling manager','senior',NULL),(106,'Kathleen',128502,'Kuphal View','District of Columbia','South Grayson','87122-4102','executive manager','senior',NULL),(107,'Shany',135355,'Dayne Mountains','Wyoming','East Victor','96156','product handling manager','senior',NULL),(108,'Tyson',147672,'Labadie Corners','Massachusetts','Jettshire','76941','executive manager','senior',NULL),(109,'Erin',132374,'Larue Plains','Wisconsin','South Harold','33184-7521','senior executive manager','senior',NULL),(110,'Thaddeus',134282,'Presley Grove','NewYork','Lake Tatumborough','64247','executive manager','senior',NULL),(111,'Kallie',128628,'Orn Loop','Arkansas','Lake Jaquelin','37195','executive manager','senior',NULL),(112,'Stewart',120653,'Kutch Shoals','Kentucky','New Zachariah','93307','senior executive manager','senior',NULL),(113,'Reggie',149638,'Glen Union','SouthCarolina','East Gerald','41278-1723','executive manager','senior',NULL),(114,'Saige',137771,'Tillman Mills','District of Columbia','Clintstad','64908-4657','executive manager','senior',NULL),(115,'Terry',136581,'Rath Shores','Ohio','Gennaromouth','40490','manager','senior',NULL),(116,'Hertha',115831,'Ulices Meadows','Missouri','Stanfordshire','72335','product handling manager','senior',NULL),(117,'Ayden',133461,'Humberto Island','Tennessee','New Carmelo','89053-6139','product handling manager','senior',NULL),(118,'Delphia',123317,'Ramon Radial','Minnesota','Enashire','98946','senior executive manager','senior',NULL),(119,'Bennie',111275,'Gulgowski Land','Texas','Port Roosevelt','98338','product handling manager','senior',NULL),(120,'Alvera',147893,'Friesen Throughway','Oklahoma','Lake Dylanborough','55084-7882','senior executive manager','senior',NULL),(121,'Tyreek',113897,'Willis Court','Georgia','Port Idellfurt','54892-9319','executive manager','senior',NULL),(122,'Bulah',143352,'Morissette Bypass','District of Columbia','Sengermouth','92896','senior executive manager','senior',NULL),(123,'Kristofer',117113,'Jerod Roads','Vermont','Fadelmouth','85747','product handling manager','senior',NULL),(124,'Amelie',125079,'Gwen Fork','Oregon','Nathenfurt','37634-9428','senior executive manager','senior',NULL),(125,'Filomena',106409,'Littel Villages','Illinois','New Timmothybury','00052','product handling manager','senior',NULL),(126,'Chadrick',149166,'Iliana Skyway','Missouri','North Evertmouth','37160','senior executive manager','senior',NULL),(127,'Jade',118418,'Howe Pine','Maine','Medhurstshire','18252','product handling manager','senior',NULL),(128,'Jovany',142157,'Rohan Junction','Pennsylvania','New Michaela','21659','product handling manager','senior',NULL),(129,'Blanche',145007,'Margarette Islands','Washington','Jaimeport','72297-7692','manager','senior',NULL),(130,'Aliyah',142551,'Chanel Point','Virginia','North Imelda','70862','product handling manager','senior',NULL),(131,'Ellen',136956,'Carolanne Trace','Georgia','West Lelafort','98995','executive manager','senior',NULL),(132,'Geo',125583,'Anais Neck','NorthCarolina','Leuschkefurt','64866-8213','product handling manager','senior',NULL),(133,'Isobel',103942,'Paul Parkways','Oklahoma','Ferryland','86208','executive manager','senior',NULL),(134,'Samantha',102889,'Marie Locks','Delaware','South Marco','25212','manager','senior',NULL),(135,'Monty',143342,'Kshlerin Greens','Colorado','New Louie','04674-8294','manager','senior',NULL),(136,'John',126588,'Amalia Station','Pennsylvania','Reichelberg','59458-5266','manager','senior',NULL),(137,'Danika',103433,'Denis Springs','Texas','Demetriusborough','02188','executive manager','senior',NULL),(138,'Eulalia',107791,'Kenyon Glens','Indiana','Howeshire','17073-7575','manager','senior',NULL),(139,'Neha',132384,'Kitty Islands','Oklahoma','Bartellberg','10483-5959','product handling manager','senior',NULL),(140,'Luisa',144761,'Bennie Trafficway','Kansas','Wilbertmouth','39275','executive manager','senior',NULL),(141,'Dudley',147879,'Tavares Port','Pennsylvania','Port Jasperland','78346-7073','executive manager','senior',NULL),(142,'Cielo',116954,'Peter Station','Tennessee','Lake Adrianaberg','37998','manager','senior',NULL),(143,'Genoveva',118465,'Jaclyn Shoal','Indiana','North Annamarieville','21107-5773','product handling manager','senior',NULL),(144,'Leilani',134144,'Denesik Place','Maryland','Towneshire','24722-1882','senior executive manager','senior',NULL),(145,'Judson',148997,'Fadel Ranch','Washington','West Wyatt','67524','product handling manager','senior',NULL),(146,'Andre',113678,'Felicia Court','Utah','Port Bertramchester','27414','manager','senior',NULL),(147,'Emilio',121828,'Rowland Forest','Louisiana','Keelinghaven','68228-0652','executive manager','senior',NULL),(148,'Mario',116937,'Rice Terrace','Virginia','Elzaland','28143-8890','executive manager','senior',NULL),(149,'Kendall',148981,'Flatley Drive','Pennsylvania','Port Rex','30464','manager','senior',NULL),(150,'Curt',114257,'Wehner Knoll','Michigan','South Kristintown','82113','product handling manager','senior',NULL),(151,'Llewellyn',16063,'Jaeden Port','Illinois','Vitahaven','24173-4396','packing incharge','junior',NULL),(152,'Victoria',18190,'Reggie Mountain','Idaho','Rowefurt','17323','delivery personnel','junior',NULL),(153,'Jarret',25078,'Freda Crest','Minnesota','Bednarmouth','65796','delivery personnel','junior',NULL),(154,'Lesly',35449,'Kirk Spring','Minnesota','Lexuschester','23378-8778','delivery personnel','junior',NULL),(155,'Dejon',46242,'Evie Court','NorthCarolina','Ryannview','85962','delivery personnel','junior',NULL),(156,'Isabelle',48999,'Mann Club','Oregon','Cathrineport','38087','packing incharge','junior',NULL),(157,'Jeffry',29948,'Lennie Village','Tennessee','West Isabellebury','47144','handling assistant','junior',NULL),(158,'Wava',35802,'Cloyd Junction','Maine','South Hester','47080-7651','delivery personnel','junior',NULL),(159,'Tony',39300,'Predovic Expressway','Vermont','Marjolaineberg','93491','delivery personnel','junior',NULL),(160,'Maida',17901,'Jerry Loaf','Maryland','North Wayne','16409-7032','packing incharge','junior',NULL),(161,'Eliseo',38577,'Lind Orchard','NewMexico','South Maxie','77886','handling assistant','junior',NULL),(162,'Freeda',14556,'Cronin Creek','Louisiana','Port Fannyview','36806','delivery personnel','junior',NULL),(163,'Shakira',32278,'Kennedy Creek','SouthCarolina','Runolfsdottirstad','62790','packing incharge','junior',NULL),(164,'Scarlett',29285,'Johan Shoals','Iowa','Princeville','18522-5446','delivery personnel','junior',NULL),(165,'Retha',48726,'Balistreri Unions','Georgia','Aufderharhaven','91676','delivery personnel','junior',NULL),(166,'Ericka',21133,'Jensen Pine','Iowa','Legrosshire','33302','packing incharge','junior',NULL),(167,'Elmira',40213,'Agnes Streets','Kansas','Vonshire','55562','packing incharge','junior',NULL),(168,'Ralph',16180,'Johnson Fall','Alabama','Sawaynport','84122-9324','delivery personnel','junior',NULL),(169,'Xavier',10329,'Heidenreich Key','Iowa','Rolfsonchester','06794-2452','delivery personnel','junior',NULL),(170,'Eloy',17891,'Odie Island','Wisconsin','Eichmannhaven','42748-1606','handling assistant','junior',NULL),(171,'Howell',16055,'Candida Views','Maine','Schimmelfurt','45012','delivery personnel','junior',NULL),(172,'Lazaro',21955,'Damion Courts','Oregon','Armandburgh','08223','handling assistant','junior',NULL),(173,'Marjory',14565,'Alberta Place','Wisconsin','East Jordonborough','86560','delivery personnel','junior',NULL),(174,'Brayan',22775,'Torey Stravenue','Florida','Murrayburgh','96032','packing incharge','junior',NULL),(175,'Genevieve',17358,'Dach Squares','Pennsylvania','Jacobsfort','54019-3671','delivery personnel','junior',NULL),(176,'Cathrine',21203,'Natalie Port','Ohio','West Laneychester','92635','packing incharge','junior',NULL),(177,'Kraig',37649,'Herman Street','Nevada','West Madysontown','64898-7372','delivery personnel','junior',NULL),(178,'Anastasia',13786,'Lewis Camp','Washington','West Kayli','90822','handling assistant','junior',NULL),(179,'Stefanie',37017,'Jayne Field','Montana','Murazikstad','87145-4747','handling assistant','junior',NULL),(180,'Marjory',39656,'Morissette Stravenue','WestVirginia','West Titus','00614-7347','handling assistant','junior',NULL),(181,'Freeda',49662,'Schimmel Parkways','NorthDakota','East Buckhaven','81665','handling assistant','junior',NULL),(182,'Marcelina',20683,'Torphy Neck','Massachusetts','South Sim','96831-6180','delivery personnel','junior',NULL),(183,'Clifford',46512,'Tito Flat','SouthDakota','Hellertown','90628','packing incharge','junior',NULL),(184,'Kiana',30793,'Marquardt Prairie','Idaho','Weberburgh','72332','delivery personnel','junior',NULL),(185,'Macey',11193,'Orn Avenue','Texas','Brandyport','91576-2687','delivery personnel','junior',NULL),(186,'Luz',49366,'Krystina Ford','NorthCarolina','New Mauricio','96037-2944','packing incharge','junior',NULL),(187,'Jairo',34531,'Muller Causeway','Kansas','Karliburgh','72433-6422','packing incharge','junior',NULL),(188,'Delia',33962,'Langosh Extensions','NorthCarolina','Friesenport','09944','delivery personnel','junior',NULL),(189,'Alice',34244,'River Glens','Nevada','Kellieburgh','16664-2864','packing incharge','junior',NULL),(190,'Emelie',18622,'Addie Port','NewJersey','Murrayburgh','06484','handling assistant','junior',NULL),(191,'Rosalee',30009,'Skiles Point','Georgia','Hillaryhaven','32879-4639','handling assistant','junior',NULL),(192,'Neha',34931,'Kimberly Place','Utah','West Kody','61948-2496','handling assistant','junior',NULL),(193,'Ashley',10087,'Gene Keys','District of Columbia','East Brant','31665','delivery personnel','junior',NULL),(194,'Heath',16721,'Oma Roads','Alabama','East Jordyn','39140-3245','delivery personnel','junior',NULL),(195,'Berenice',42986,'Marques Expressway','Illinois','Ianland','28239-1989','packing incharge','junior',NULL),(196,'Brenna',39233,'Colt Route','Ohio','South Estel','80164-5235','delivery personnel','junior',NULL),(197,'Julius',47982,'Upton Fort','Washington','Port Meredith','24287','handling assistant','junior',NULL),(198,'Marcelle',46404,'Kimberly Square','SouthCarolina','New Elody','45204-0846','handling assistant','junior',NULL),(199,'Oda',45895,'Tamara Run','Maine','Keelingshire','31975','delivery personnel','junior',NULL),(200,'Larue',34456,'Jakob Branch','Missouri','Mikechester','82122','packing incharge','junior',NULL),(201,'Lambert',41905,'Adaline Cove','Colorado','South Alexandrea','01889','handling assistant','junior',NULL),(202,'Abbigail',49006,'Brekke Fields','Arizona','South Declan','85343-9039','packing incharge','junior',NULL),(203,'Gerda',11418,'Shayna Forks','Utah','North Edmondfort','30108-4558','packing incharge','junior',NULL),(204,'Laurence',31598,'Lebsack Meadow','Nevada','West Cyrilchester','19187','packing incharge','junior',NULL),(205,'Ben',32810,'Kunde Walks','Iowa','Keelingstad','03975-3356','delivery personnel','junior',NULL),(206,'Marjolaine',15016,'Mia Port','Wyoming','Marksberg','01065-4072','delivery personnel','junior',NULL),(207,'Weldon',40650,'Rico Locks','Illinois','Chloeport','63444','handling assistant','junior',NULL),(208,'Jaleel',30701,'Gleason Gardens','Ohio','Boyerhaven','38057','packing incharge','junior',NULL),(209,'Lisandro',23462,'Edna Freeway','Alabama','Hammeshaven','75810','packing incharge','junior',NULL),(210,'Ophelia',43910,'Freeda Brook','Connecticut','New Elian','09356','delivery personnel','junior',NULL),(211,'Bettie',49180,'Hugh Shoals','Wyoming','Rahsaanville','96699-2375','delivery personnel','junior',NULL),(212,'Kaylin',33876,'Hermann Trafficway','Colorado','Lake Kyra','09610','handling assistant','junior',NULL),(213,'Esmeralda',47638,'Streich Roads','NorthCarolina','Lake Dariontown','38534-6032','delivery personnel','junior',NULL),(214,'Adam',49791,'Dooley View','Vermont','Bartonmouth','33758-2616','delivery personnel','junior',NULL),(215,'Gregoria',24351,'Kemmer Tunnel','Oregon','North Devan','72020','handling assistant','junior',NULL),(216,'Dorothy',46264,'Mosciski Crescent','Utah','Langworthfort','06193','handling assistant','junior',NULL),(217,'Sheridan',17027,'Arvilla Parks','Indiana','Port Kirk','37581','handling assistant','junior',NULL),(218,'Tiffany',27563,'Cade Fork','Oregon','Devanteburgh','63445','delivery personnel','junior',NULL),(219,'Zachary',22419,'Irving Expressway','Wisconsin','Port Aliviashire','75753-4255','packing incharge','junior',NULL),(220,'Minerva',29898,'Art Lake','Delaware','New Kristina','17713','packing incharge','junior',NULL),(221,'Eugene',44757,'Von Way','NorthCarolina','East Elodyview','15132-0333','packing incharge','junior',NULL),(222,'Mario',25118,'Olen Union','Virginia','Elinormouth','68659-0636','packing incharge','junior',NULL),(223,'Ebba',40956,'Lonzo Rapid','Alabama','Kerlukemouth','32562','delivery personnel','junior',NULL),(224,'Carolanne',42649,'Markus Shore','NorthCarolina','West Jacintostad','86461','packing incharge','junior',NULL),(225,'Emelia',47752,'Schuster Vista','Delaware','Treutelfort','57992','handling assistant','junior',NULL),(226,'Marlen',20114,'Colleen Greens','Montana','Lake Clementinahaven','32633','handling assistant','junior',NULL),(227,'Elijah',23003,'Margie Bypass','Delaware','Kovacekbury','39607','delivery personnel','junior',NULL),(228,'Brooks',40945,'Andres Greens','Nebraska','Kierastad','75576-0623','handling assistant','junior',NULL),(229,'Gina',21861,'Marquise Glen','Florida','Jenkinsmouth','29182-0940','delivery personnel','junior',NULL),(230,'Alvena',47759,'Deckow Village','Georgia','East Colemanville','02421-8478','delivery personnel','junior',NULL),(231,'Kennith',45117,'Tanya Walk','Florida','Abrahammouth','47129-1341','delivery personnel','junior',NULL),(232,'Jordy',31350,'Koch Ranch','Louisiana','McKenziestad','32344-8971','delivery personnel','junior',NULL),(233,'Aleen',40742,'Jake Mills','Iowa','Hermannberg','25149','packing incharge','junior',NULL),(234,'Trudie',27959,'Herzog Prairie','Oklahoma','New Sister','73890','handling assistant','junior',NULL),(235,'Ola',12126,'Annabel Pass','Louisiana','Bruenville','19705-5242','delivery personnel','junior',NULL),(236,'Phoebe',28847,'Lehner Park','Kentucky','New Omerton','86586-2817','handling assistant','junior',NULL),(237,'Naomie',22470,'Johns Mount','Hawaii','Johnstonfort','04282','delivery personnel','junior',NULL),(238,'Maureen',20999,'Ron Route','NewYork','Port Marceloborough','07482-3983','packing incharge','junior',NULL),(239,'Lexus',29668,'Gilda Crossroad','Florida','Bauchmouth','67765','handling assistant','junior',NULL),(240,'Dominic',36858,'Shields Pines','Iowa','Port Bettiemouth','01092-5611','delivery personnel','junior',NULL),(241,'Amie',47699,'Nikita Knolls','WestVirginia','Fishermouth','95388-8982','packing incharge','junior',NULL),(242,'Diamond',19153,'Douglas Drive','NorthCarolina','Kohlerport','96006-8554','packing incharge','junior',NULL),(243,'Iliana',46926,'Reynolds Summit','Washington','Javierview','98227-6742','handling assistant','junior',NULL),(244,'Misael',36309,'Cronin Bridge','Illinois','East Donald','27080-7256','packing incharge','junior',NULL),(245,'Athena',14797,'Beatty Orchard','Delaware','Lake Magdalenaville','46679','packing incharge','junior',NULL),(246,'Kameron',14148,'Abbigail Walk','Washington','North Desireeville','45196-8039','delivery personnel','junior',NULL),(247,'Queen',21798,'Pierce Club','California','Eichmannfurt','54622','delivery personnel','junior',NULL),(248,'Fabian',40511,'Upton Loaf','SouthCarolina','North Fannyview','73064-5020','handling assistant','junior',NULL),(249,'Caroline',40787,'Keshawn Neck','Michigan','Darienhaven','75704','packing incharge','junior',NULL),(250,'Osbaldo',43477,'Kassulke Drive','NewMexico','West Cydney','75159-9580','handling assistant','junior',NULL),(251,'Hallie',12163,'Hermiston Dale','Maryland','Krisborough','17449-0559','handling assistant','junior',NULL),(252,'Luther',35422,'Jacky Haven','District of Columbia','South Crystel','67683','handling assistant','junior',NULL),(253,'Jaydon',45354,'Cummings Coves','WestVirginia','Meganehaven','57003-4475','handling assistant','junior',NULL),(254,'Winona',46239,'Zieme Lodge','Connecticut','Jamarcusport','60183-4141','delivery personnel','junior',NULL),(255,'Brooks',33932,'Amelia Plain','Florida','Port Allene','45538-4073','packing incharge','junior',NULL),(256,'Alexandrine',13509,'Jenkins Drive','Indiana','Garrytown','93357-8120','packing incharge','junior',NULL),(257,'Sabrina',16314,'Lind Ville','WestVirginia','Lake Rocio','22470-8189','handling assistant','junior',NULL),(258,'Lew',36872,'Macejkovic Wall','Colorado','Gradychester','41785-6850','handling assistant','junior',NULL),(259,'Skylar',44290,'Genoveva Glen','Wisconsin','East Erickaburgh','00945-9298','delivery personnel','junior',NULL),(260,'Aron',14341,'Blick Forges','Georgia','North Prudence','01680-6512','packing incharge','junior',NULL),(261,'Stefan',44759,'Skiles Shore','District of Columbia','South Rubyeshire','25919','handling assistant','junior',NULL),(262,'Landen',33579,'Gerhold Gardens','NewYork','Priceland','50486','delivery personnel','junior',NULL),(263,'Krista',17934,'Brice Center','Louisiana','Lake Helmer','11272','packing incharge','junior',NULL),(264,'Merritt',21452,'Catharine Lodge','Missouri','Towneland','26427-3419','packing incharge','junior',NULL),(265,'Ruthie',35284,'Hilma Viaduct','Kansas','South Carson','94209-0689','delivery personnel','junior',NULL),(266,'Theodore',44040,'Antonietta Heights','Colorado','Loweton','80992-1617','handling assistant','junior',NULL),(267,'Elliot',19201,'Murray Ports','Delaware','West Elisatown','31976-3461','delivery personnel','junior',NULL),(268,'Marcelina',25415,'Zion Route','NewYork','North Paolo','78769','delivery personnel','junior',NULL),(269,'Michaela',11911,'Gusikowski Oval','Montana','North Amaya','49687','packing incharge','junior',NULL),(270,'Orlando',23395,'Bosco Avenue','RhodeIsland','Claudside','99811','handling assistant','junior',NULL),(271,'Ewell',22531,'Madisyn Junctions','Ohio','Hortenseburgh','97589-8210','handling assistant','junior',NULL),(272,'Marianne',43489,'Damon Circle','Washington','New Jamey','23176-7046','packing incharge','junior',NULL),(273,'Lindsay',24673,'Predovic Streets','Oregon','Lake Jaronburgh','72380-8462','delivery personnel','junior',NULL),(274,'Laurianne',22870,'Schuppe Pines','Maine','Lorenzahaven','68329','handling assistant','junior',NULL),(275,'Tony',31561,'Huel Mountains','Oklahoma','North Danteport','69054-0171','packing incharge','junior',NULL),(276,'Ima',33228,'Alberto Mountains','Louisiana','East Dagmarbury','47896','delivery personnel','junior',NULL),(277,'Ephraim',21152,'Funk Brooks','Maine','East Jessieside','81567','delivery personnel','junior',NULL),(278,'Alysha',15712,'Ankunding Camp','Ohio','Rexside','21558-9524','packing incharge','junior',NULL),(279,'Camille',44378,'Jakubowski Orchard','Ohio','Hermannport','82620','packing incharge','junior',NULL),(280,'Pedro',25331,'Vida Drives','WestVirginia','Destinview','33155-0555','delivery personnel','junior',NULL),(281,'Karson',49335,'Nathaniel Vista','Maryland','Aliciamouth','33329','handling assistant','junior',NULL),(282,'Rafaela',41945,'Huel Turnpike','Utah','Langworthside','59671-7024','packing incharge','junior',NULL),(283,'Brianne',43145,'Caterina Highway','Delaware','Colleenfurt','46738-9347','handling assistant','junior',NULL),(284,'Elvie',22821,'Rita Island','NewHampshire','Corkeryton','62145','handling assistant','junior',NULL),(285,'Fiona',46483,'Brittany Ramp','Nebraska','Kylatown','25886-4214','packing incharge','junior',NULL),(286,'Cleo',11250,'Johns Streets','Missouri','Batzview','41568-1459','delivery personnel','junior',NULL),(287,'Monty',46559,'Sawayn Shore','Connecticut','North Johnnie','01691','packing incharge','junior',NULL),(288,'Haleigh',17950,'Klein Courts','California','Rodriguezfort','95127-2738','handling assistant','junior',NULL),(289,'Elizabeth',18151,'Lueilwitz Dam','Massachusetts','Port Antonefort','88540-7419','packing incharge','junior',NULL),(290,'Russell',44584,'Ayana Fork','Colorado','Port Greyson','39208','handling assistant','junior',NULL),(291,'Hollie',30026,'Modesta Well','Vermont','Geneport','73355-6369','packing incharge','junior',NULL),(292,'Martine',28839,'Leffler Circle','Minnesota','Josephineview','76327-6743','delivery personnel','junior',NULL),(293,'Albert',17141,'Haag Fall','Minnesota','New Ottostad','36991-9051','packing incharge','junior',NULL),(294,'Chanelle',22893,'Freeman Union','Pennsylvania','North Reginaldland','13758','handling assistant','junior',NULL),(295,'Edison',11589,'Johanna Gardens','California','Lake Tyreekmouth','62588','packing incharge','junior',NULL),(296,'Adan',15344,'Beatty Glen','Mississippi','Shawnatown','39820-1618','handling assistant','junior',NULL),(297,'Travon',16497,'Joanne Haven','Nebraska','Port Alicia','71712','handling assistant','junior',NULL),(298,'George',14162,'Block Road','Kansas','Maximetown','23996','packing incharge','junior',NULL),(299,'Isobel',26218,'Evangeline Ridges','Washington','Port Ruthiefort','76551','packing incharge','junior',NULL),(300,'Raheem',13386,'Lubowitz Walk','Washington','Lake Hesterchester','24269-5039','handling assistant','junior',NULL),(301,'Michale',49005,'Clement Gateway','Nevada','Port Mozelle','85294','handling assistant','junior',NULL),(302,'Shemar',16215,'Muller Canyon','SouthDakota','Murphytown','35880','delivery personnel','junior',NULL),(303,'Jay',32249,'Bennie Ports','Utah','Laneychester','15567-6738','handling assistant','junior',NULL),(304,'Lavada',37218,'Vincenza Flats','NorthCarolina','Murraystad','63285-2045','delivery personnel','junior',NULL),(305,'Porter',45316,'Cierra Tunnel','NorthDakota','Allieside','00033-0478','handling assistant','junior',NULL),(306,'Lavern',49935,'Yasmin Port','NewMexico','South Julesside','22061','packing incharge','junior',NULL),(307,'Harrison',39211,'Ellen Extension','NewMexico','Muellerburgh','96253-9666','packing incharge','junior',NULL),(308,'Shanon',15396,'Rusty Glens','Ohio','Jaredbury','24356','packing incharge','junior',NULL),(309,'Oran',49458,'Rodriguez Isle','Maryland','Feilmouth','17169','delivery personnel','junior',NULL),(310,'Camila',11200,'Ines Views','NewJersey','Jacobsonshire','50010-7475','handling assistant','junior',NULL),(311,'Mason',28699,'Jo Garden','NorthCarolina','Gerlachfurt','52154-6887','handling assistant','junior',NULL),(312,'Earl',29077,'Champlin Mission','Massachusetts','North Keith','53061','packing incharge','junior',NULL),(313,'Adaline',26316,'Yost Way','NorthCarolina','Hellerbury','66610-4259','handling assistant','junior',NULL),(314,'Viviane',10447,'Mante Turnpike','Louisiana','Port Natashaborough','91479','handling assistant','junior',NULL),(315,'Hilda',47018,'Beatty Vista','RhodeIsland','South Zita','62055-7920','packing incharge','junior',NULL),(316,'Jany',24594,'Merl Trafficway','Missouri','Ashleyfurt','07006-8315','packing incharge','junior',NULL),(317,'Jeromy',28454,'Ondricka Flats','Pennsylvania','Lindborough','11930-4346','handling assistant','junior',NULL),(318,'Roberta',25783,'Lilyan Centers','Pennsylvania','Casperfurt','82855','delivery personnel','junior',NULL),(319,'Eliane',44871,'Ryan Street','Idaho','Lake Novella','12467','handling assistant','junior',NULL),(320,'Vincenzo',49352,'Bernardo Vista','Oregon','South Helen','85754-4590','packing incharge','junior',NULL),(321,'Ole',20506,'Stracke Burg','Hawaii','Port Kristinafurt','69809-2162','handling assistant','junior',NULL),(322,'Friedrich',45839,'Leannon Village','Iowa','Hayleeshire','13117-8116','packing incharge','junior',NULL),(323,'Darryl',48463,'Adelbert Manors','Virginia','Claireport','64184-3907','handling assistant','junior',NULL),(324,'Laila',25484,'Jeremy Island','Virginia','Rauberg','53415','packing incharge','junior',NULL),(325,'Geovanni',38305,'Angelo Avenue','Tennessee','Barrettview','16298-1673','packing incharge','junior',NULL),(326,'Kelli',28948,'Mario Landing','Kansas','Port Nestortown','00401-6068','handling assistant','junior',NULL),(327,'Adalberto',39174,'Satterfield Fall','Maine','Corinebury','20761-6529','handling assistant','junior',NULL),(328,'Juliet',18134,'Kunze Pass','Vermont','West Ollieside','01157','handling assistant','junior',NULL),(329,'Manuel',26978,'Elsie Circles','SouthCarolina','East Caitlynchester','97718','handling assistant','junior',NULL),(330,'Icie',22662,'Marquardt Inlet','Nebraska','North Lonnychester','99901','delivery personnel','junior',NULL),(331,'Danial',13590,'Lehner Track','Florida','Strosinberg','66039','delivery personnel','junior',NULL),(332,'Thora',30411,'Kyleigh Divide','Virginia','South Priscilla','92509','packing incharge','junior',NULL),(333,'Loren',14322,'Kerluke Mountain','NorthDakota','North Anthony','80732-0230','handling assistant','junior',NULL),(334,'Jarod',20223,'Vernie Port','SouthDakota','Myahport','59528','handling assistant','junior',NULL),(335,'Ramon',19007,'Kathlyn Burgs','Alaska','West Susanna','45231-7650','packing incharge','junior',NULL),(336,'Nico',39938,'Gutmann Harbor','NorthCarolina','Skilesshire','91333','packing incharge','junior',NULL),(337,'Penelope',30116,'Rusty Court','SouthDakota','Hirtheport','53069-2845','handling assistant','junior',NULL),(338,'Judson',47249,'Marie Neck','Indiana','Boyleborough','59976-1286','delivery personnel','junior',NULL),(339,'Oswald',41018,'Mann Oval','Iowa','Abelview','76581','packing incharge','junior',NULL),(340,'Marlen',43884,'Alek Flats','Oregon','Estatown','63362','packing incharge','junior',NULL),(341,'Miguel',40901,'Eryn Cove','Nevada','East Madelynbury','21751','handling assistant','junior',NULL),(342,'Maryjane',35343,'Sallie Port','NewMexico','Damionton','17025','packing incharge','junior',NULL),(343,'Precious',25367,'Cassandra Spring','Vermont','New Alanisland','59063','delivery personnel','junior',NULL),(344,'Angelina',29902,'Harris Union','Missouri','New Ludie','37278-7260','delivery personnel','junior',NULL),(345,'Aileen',15603,'Euna Spur','Alaska','Port Claudfort','61594-8559','delivery personnel','junior',NULL),(346,'Darien',32197,'Gino Cove','Massachusetts','Lake Coralie','04687','packing incharge','junior',NULL),(347,'Marilyne',16337,'Lenna Streets','WestVirginia','New Flossiefort','82334','handling assistant','junior',NULL),(348,'Paolo',26858,'Yundt Summit','Missouri','South Johnpaulchester','31616','delivery personnel','junior',NULL),(349,'Keith',43432,'Dayana Villages','Oklahoma','Port Augustine','56064','packing incharge','junior',NULL),(350,'Daphnee',38642,'Purdy Oval','Iowa','Schroedermouth','33027','packing incharge','junior',NULL),(351,'Katelyn',37873,'Rath Roads','Montana','New Erna','86415','delivery personnel','junior',NULL),(352,'Eleazar',31720,'Marcel Expressway','Arizona','Gusikowskichester','90937-7765','packing incharge','junior',NULL),(353,'Leon',37885,'Connor Brooks','Washington','West Molly','11743-4967','delivery personnel','junior',NULL),(354,'Alisha',17114,'Caleb Junction','Iowa','New Lenoremouth','86088','handling assistant','junior',NULL),(355,'Norwood',44862,'Jose Trail','Minnesota','Schneiderfurt','18604-8136','packing incharge','junior',NULL),(356,'Rick',41872,'Rachel Wells','Louisiana','North Aricfort','29774-3698','handling assistant','junior',NULL),(357,'Blanca',12578,'Oberbrunner Tunnel','SouthDakota','North Woodrowton','93534-5149','delivery personnel','junior',NULL),(358,'Rogers',18895,'Auer Port','NorthDakota','West Emmetland','26666','delivery personnel','junior',NULL),(359,'Pedro',45168,'Jimmy Pine','NewJersey','Lauriechester','79702','handling assistant','junior',NULL),(360,'Dimitri',20326,'Winfield Points','NewHampshire','South Berylton','24211-1699','packing incharge','junior',NULL),(361,'Claudine',47216,'Jason Point','Florida','East Annabel','58857-4170','handling assistant','junior',NULL),(362,'Berenice',48462,'Harber Mission','Vermont','West Traceyberg','75711-3004','handling assistant','junior',NULL),(363,'Kayleigh',13739,'Wilkinson Stravenue','SouthDakota','Port Velda','05529','packing incharge','junior',NULL),(364,'Myrl',19905,'Joanie Hills','WestVirginia','Yasmintown','61501','packing incharge','junior',NULL),(365,'Conrad',24947,'Stehr Inlet','Michigan','Douglashaven','97753-5143','handling assistant','junior',NULL),(366,'Brooke',40785,'Aida Ports','Maine','North Alisonstad','92311-2173','packing incharge','junior',NULL),(367,'Ima',49072,'West Drives','NewJersey','Lake Eda','42124','handling assistant','junior',NULL),(368,'Benton',29782,'Conroy Village','Wyoming','Jarrettstad','25859-6633','handling assistant','junior',NULL),(369,'Marisa',29773,'Heathcote Landing','California','East Heavenmouth','57583-2710','delivery personnel','junior',NULL),(370,'Verner',16004,'Harvey Islands','Montana','East Edmund','80685','handling assistant','junior',NULL),(371,'Delpha',35458,'Spencer Summit','NewHampshire','Bogisichberg','99980','delivery personnel','junior',NULL),(372,'Hanna',29699,'Jast Overpass','Michigan','South Carmenfort','38126-6125','delivery personnel','junior',NULL),(373,'Gordon',48034,'Bartell Throughway','Missouri','Brakushaven','03831','handling assistant','junior',NULL),(374,'Lenora',11180,'Marks Land','Colorado','Weimannchester','62990-4392','delivery personnel','junior',NULL),(375,'Gilbert',11181,'Gaylord Meadows','Wisconsin','Duanemouth','76041','packing incharge','junior',NULL),(376,'Pete',19411,'Waelchi Estates','Oklahoma','Hegmannmouth','40818-1426','delivery personnel','junior',NULL),(377,'Steve',38001,'Marlin Vista','Alabama','Johnstonshire','20042-9635','handling assistant','junior',NULL),(378,'Gordon',19958,'Jakubowski Harbors','Pennsylvania','Mathildeview','55625','handling assistant','junior',NULL),(379,'Joanne',49571,'Hipolito Run','Alaska','Jamarbury','86476','packing incharge','junior',NULL),(380,'Ariane',22996,'Waters Canyon','Georgia','Makaylaport','17317-2755','handling assistant','junior',NULL),(381,'Silas',14970,'Russel Rapid','Alabama','West Aron','87619','delivery personnel','junior',NULL),(382,'Henderson',15335,'Rosalind Drive','Wisconsin','Kaylihaven','28192-6584','handling assistant','junior',NULL),(383,'Blaise',43444,'Breana Valley','Iowa','Lake Monserrate','48197','delivery personnel','junior',NULL),(384,'Khalil',38509,'Wisoky Groves','Nevada','Port Madalynburgh','29845-2638','packing incharge','junior',NULL),(385,'Nathan',45879,'Kub Manors','Colorado','Heathcotemouth','69611','delivery personnel','junior',NULL),(386,'Abigale',28770,'Parisian Skyway','Missouri','Boyerstad','82864','packing incharge','junior',NULL),(387,'Charity',39797,'Rosamond Tunnel','Delaware','O\'Keefefurt','33998','delivery personnel','junior',NULL),(388,'Julia',13201,'Oberbrunner Islands','Hawaii','West Estefaniashire','54986','handling assistant','junior',NULL),(389,'Consuelo',36868,'Lacey Run','Arkansas','South Cornell','99284-6561','packing incharge','junior',NULL),(390,'Danial',33163,'Tillman Burgs','Hawaii','South Michelleville','30276-3249','handling assistant','junior',NULL),(391,'Kianna',36898,'Ali View','Vermont','Lake Andres','33271','handling assistant','junior',NULL),(392,'Merle',14311,'McCullough Crossing','Oregon','Uptonport','44366','delivery personnel','junior',NULL),(393,'Benjamin',43818,'Savanna Ports','NorthCarolina','Leolatown','26412','packing incharge','junior',NULL),(394,'Maurice',11790,'Wilkinson Shores','District of Columbia','East Carolynside','66893-0359','handling assistant','junior',NULL),(395,'Jeffery',39833,'Yolanda Islands','NorthCarolina','Malindaside','39664','delivery personnel','junior',NULL),(396,'Janelle',18520,'Hansen Lodge','Virginia','Brownport','08952','delivery personnel','junior',NULL),(397,'Alberto',32762,'Ebert Court','Arizona','East Queenchester','23695','delivery personnel','junior',NULL),(398,'Odessa',24394,'Fritsch Bridge','Missouri','New Marjory','49723-8739','handling assistant','junior',NULL),(399,'Dahlia',29982,'Jordyn Roads','Arkansas','East Fredyshire','86912','handling assistant','junior',NULL),(400,'Rusty',22211,'Aliza Courts','SouthCarolina','Laneychester','90757-4145','packing incharge','junior',NULL),(401,'Mireille',26159,'Aleen Knolls','Colorado','DuBuquebury','68518','delivery associate','junior',NULL),(402,'Eryn',11315,'Sonya Squares','Alabama','South Aglaeland','67807','delivery in-charge','junior',NULL),(403,'Gaston',25437,'Dock Way','Wisconsin','Jastport','53020-6428','delivery partner','junior',NULL),(404,'Damon',37358,'Muller Divide','District of Columbia','McCulloughtown','61183-8348','delivery in-charge','junior',NULL),(405,'Issac',36161,'Ledner Glen','Colorado','Aufderharview','08365','delivery personnel','junior',NULL),(406,'Ashton',19905,'Rice Plains','Indiana','Port Deja','40424','delivery associate','junior',NULL),(407,'Rosie',37779,'Gaylord Inlet','Maine','North Vella','85054-7317','delivery associate','junior',NULL),(408,'Estefania',45842,'Walker Ford','Tennessee','South Armani','62081','delivery associate','junior',NULL),(409,'Nathanial',33806,'Kaia Gardens','Alaska','New Marquis','69712-8103','delivery in-charge','junior',NULL),(410,'Cynthia',44273,'Raina Walk','Arkansas','Kellyhaven','81652','delivery personnel','junior',NULL),(411,'Zachery',34466,'Jast Street','RhodeIsland','New Aishabury','43423','delivery personnel','junior',NULL),(412,'Barry',21800,'Moore Village','Louisiana','South Brennonborough','42122-0908','delivery associate','junior',NULL),(413,'Jasper',49813,'Raina Stravenue','Arizona','Violetteberg','82934-0008','delivery partner','junior',NULL),(414,'Sonya',34788,'Roob Club','Vermont','Lake Morton','63847','delivery in-charge','junior',NULL),(415,'Vernie',30309,'Hessel Centers','Alaska','East Luella','28067','delivery personnel','junior',NULL),(416,'Francisco',31353,'Mueller Centers','Maryland','South Stefanie','56065-3665','delivery in-charge','junior',NULL),(417,'Paxton',19156,'Lucy Village','Illinois','East Hubertville','47196-6167','delivery partner','junior',NULL),(418,'Alberto',41824,'Mante Lights','Wisconsin','Leannonshire','76317-6917','delivery personnel','junior',NULL),(419,'Augustus',33328,'Emmy Brook','Missouri','West Lexie','81995','delivery personnel','junior',NULL),(420,'Reta',26419,'Bernhard Unions','Iowa','Starkfurt','18568-2739','delivery associate','junior',NULL),(421,'Alyce',47174,'Senger Village','NorthCarolina','North Bridie','69223-0989','delivery personnel','junior',NULL),(422,'Jarvis',47631,'Savanna Center','District of Columbia','South Daniella','83737','delivery personnel','junior',NULL),(423,'Ferne',24493,'Tressie Heights','Vermont','Lake Douglas','24701-3009','delivery in-charge','junior',NULL),(424,'Millie',27138,'Gerhard Plains','Maine','New Guy','89622','delivery in-charge','junior',NULL),(425,'Myron',15980,'Nicklaus Valleys','Idaho','New Kayli','09469','delivery associate','junior',NULL),(426,'Guiseppe',41051,'Ardith Shoals','Nebraska','North Emilioport','13616','delivery associate','junior',NULL),(427,'Timmothy',31318,'Maxie Mews','Maryland','West Jimmy','57630','delivery in-charge','junior',NULL),(428,'Maribel',10756,'Cronin Parks','Nevada','Gageburgh','82791','delivery associate','junior',NULL),(429,'Arnoldo',30377,'Ricardo Track','NewYork','North Pearlie','98857','delivery partner','junior',NULL),(430,'Mabelle',44172,'Maxie Islands','Virginia','Augustaton','68811','delivery associate','junior',NULL),(431,'Nakia',35337,'Patsy River','Iowa','Alekbury','20827-2277','delivery partner','junior',NULL),(432,'Zora',49462,'Tiara Canyon','Texas','Runtetown','21647-4727','delivery associate','junior',NULL),(433,'Hollie',30754,'Ernser Forge','Minnesota','Ondrickaland','23156-4663','delivery in-charge','junior',NULL),(434,'Emmanuelle',15464,'Lind Village','Mississippi','West Raymundoland','61588-2421','delivery personnel','junior',NULL),(435,'Rosendo',46617,'Lubowitz Course','Indiana','West Evalynchester','31906-0687','delivery in-charge','junior',NULL),(436,'Jarrett',10656,'Reinger Underpass','WestVirginia','South Willie','63760-4874','delivery in-charge','junior',NULL),(437,'Leonel',21437,'Kole Mountain','NewJersey','Hassiehaven','64833-7493','delivery personnel','junior',NULL),(438,'Elmo',23286,'Dickinson Circle','Texas','West Asa','73781-3371','delivery personnel','junior',NULL),(439,'Alexandre',44710,'Velda Harbors','Indiana','Makenzieport','87475','delivery associate','junior',NULL),(440,'Deanna',49346,'Nils Estates','Pennsylvania','Gottliebville','49786-3490','delivery personnel','junior',NULL),(441,'Jovany',24050,'Enola Islands','Hawaii','Friesenfurt','74780','delivery in-charge','junior',NULL),(442,'Dylan',36021,'Reichel Skyway','Michigan','Nonatown','79464-5451','delivery partner','junior',NULL),(443,'Archibald',13226,'Vance Island','Arizona','West Pascalemouth','83289-0917','delivery in-charge','junior',NULL),(444,'Evelyn',38047,'Adella Vista','Maine','North Dejashire','58011-0307','delivery associate','junior',NULL),(445,'Vivien',31133,'Braun Underpass','California','New Alexie','48112-3803','delivery personnel','junior',NULL),(446,'Ena',11898,'Brenna Union','NewJersey','East Kamrenport','99151-3459','delivery personnel','junior',NULL),(447,'Carolanne',10099,'Jerde Throughway','Florida','New Norbert','51850-1536','delivery partner','junior',NULL),(448,'Mack',11589,'Zemlak Manor','Alaska','West Sally','91881-4877','delivery in-charge','junior',NULL),(449,'Isac',11141,'Vernie Station','Louisiana','Port Alexander','29642','delivery partner','junior',NULL),(450,'Lesly',34957,'McLaughlin Crossing','NewYork','Jacobsshire','27705-4108','delivery partner','junior',NULL),(451,'Jimmy',42650,'Fadel Ports','Wyoming','North Eladio','05032-9896','delivery in-charge','junior',NULL),(452,'Belle',11138,'Clovis Shoal','SouthDakota','New Gaylord','57979','delivery associate','junior',NULL),(453,'Ashley',11686,'Zulauf Court','Wisconsin','Corkeryburgh','63693','delivery in-charge','junior',NULL),(454,'Aniya',49522,'Hauck Estates','Minnesota','Lake Breana','21204','delivery associate','junior',NULL),(455,'Itzel',13442,'Aracely Land','District of Columbia','West Madonna','10924-1168','delivery associate','junior',NULL),(456,'Maude',46274,'Rutherford Trace','Ohio','New Steve','89399-1253','delivery partner','junior',NULL),(457,'Estell',44037,'Ritchie Neck','Iowa','East Aaronfurt','88128-0997','delivery partner','junior',NULL),(458,'Leda',18733,'Muller Lakes','Georgia','Lynchfurt','00640','delivery personnel','junior',NULL),(459,'Marty',21754,'Florencio Via','Iowa','Lake Kristaborough','46682-3457','delivery associate','junior',NULL),(460,'Stephania',33415,'Emily Terrace','Texas','East Daxmouth','54686-6712','delivery in-charge','junior',NULL),(461,'Magdalena',21079,'Rowe Glens','Florida','Jesston','25582','delivery in-charge','junior',NULL),(462,'Ali',20122,'Veda Mill','NewJersey','South Bernieport','39948-8997','delivery personnel','junior',NULL),(463,'Marc',33213,'Jeramie Trace','Washington','Cronaberg','21619','delivery personnel','junior',NULL),(464,'Donavon',27358,'Edwina Dale','California','Lake Herminiatown','25538-2494','delivery personnel','junior',NULL),(465,'Nickolas',20809,'Abernathy Fall','Vermont','North Kelley','19658-7655','delivery in-charge','junior',NULL),(466,'Wilber',45279,'Jayson Forks','Pennsylvania','Reynoldston','89037-0730','delivery personnel','junior',NULL),(467,'Ruben',18994,'Kira Parks','Wyoming','Mullerbury','97645-1287','delivery associate','junior',NULL),(468,'Kimberly',20982,'Rolando Stream','Utah','Port Peytonville','92397-4350','delivery associate','junior',NULL),(469,'Jettie',27409,'Martin Point','Illinois','Monahanview','97344-9164','delivery in-charge','junior',NULL),(470,'Ari',28942,'Kacie Expressway','SouthDakota','East Estefania','43353-5949','delivery personnel','junior',NULL),(471,'Benjamin',48724,'Pollich Villages','Montana','South Dellaberg','30695-0610','delivery partner','junior',NULL),(472,'Joey',11099,'Linwood Lane','Arizona','Port Kayli','81170-0442','delivery personnel','junior',NULL),(473,'Rae',33096,'Welch Rapids','Hawaii','Pagacside','20928-9641','delivery partner','junior',NULL),(474,'Eliane',46005,'Langworth Extensions','Michigan','North Nelleshire','15339','delivery associate','junior',NULL),(475,'Gino',26231,'Malinda Point','NorthDakota','West Sheaport','14333','delivery partner','junior',NULL),(476,'Columbus',24121,'McKenzie Cliff','Texas','Lake Martystad','43352','delivery in-charge','junior',NULL),(477,'Felton',31592,'Jerrold Park','Utah','South Furmanton','14412','delivery partner','junior',NULL),(478,'Cloyd',49618,'Jaquan Divide','Nevada','Webertown','10974-4804','delivery associate','junior',NULL),(479,'Everette',33075,'Vernice Forks','NorthDakota','Marquesshire','70629','delivery personnel','junior',NULL),(480,'Maribel',42285,'Kautzer Squares','Oregon','Haagchester','81481','delivery associate','junior',NULL),(481,'Marcelo',31397,'Katlyn Coves','SouthDakota','Bartonport','23473-6017','delivery partner','junior',NULL),(482,'Elisabeth',38930,'Roob Underpass','Connecticut','Langside','57726','delivery in-charge','junior',NULL),(483,'Lavina',39033,'Laurine Station','Arkansas','Gibsonberg','16462','delivery in-charge','junior',NULL),(484,'Constance',31711,'Bernita Motorway','Maryland','Staceytown','24277','delivery associate','junior',NULL),(485,'Amy',10319,'Marianne Valleys','NewHampshire','West Valentina','13550','delivery associate','junior',NULL),(486,'Armando',29539,'Chaz Branch','Virginia','East Vada','83229','delivery partner','junior',NULL),(487,'Guadalupe',47597,'Jeffry Harbor','Alaska','Port Amari','82943','delivery associate','junior',NULL),(488,'Margarette',22014,'Yadira Circle','NewYork','Koelpintown','78182-5202','delivery partner','junior',NULL),(489,'Nedra',43531,'Fredrick Knolls','Mississippi','Soniastad','15692-7344','delivery personnel','junior',NULL),(490,'Eveline',36475,'Blaise Fields','Utah','Wuckertburgh','69289-2577','delivery personnel','junior',NULL),(491,'Frances',41785,'Hazel Creek','Oregon','Lake Marco','84353','delivery personnel','junior',NULL),(492,'Clint',19390,'Addison Mountains','WestVirginia','East Ellaton','98284-2911','delivery personnel','junior',NULL),(493,'Sasha',13880,'McDermott Valley','Alaska','East Candiceborough','18503','delivery in-charge','junior',NULL),(494,'Lia',19982,'Beer Ford','NewJersey','West Myrtle','18460','delivery personnel','junior',NULL),(495,'Donnie',24513,'Guiseppe Landing','Illinois','Port Georgianna','91542','delivery associate','junior',NULL),(496,'Retta',17363,'Kelsi Burg','Florida','South Chelsie','45184','delivery associate','junior',NULL),(497,'Cathy',33298,'Langosh Isle','Utah','Wilmerburgh','97051','delivery personnel','junior',NULL),(498,'Retta',31468,'Abshire Trail','Alaska','Mikelhaven','10895-3673','delivery personnel','junior',NULL),(499,'Ericka',30457,'Schuppe Point','Oregon','Mertzport','21024','delivery personnel','junior',NULL),(500,'Rubie',49661,'Schinner Bridge','Wisconsin','West Rylee','46578','delivery partner','junior',NULL),(501,'Adeline',21025,'Hirthe Skyway','Minnesota','Loybury','53133','delivery in-charge','junior',NULL),(502,'Robb',31599,'Florence Mountain','Michigan','Lake Estella','51678-4189','delivery partner','junior',NULL),(503,'Herminia',11244,'Welch Trafficway','Florida','North Priscilla','48575','delivery partner','junior',NULL),(504,'Katharina',22258,'Watsica Lodge','Pennsylvania','West Luella','63426','delivery associate','junior',NULL),(505,'Charles',27609,'Labadie Brooks','District of Columbia','South Shanytown','33013-3526','delivery associate','junior',NULL),(506,'Lonzo',26689,'Deshawn Keys','California','West Dorothea','37380-0134','delivery personnel','junior',NULL),(507,'Mollie',11209,'Viviane Station','Illinois','Thadfort','19383-0649','delivery personnel','junior',NULL),(508,'Don',10044,'Benton Trail','SouthCarolina','Claudiemouth','57312-5098','delivery associate','junior',NULL),(509,'Krista',46792,'Lucie Vista','Nevada','East Nyasiachester','48741','delivery partner','junior',NULL),(510,'Allene',37628,'Keeling Locks','NewHampshire','East Roscoe','93048-8272','delivery in-charge','junior',NULL),(511,'Katelin',19146,'Serenity Fall','Missouri','New Cayla','69513','delivery personnel','junior',NULL),(512,'Adelbert',43547,'Walsh Path','Indiana','Jonathanshire','47370','delivery personnel','junior',NULL),(513,'Rozella',24225,'Fahey Mission','Wyoming','Lake Dorian','61620','delivery personnel','junior',NULL),(514,'Ayla',22064,'Emmerich Manor','Indiana','Lake Greyson','75389-4470','delivery partner','junior',NULL),(515,'Marcelino',16077,'Langworth Union','Montana','Lake Everardofurt','65379','delivery associate','junior',NULL),(516,'Quinton',20588,'Jammie Plaza','Indiana','Schimmelville','82420-4793','delivery personnel','junior',NULL),(517,'Chance',33572,'Cynthia Inlet','SouthCarolina','Glovershire','93246','delivery associate','junior',NULL),(518,'Yasmin',41812,'Goodwin Gateway','Nevada','Alexandriaton','61118','delivery personnel','junior',NULL),(519,'Bertha',30564,'Daniela Point','Hawaii','Lake Calistaberg','07406','delivery partner','junior',NULL),(520,'Ross',21106,'Kassulke View','Connecticut','East Maymie','33683','delivery personnel','junior',NULL),(521,'Keanu',41625,'Bosco Views','NewHampshire','Krystinaport','88535-6216','delivery personnel','junior',NULL),(522,'Arno',36874,'Price Road','NorthCarolina','Port Kevonmouth','57962','delivery personnel','junior',NULL),(523,'Ladarius',18567,'Tod Shore','Indiana','Carrollton','32009','delivery in-charge','junior',NULL),(524,'Maeve',38466,'Bradtke Dale','Georgia','Lake Grant','57382-7438','delivery personnel','junior',NULL),(525,'Arianna',16915,'Reilly Valley','Mississippi','Lake Kira','05008-3989','delivery associate','junior',NULL),(526,'Frank',28487,'Wilfredo Causeway','Oklahoma','East Daxbury','28885','delivery in-charge','junior',NULL),(527,'Kevin',15784,'Tremblay Common','Montana','South Luciouston','20191-0182','delivery personnel','junior',NULL),(528,'Mariam',48247,'Genoveva Place','Tennessee','Walshton','24384','delivery partner','junior',NULL),(529,'Mackenzie',21800,'Abigail Fords','SouthCarolina','Port Elbertport','88188-4229','delivery in-charge','junior',NULL),(530,'Ryleigh',37320,'Zachariah Roads','RhodeIsland','Arnoldostad','17871-3019','delivery partner','junior',NULL),(531,'Deshaun',36956,'Creola Mill','Texas','East Salvador','13692-4143','delivery associate','junior',NULL),(532,'Cora',31615,'Eli Ways','RhodeIsland','Kennithtown','64972-7718','delivery personnel','junior',NULL),(533,'Deshaun',42851,'Zena Lodge','Tennessee','Waelchiton','64519-7929','delivery in-charge','junior',NULL),(534,'Bart',20518,'Jast Isle','NorthCarolina','Haylieburgh','19766-1228','delivery partner','junior',NULL),(535,'Bartholome',36899,'Vandervort Parkway','Massachusetts','Bashirianberg','98450-3298','delivery personnel','junior',NULL),(536,'Margaretta',16790,'Keeling Shoals','NewYork','South Vinnie','12500-0511','delivery personnel','junior',NULL),(537,'Cheyenne',22764,'Langworth Parkway','Illinois','Noemiemouth','84723','delivery personnel','junior',NULL),(538,'Natalia',34907,'Beahan Light','Nevada','West Tinabury','14884','delivery personnel','junior',NULL),(539,'Gerhard',18858,'Kara Radial','Mississippi','Lake Anita','72885-8402','delivery partner','junior',NULL),(540,'Dixie',35266,'Victoria Shoals','Arizona','Analand','72866-2107','delivery associate','junior',NULL),(541,'Ernesto',12432,'Rebekah Neck','Montana','South Brando','97725-2709','delivery personnel','junior',NULL),(542,'Ralph',32437,'Weissnat Stravenue','Ohio','West Octaviastad','78143-1777','delivery associate','junior',NULL),(543,'Willard',11505,'Aufderhar Avenue','Ohio','Pacochaland','74725-4043','delivery in-charge','junior',NULL),(544,'Jean',46516,'Denesik Bypass','Utah','West Lola','03810-2473','delivery partner','junior',NULL),(545,'George',17366,'Anabelle Street','NewYork','North Modesto','13043','delivery partner','junior',NULL),(546,'Brennon',29125,'Fausto Via','Idaho','West Emmalee','91588','delivery associate','junior',NULL),(547,'Rodolfo',19809,'Loyal Wells','Mississippi','Grimestown','43440','delivery partner','junior',NULL),(548,'Arielle',25366,'Ryley Roads','Massachusetts','Ginoburgh','33050','delivery associate','junior',NULL),(549,'Helen',21142,'Moore Row','Vermont','North Hunter','46060','delivery in-charge','junior',NULL),(550,'Myriam',38210,'Dickinson Trail','Maine','Isaifort','16926-6564','delivery associate','junior',NULL),(551,'Jerald',25823,'Schiller Common','Delaware','Alisashire','13669','delivery in-charge','junior',NULL),(552,'Elmira',30062,'Turcotte Ports','NewHampshire','Corwinville','91549','delivery in-charge','junior',NULL),(553,'Dortha',24692,'Ned Tunnel','NorthDakota','South Virgil','87283','delivery partner','junior',NULL),(554,'Emile',32702,'Zieme Island','Hawaii','Nicolashaven','90190','delivery partner','junior',NULL),(555,'Lukas',32335,'Willie Stream','Texas','West Sidney','71313-6570','delivery associate','junior',NULL),(556,'Laurel',13018,'Gillian Valleys','Utah','West Libbie','32728','delivery personnel','junior',NULL),(557,'Audrey',18865,'Feest Roads','Nebraska','East Romaine','76139-0540','delivery partner','junior',NULL),(558,'Lula',33503,'Clarabelle Course','SouthCarolina','South Myrnafort','06635','delivery in-charge','junior',NULL),(559,'Eric',41077,'Jaylan Greens','Delaware','South Diamond','38234-2798','delivery partner','junior',NULL),(560,'Joyce',43479,'Mayert Springs','Michigan','West Martystad','26872','delivery associate','junior',NULL),(561,'Nels',15243,'Shanelle Parks','SouthCarolina','Gleichnerstad','22985-8625','delivery associate','junior',NULL),(562,'Annabell',49249,'Cronin Road','Washington','Rowechester','31213','delivery personnel','junior',NULL),(563,'Vicente',14264,'Joe Port','Illinois','Calistachester','00812','delivery partner','junior',NULL),(564,'Jillian',43846,'Brendan Circle','SouthCarolina','North Tannerton','27555-3688','delivery associate','junior',NULL),(565,'Lyla',41879,'Fadel Lake','Missouri','Schmittton','14760-6233','delivery in-charge','junior',NULL),(566,'Amely',44766,'Tremblay Pines','Oklahoma','Shawnafurt','96322-2142','delivery partner','junior',NULL),(567,'Santina',38175,'Cremin Light','Montana','Alainahaven','55828','delivery associate','junior',NULL),(568,'Lennie',49260,'Raynor Views','Alaska','Bartonmouth','66212','delivery associate','junior',NULL),(569,'Sarai',11658,'O\'Kon Club','Vermont','Cremintown','63142','delivery personnel','junior',NULL),(570,'Myrtle',45142,'Keeling Manor','NewYork','Lake Mose','99423','delivery personnel','junior',NULL),(571,'Cayla',45959,'Selmer Views','Texas','New Yasmeenberg','91787','delivery partner','junior',NULL),(572,'Sadie',19255,'Heidi Mill','Missouri','West Joeyville','57233-9479','delivery partner','junior',NULL),(573,'Taryn',11117,'Derick Mall','Maryland','East Theo','53498-7072','delivery partner','junior',NULL),(574,'Abner',28358,'Williamson Ville','Maine','West Maxine','81773','delivery personnel','junior',NULL),(575,'Eldon',43887,'Hodkiewicz Trail','Massachusetts','Mertzburgh','78577-7180','delivery personnel','junior',NULL),(576,'Anais',12820,'Purdy Islands','NorthCarolina','Lake Maiaside','02074-0972','delivery partner','junior',NULL),(577,'Kira',13204,'Chase Isle','Connecticut','New Jamison','44952','delivery partner','junior',NULL),(578,'Cecil',11142,'Barton Road','Illinois','Ernestborough','62707','delivery in-charge','junior',NULL),(579,'Mara',30945,'Leonardo Corners','Pennsylvania','Nathenbury','47069-6024','delivery in-charge','junior',NULL),(580,'Jabari',42082,'Glen Extension','Illinois','Danielachester','98390-8826','delivery partner','junior',NULL),(581,'Terrence',48765,'Daniela Mount','Maine','Bernierview','63701-3755','delivery personnel','junior',NULL),(582,'Katharina',30606,'Micheal Ramp','Tennessee','New Remington','99804-5700','delivery associate','junior',NULL),(583,'Torrey',34629,'Taya Mall','NorthDakota','North Jacquelyn','62166','delivery associate','junior',NULL),(584,'Vesta',33999,'Verla Junction','Indiana','East Rebekah','09372','delivery partner','junior',NULL),(585,'Liana',23982,'Sanford Grove','Utah','Tiaside','97189','delivery partner','junior',NULL),(586,'Jannie',25598,'Christopher Way','Louisiana','South Ashley','92696','delivery associate','junior',NULL),(587,'Jed',10341,'Angelina Walks','Delaware','Vaughnport','69743','delivery in-charge','junior',NULL),(588,'Albin',39786,'Bartoletti Inlet','Nevada','Cassinfurt','99900','delivery associate','junior',NULL),(589,'Arjun',24301,'Schamberger Courts','Nebraska','Lake Mireille','07941','delivery associate','junior',NULL),(590,'Crawford',45488,'Lewis Spur','District of Columbia','West Baylee','13539-0450','delivery associate','junior',NULL),(591,'Cristina',11138,'Karley Track','NewJersey','Lake Rebeka','83466','delivery partner','junior',NULL),(592,'Eleanora',34795,'Ida Track','Utah','North Meggie','13204','delivery partner','junior',NULL),(593,'Destiny',37922,'Macejkovic Cove','Alabama','Gunnarmouth','53280-3232','delivery partner','junior',NULL),(594,'Kaylin',15637,'Tevin Turnpike','Arkansas','Lake Yasmine','77296','delivery associate','junior',NULL),(595,'Eileen',22374,'Harvey View','Utah','Garrettberg','34161','delivery partner','junior',NULL),(596,'Mertie',29056,'Isaiah Island','Hawaii','Port Annabellemouth','87436','delivery in-charge','junior',NULL),(597,'Ignatius',42928,'Bashirian Center','Washington','South Milan','89195-6404','delivery personnel','junior',NULL),(598,'Aidan',21724,'Roberts Drive','Kentucky','Port Ernestine','55954-9950','delivery partner','junior',NULL),(599,'Neoma',45678,'Henry Forges','Michigan','Port Orvillefurt','65582-3477','delivery personnel','junior',NULL),(600,'Jonas',29024,'Vern Freeway','NewJersey','Lake Warren','53107-3826','delivery partner','junior',NULL),(601,'Immanuel',10934,'Mills Circles','Alaska','Karinaside','54706','customer care executive','junior',NULL),(602,'Gladys',30845,'Dickinson Key','Iowa','East Metaview','07486-3071','customer care associate','junior',NULL),(603,'King',30433,'Watsica Junctions','Arizona','Lake Rubenview','50166','customer care executive','junior',NULL),(604,'Emerson',47042,'Dangelo Glen','WestVirginia','Erwinmouth','33772','customer care associate','junior',NULL),(605,'Ashtyn',42260,'Felicia Neck','NorthCarolina','Lake Adellafort','76304-5933','customer care associate','junior',NULL),(606,'Breana',19123,'Bins Mount','WestVirginia','Marquesland','38442','customer care associate','junior',NULL),(607,'Arvilla',22218,'Hettinger Lake','NewJersey','Port Tellyville','51478-0393','customer care executive','junior',NULL),(608,'Zelma',22413,'Krystel Isle','Minnesota','Jeffereystad','87511-8262','customer care executive','junior',NULL),(609,'Stefan',33013,'Donnelly Forges','Utah','New Ismael','09107-6304','customer care associate','junior',NULL),(610,'Earl',44416,'Schmidt Creek','Wisconsin','West Michael','89387-9143','customer care associate','junior',NULL),(611,'Jordy',30894,'Monserrate Well','Florida','Kossfort','92377-3037','customer care associate','junior',NULL),(612,'Dee',18508,'Felipa Ridge','Hawaii','West America','03712-7859','customer care associate','junior',NULL),(613,'Gabe',23773,'Hamill Trafficway','Alabama','South Ashlynnside','03576-8065','customer care executive','junior',NULL),(614,'Lennie',20106,'Randal Ways','RhodeIsland','West Claytown','79516-3060','customer care executive','junior',NULL),(615,'Napoleon',42797,'Tillman Circles','Idaho','Port Charityfort','84440-0701','customer care associate','junior',NULL),(616,'Aliyah',13575,'Haag Square','Montana','Lindstad','61989','customer care executive','junior',NULL),(617,'Clovis',32900,'Runolfsson Plain','Oregon','Williebury','51992','customer care associate','junior',NULL),(618,'Raina',39112,'Christine Mountain','Hawaii','Predovicmouth','24205','customer care executive','junior',NULL),(619,'Verdie',14341,'Zachery Course','NewJersey','South Edwardofurt','66594-2465','customer care associate','junior',NULL),(620,'Tyrese',43983,'Carlo Gardens','Arizona','Port Harmonyfurt','10133-5341','customer care associate','junior',NULL),(621,'Roberto',11189,'Gleichner Flat','Mississippi','Lake Liastad','65879','customer care associate','junior',NULL),(622,'Josefina',42835,'Bell Viaduct','SouthDakota','North Ari','31016-9433','customer care associate','junior',NULL),(623,'Luna',44774,'Cindy Landing','NewMexico','West Janelleview','48952','customer care executive','junior',NULL),(624,'Pedro',47928,'Stracke Pine','Montana','Ramonaland','90291','customer care associate','junior',NULL),(625,'Axel',31790,'Cleo Meadows','SouthCarolina','New Bertramstad','12806','customer care associate','junior',NULL),(626,'Heather',38003,'Abernathy Highway','Delaware','West Lennastad','61380-9719','customer care associate','junior',NULL),(627,'Kasandra',12611,'Lubowitz Ferry','Montana','East Yeseniaton','45717','customer care executive','junior',NULL),(628,'Freddie',46463,'Greenholt Ferry','Oklahoma','Nienowmouth','05223','customer care associate','junior',NULL),(629,'Cordelia',36832,'Daugherty Views','NorthDakota','West Trentstad','68516-8573','customer care associate','junior',NULL),(630,'Jeramy',29357,'Nellie Turnpike','Texas','North Macy','29378-2725','customer care executive','junior',NULL),(631,'Giuseppe',17790,'Swift Isle','Arizona','Gradyberg','26272','customer care executive','junior',NULL),(632,'Dejuan',33613,'Roscoe Path','Missouri','Murazikfurt','41864-8556','customer care associate','junior',NULL),(633,'Aurore',28214,'Kassulke Falls','Iowa','Lake Celia','90762-2854','customer care associate','junior',NULL),(634,'Nadia',22807,'Klocko Point','District of Columbia','Lake Suzanne','03492-7989','customer care associate','junior',NULL),(635,'Albina',21978,'Olson Drive','Nebraska','Champlinside','49632','customer care executive','junior',NULL),(636,'Mallie',43690,'Kirlin Knolls','Illinois','Wizamouth','17144','customer care associate','junior',NULL),(637,'Aliza',15538,'Jewell Gardens','Maryland','Hollisville','27230','customer care associate','junior',NULL),(638,'Jaycee',32775,'Jaycee Village','Tennessee','Abernathyborough','03882','customer care executive','junior',NULL),(639,'Beryl',40793,'Boyer Highway','California','New Mayaside','77130','customer care executive','junior',NULL),(640,'Estevan',39063,'Feil Squares','Nevada','Julianneshire','44962','customer care associate','junior',NULL),(641,'Tevin',10735,'Deon Shore','Colorado','Runtechester','60801','customer care executive','junior',NULL),(642,'Letha',40872,'Margarette Plain','Maine','Stoltenbergside','63000','customer care executive','junior',NULL),(643,'Doug',27332,'Heathcote Loaf','Minnesota','Nicolashaven','06242','customer care associate','junior',NULL),(644,'Carol',19258,'Bernier Drive','California','North Coralieborough','34757','customer care associate','junior',NULL),(645,'Gonzalo',33416,'Cremin Dale','Kentucky','Baileyfurt','88075-6251','customer care associate','junior',NULL),(646,'Joaquin',29503,'Emie Trail','Colorado','East Willisberg','97251','customer care associate','junior',NULL),(647,'Nella',27863,'Keshaun Fall','Michigan','West Edmondmouth','80048','customer care executive','junior',NULL),(648,'Neoma',45071,'Brakus Junction','Hawaii','Lake Frederickstad','80423','customer care executive','junior',NULL),(649,'Anika',32280,'Bins Junctions','Hawaii','Lake Eugenia','18912-6732','customer care executive','junior',NULL),(650,'Trenton',47295,'Schmidt Mission','Virginia','Gleichnerland','13745','customer care associate','junior',NULL),(651,'Karianne',116070,'Reinger Bridge','NewYork','Beattyside','61344-8634','customer care manager','senior',NULL),(652,'Thelma',106209,'Osvaldo Gateway','Maryland','North Abigailbury','17599-4064','customer care manager','senior',NULL),(653,'Hugh',104213,'Erick Lodge','Minnesota','Lake Lafayette','53830','customer care in-charge','senior',NULL),(654,'Nikita',112721,'Greenholt Mountain','Washington','Gustaveview','20425-5790','customer care in-charge','senior',NULL),(655,'Dorothy',132043,'Leanne Stravenue','California','Johannachester','96382-7438','customer care manager','senior',NULL),(656,'Scarlett',109571,'Feest Forges','Alaska','Okunevaburgh','71513-3729','customer care in-charge','senior',NULL),(657,'Gustave',135697,'Pagac Hill','Idaho','North Jaqueline','97106-8892','customer care manager','senior',NULL),(658,'Hazel',143315,'Camryn Lodge','Connecticut','Marquardtfurt','67506-7966','customer care in-charge','senior',NULL),(659,'Ciara',146364,'Rosenbaum Ford','Arizona','Kirlinmouth','66663','customer care manager','senior',NULL),(660,'Dax',131216,'Lynch Court','Michigan','Liachester','52260','customer care manager','senior',NULL),(661,'Kaylah',117399,'Koss Vista','Kansas','Terryborough','14607-9377','customer care in-charge','senior',NULL),(662,'Ulises',139125,'Fredy Plaza','Minnesota','New Granvillebury','61967','customer care manager','senior',NULL),(663,'Mossie',112291,'Keara Light','Kentucky','Port Carol','64762-2126','customer care manager','senior',NULL),(664,'Nayeli',149298,'Corene Underpass','Georgia','Wilkinsonbury','61334','customer care manager','senior',NULL),(665,'Monte',126237,'Toy Forge','Louisiana','East Tristin','04463','customer care manager','senior',NULL),(666,'Garrison',117987,'Iliana Green','Pennsylvania','Port Chesley','89624','customer care in-charge','senior',NULL),(667,'Mable',137105,'Daisha Lodge','SouthDakota','Hamillside','13631-9095','customer care in-charge','senior',NULL),(668,'Audie',130303,'Schulist Isle','Illinois','Predovicburgh','52447','customer care manager','senior',NULL),(669,'Cloyd',124740,'Cruickshank Coves','Oklahoma','Gaystad','77796-5984','customer care manager','senior',NULL),(670,'Okey',111677,'Cole Extensions','NewYork','East Edwinport','18620-4665','customer care manager','senior',NULL),(671,'Henderson',124046,'Amy Park','Oklahoma','Hermannmouth','95255','customer care manager','senior',NULL),(672,'Joannie',117702,'Hermann Coves','Oklahoma','Lake Clay','06399','customer care manager','senior',NULL),(673,'Alyson',130824,'Bosco Dam','Oregon','West Janaeville','14851','customer care in-charge','senior',NULL),(674,'Marcos',144126,'Evert Throughway','Connecticut','Selinashire','94354-7403','customer care manager','senior',NULL),(675,'Marcia',105361,'Marvin Path','Colorado','West Billland','27329-6139','customer care manager','senior',NULL),(676,'Davin',118106,'Fay Cove','Alabama','South Rachael','31168','customer care in-charge','senior',NULL),(677,'Diamond',128245,'Carter Harbors','Washington','Port Verlieberg','52705','customer care in-charge','senior',NULL),(678,'Savannah',118339,'Maggio Path','Vermont','East Rudolphport','45768-8229','customer care in-charge','senior',NULL),(679,'Vince',131130,'Graham Meadows','RhodeIsland','West Ronny','37369','customer care manager','senior',NULL),(680,'Brody',104674,'Bogan Square','NewJersey','Lake Jeradborough','22233','customer care in-charge','senior',NULL),(681,'Olaf',141976,'Gerry Springs','Alabama','Lake Reymundofort','60290-5627','customer care in-charge','senior',NULL),(682,'Nia',131988,'Alexandra Circle','Massachusetts','Russelton','00585','customer care in-charge','senior',NULL),(683,'Lolita',139662,'Margarita Villages','Arkansas','Breanamouth','55676','customer care in-charge','senior',NULL),(684,'Therese',107999,'Gavin Estate','Oregon','Arvillastad','65730','customer care in-charge','senior',NULL),(685,'Genesis',108216,'Towne Park','Missouri','Leanneberg','65735','customer care manager','senior',NULL),(686,'Beatrice',131749,'Jon Underpass','Texas','Port Titus','03217-0428','customer care in-charge','senior',NULL),(687,'Leslie',117629,'Bruen Course','Hawaii','North Zackary','58054-1016','customer care manager','senior',NULL),(688,'Ashlee',143668,'Dudley Court','District of Columbia','North Bryana','98621','customer care manager','senior',NULL),(689,'Fredrick',129784,'Weber Curve','Arkansas','New Randi','66466-2868','customer care in-charge','senior',NULL),(690,'Salma',132511,'Moshe Highway','Utah','East Sunnyberg','14505','customer care manager','senior',NULL),(691,'Margot',113430,'Hansen Point','Texas','North Kavonchester','60590','customer care manager','senior',NULL),(692,'Lelia',140682,'Boyle Keys','Illinois','Sandrineview','69500','customer care in-charge','senior',NULL),(693,'Jessy',122042,'D\'Amore Flat','California','Wiegandtown','91891','customer care in-charge','senior',NULL),(694,'Ephraim',100948,'Linnea Streets','Oklahoma','Rennerfort','30439-0891','customer care in-charge','senior',NULL),(695,'Joelle',139729,'Ed Corners','NorthCarolina','Gordonburgh','87341','customer care in-charge','senior',NULL),(696,'Dahlia',120590,'Melyssa Islands','Alaska','West Austenborough','32626-7443','customer care in-charge','senior',NULL),(697,'Dortha',120659,'Bosco Square','NewHampshire','South Abagailview','93469-6935','customer care in-charge','senior',NULL),(698,'Una',111310,'Steuber Spring','Colorado','East Flavietown','57244','customer care manager','senior',NULL),(699,'Alice',134745,'Sterling Key','NewJersey','Mohrstad','63265','customer care in-charge','senior',NULL),(700,'Pat',126418,'Lela Landing','Maine','Considinefurt','47575','customer care manager','senior',NULL);
/*!40000 ALTER TABLE `employee` ENABLE KEYS */;
UNLOCK TABLES;

--
-- Table structure for table `increment`
--

DROP TABLE IF EXISTS `increment`;
/*!40101 SET @saved_cs_client     = @@character_set_client */;
/*!50503 SET character_set_client = utf8mb4 */;
CREATE TABLE `increment` (
  `w_id` int NOT NULL,
  `e_id` int NOT NULL,
  `date_of_increment` date NOT NULL,
  `amount` int DEFAULT NULL,
  PRIMARY KEY (`w_id`,`e_id`,`date_of_increment`),
  UNIQUE KEY `index_incre` (`w_id`,`e_id`,`date_of_increment`),
  KEY `e_id` (`e_id`),
  KEY `index_increment` (`amount`),
  CONSTRAINT `increment_ibfk_1` FOREIGN KEY (`w_id`) REFERENCES `warehouse` (`w_id`),
  CONSTRAINT `increment_ibfk_2` FOREIGN KEY (`e_id`) REFERENCES `employee` (`e_id`)
) ENGINE=InnoDB DEFAULT CHARSET=utf8mb4 COLLATE=utf8mb4_0900_ai_ci;
/*!40101 SET character_set_client = @saved_cs_client */;

--
-- Dumping data for table `increment`
--

LOCK TABLES `increment` WRITE;
/*!40000 ALTER TABLE `increment` DISABLE KEYS */;
INSERT INTO `increment` VALUES (3,3,'2022-02-11',3560),(8,8,'2015-11-07',3640),(2,2,'2015-06-20',3702),(6,6,'2019-09-08',3988),(10,10,'2018-03-02',4063),(7,7,'2016-12-11',4265),(9,9,'2017-07-23',4500),(1,1,'2023-03-18',10000),(4,4,'2023-03-18',10000),(5,5,'2023-03-18',10000);
/*!40000 ALTER TABLE `increment` ENABLE KEYS */;
UNLOCK TABLES;

--
-- Table structure for table `manager`
--

DROP TABLE IF EXISTS `manager`;
/*!40101 SET @saved_cs_client     = @@character_set_client */;
/*!50503 SET character_set_client = utf8mb4 */;
CREATE TABLE `manager` (
  `date_of_promotion` date DEFAULT NULL,
  `e_id` int NOT NULL,
  PRIMARY KEY (`e_id`),
  UNIQUE KEY `index_manager` (`e_id`),
  CONSTRAINT `manager_ibfk_1` FOREIGN KEY (`e_id`) REFERENCES `employee` (`e_id`)
) ENGINE=InnoDB DEFAULT CHARSET=utf8mb4 COLLATE=utf8mb4_0900_ai_ci;
/*!40101 SET character_set_client = @saved_cs_client */;

--
-- Dumping data for table `manager`
--

LOCK TABLES `manager` WRITE;
/*!40000 ALTER TABLE `manager` DISABLE KEYS */;
INSERT INTO `manager` VALUES ('2015-04-29',1),('2020-01-29',2),('2017-08-06',3),('2020-01-08',4),('2021-08-29',5),('2015-03-01',6),('2014-03-29',7),('2015-01-19',8),('2014-11-27',9),('2016-07-02',10),('2018-03-03',11),('2016-05-08',12),('2018-04-12',13),('2019-08-11',14),('2021-06-22',15),('2013-08-09',16),('2017-05-27',17),('2022-04-05',18),('2022-01-23',19),('2022-04-17',20),('2018-04-29',21),('2017-09-29',22),('2018-09-05',23),('2014-04-03',24),('2015-07-14',25),('2018-09-19',26),('2013-04-16',27),('2015-05-03',28),('2017-03-05',29),('2019-08-11',30),('2019-07-15',31),('2018-12-31',32),('2014-01-10',33),('2021-01-19',34),('2018-02-08',35),('2021-03-28',36),('2021-05-05',37),('2018-10-20',38),('2014-06-26',39),('2020-11-18',40),('2016-06-03',41),('2016-05-18',42),('2015-03-11',43),('2018-10-15',44),('2019-04-11',45),('2016-03-21',46),('2020-07-10',47),('2020-11-17',48),('2020-05-24',49),('2022-10-13',50),('2016-05-02',51),('2019-06-16',52),('2015-05-13',53),('2022-09-13',54),('2020-08-18',55),('2022-06-23',56),('2022-12-23',57),('2017-04-26',58),('2017-05-15',59),('2018-05-16',60),('2016-02-20',61),('2019-03-03',62),('2022-12-25',63),('2016-12-10',64),('2017-03-28',65),('2020-06-24',66),('2019-07-28',67),('2015-01-17',68),('2022-08-29',69),('2020-04-02',70),('2019-10-23',71),('2018-12-25',72),('2018-10-30',73),('2020-12-09',74),('2016-03-21',75),('2016-04-24',76),('2017-07-09',77),('2016-05-09',78),('2015-11-01',79),('2016-12-23',80),('2015-11-03',81),('2016-01-10',82),('2019-01-05',83),('2021-05-08',84),('2020-04-28',85),('2021-06-11',86),('2022-08-30',87),('2018-01-03',88),('2019-02-14',89),('2017-08-21',90),('2018-05-11',91),('2018-03-09',92),('2013-05-08',93),('2016-04-12',94),('2021-01-16',95),('2018-09-01',96),('2013-05-17',97),('2023-01-28',98),('2013-10-10',99),('2018-09-28',100),('2013-09-18',101),('2014-04-25',102),('2019-12-04',103),('2020-11-03',104),('2021-01-30',105),('2022-09-07',106),('2018-12-27',107),('2013-04-04',108),('2019-04-23',109),('2013-05-13',110),('2022-04-07',111),('2015-08-11',112),('2022-10-29',113),('2014-11-05',114),('2016-10-18',115),('2019-11-29',116),('2017-09-20',117),('2021-01-25',118),('2020-06-19',119),('2022-08-27',120),('2015-09-09',121),('2021-03-10',122),('2014-12-05',123),('2021-08-27',124),('2018-11-23',125),('2021-10-18',126),('2018-01-24',127),('2019-10-30',128),('2018-12-30',129),('2015-10-14',130),('2015-08-14',131),('2018-12-10',132),('2019-06-13',133),('2013-09-16',134),('2020-08-03',135),('2015-01-23',136),('2023-01-12',137),('2021-04-17',138),('2021-08-25',139),('2014-12-29',140),('2022-04-02',141),('2015-04-20',142),('2021-08-14',143),('2015-08-26',144),('2017-06-08',145),('2021-05-24',146),('2021-01-18',147),('2018-04-21',148),('2017-07-25',149),('2014-11-07',150);
/*!40000 ALTER TABLE `manager` ENABLE KEYS */;
UNLOCK TABLES;

--
-- Table structure for table `order_table`
--

DROP TABLE IF EXISTS `order_table`;
/*!40101 SET @saved_cs_client     = @@character_set_client */;
/*!50503 SET character_set_client = utf8mb4 */;
CREATE TABLE `order_table` (
  `order_id` int NOT NULL,
  `discount` int DEFAULT NULL,
  `date_of_order` date DEFAULT NULL,
  `c_id` int DEFAULT NULL,
  `cart_id` int DEFAULT NULL,
  `type_of_payment` varchar(255) DEFAULT NULL,
  PRIMARY KEY (`order_id`),
  UNIQUE KEY `index_order` (`order_id`),
  KEY `c_id` (`c_id`),
  KEY `cart_id` (`cart_id`),
  KEY `index_discount` (`discount`),
  CONSTRAINT `order_table_ibfk_1` FOREIGN KEY (`c_id`) REFERENCES `customer` (`c_id`),
  CONSTRAINT `order_table_ibfk_2` FOREIGN KEY (`cart_id`) REFERENCES `cart` (`cart_id`)
) ENGINE=InnoDB DEFAULT CHARSET=utf8mb4 COLLATE=utf8mb4_0900_ai_ci;
/*!40101 SET character_set_client = @saved_cs_client */;

--
-- Dumping data for table `order_table`
--

LOCK TABLES `order_table` WRITE;
/*!40000 ALTER TABLE `order_table` DISABLE KEYS */;
INSERT INTO `order_table` VALUES (1,25,'2022-12-20',83,83,'cash'),(2,25,'2022-12-20',171,171,'cash'),(3,20,'2022-08-24',123,123,'credit / debit card'),(4,20,'2022-06-18',149,149,'credit / debit card'),(5,25,'2022-03-13',47,47,'cash'),(6,25,'2023-01-16',82,82,'credit / debit card'),(7,20,'2022-04-28',5,5,'upi'),(8,10,'2022-05-06',124,124,'upi'),(9,10,'2022-09-02',104,104,'cash'),(10,20,'2022-11-17',114,114,'upi'),(11,10,'2022-09-04',41,41,'upi'),(12,10,'2022-06-24',93,93,'upi'),(13,25,'2022-04-03',55,55,'credit / debit card'),(14,25,'2022-07-31',128,128,'credit / debit card'),(15,20,'2022-05-04',196,196,'upi'),(16,25,'2022-03-31',145,145,'credit / debit card'),(17,10,'2022-04-16',46,46,'credit / debit card'),(18,10,'2022-03-31',126,126,'upi'),(19,20,'2022-02-28',161,161,'credit / debit card'),(20,20,'2022-12-21',56,56,'cash'),(21,20,'2022-07-26',137,137,'upi'),(22,25,'2022-08-06',190,190,'credit / debit card'),(23,20,'2022-12-05',103,103,'upi'),(24,10,'2022-03-01',195,195,'cash'),(25,20,'2022-10-08',141,141,'upi'),(26,25,'2022-06-17',6,6,'upi'),(27,25,'2022-02-20',49,49,'cash'),(28,25,'2022-05-03',167,167,'cash'),(29,20,'2022-09-12',181,181,'credit / debit card'),(30,10,'2022-08-24',69,69,'cash'),(31,10,'2022-07-23',42,42,'upi'),(32,10,'2023-01-13',17,17,'cash'),(33,20,'2023-01-17',142,142,'cash'),(34,20,'2022-06-23',127,127,'credit / debit card'),(35,25,'2022-04-29',179,179,'cash'),(36,10,'2022-03-03',177,177,'credit / debit card'),(37,25,'2022-12-26',133,133,'upi'),(38,25,'2023-01-21',27,27,'cash'),(39,25,'2022-06-01',194,194,'cash'),(40,20,'2022-07-28',109,109,'upi'),(41,10,'2023-02-08',18,18,'credit / debit card'),(42,10,'2022-10-06',138,138,'cash'),(43,10,'2022-03-30',29,29,'cash'),(44,10,'2022-07-23',12,12,'upi'),(45,20,'2022-09-01',155,155,'credit / debit card'),(46,25,'2023-01-12',10,10,'credit / debit card'),(47,20,'2022-05-08',186,186,'upi'),(48,20,'2022-09-26',97,97,'credit / debit card'),(49,20,'2022-10-11',15,15,'cash'),(50,20,'2022-08-13',53,53,'upi'),(51,10,'2022-03-16',40,40,'credit / debit card'),(52,10,'2022-09-08',108,108,'cash'),(53,20,'2022-02-21',66,66,'upi'),(54,25,'2022-02-23',21,21,'upi'),(55,20,'2022-08-04',68,68,'cash'),(56,10,'2022-03-04',50,50,'cash'),(57,20,'2023-01-09',121,121,'upi'),(58,20,'2022-07-13',165,165,'credit / debit card'),(59,25,'2022-09-27',130,130,'upi'),(60,20,'2022-11-13',146,146,'credit / debit card'),(61,10,'2022-02-25',39,39,'upi'),(62,25,'2022-06-26',71,71,'cash'),(63,20,'2022-02-20',200,200,'upi'),(64,20,'2023-01-12',84,84,'credit / debit card'),(65,10,'2022-11-11',178,178,'cash'),(66,25,'2022-05-16',112,112,'upi'),(67,25,'2022-11-02',153,153,'cash'),(68,10,'2022-07-26',159,159,'cash'),(69,10,'2022-07-28',63,63,'upi'),(70,10,'2022-10-31',115,115,'upi'),(71,20,'2022-04-07',150,150,'upi'),(72,10,'2022-06-06',54,54,'upi'),(73,20,'2022-09-07',197,197,'cash'),(74,25,'2022-03-03',199,199,'credit / debit card'),(75,10,'2022-06-06',106,106,'upi'),(76,25,'2022-05-12',44,44,'cash'),(77,20,'2022-12-01',35,35,'cash'),(78,20,'2022-12-23',79,79,'credit / debit card'),(79,25,'2023-01-29',37,37,'cash'),(80,25,'2023-01-05',185,185,'cash'),(81,25,'2022-11-11',31,31,'cash'),(82,20,'2022-05-11',95,95,'upi'),(83,25,'2022-10-20',11,11,'cash'),(84,10,'2022-07-26',9,9,'credit / debit card'),(85,25,'2022-05-14',129,129,'cash'),(86,25,'2022-07-18',2,2,'credit / debit card'),(87,25,'2022-08-20',1,1,'cash'),(88,20,'2022-11-24',16,16,'upi'),(89,25,'2022-09-08',176,176,'credit / debit card'),(90,25,'2022-11-30',33,33,'credit / debit card'),(91,20,'2022-08-11',98,98,'cash'),(92,25,'2022-09-24',198,198,'credit / debit card'),(93,25,'2022-07-11',61,61,'credit / debit card'),(94,10,'2022-10-30',22,22,'cash'),(95,25,'2022-04-20',175,175,'credit / debit card'),(96,10,'2022-07-03',148,148,'upi'),(97,20,'2022-04-20',111,111,'cash'),(98,10,'2022-09-22',57,57,'cash'),(99,10,'2022-05-05',32,32,'credit / debit card'),(100,20,'2022-03-24',131,131,'credit / debit card'),(101,20,'2022-12-14',143,143,'cash'),(102,25,'2022-08-25',70,70,'upi'),(103,20,'2022-04-19',13,13,'cash'),(104,10,'2022-11-20',26,26,'credit / debit card'),(105,25,'2022-12-07',72,72,'upi'),(106,20,'2022-08-03',36,36,'credit / debit card'),(107,20,'2023-01-28',80,80,'credit / debit card'),(108,25,'2023-01-20',180,180,'credit / debit card'),(109,25,'2022-09-02',76,76,'cash'),(110,25,'2022-04-12',85,85,'upi'),(111,20,'2023-01-19',4,4,'cash'),(112,20,'2022-11-13',102,102,'cash'),(113,25,'2022-12-30',140,140,'cash'),(114,10,'2022-07-05',89,89,'upi'),(115,10,'2022-12-01',174,174,'credit / debit card'),(116,25,'2022-04-04',25,25,'upi'),(117,25,'2022-12-29',62,62,'upi'),(118,10,'2022-03-13',30,30,'upi'),(119,25,'2022-09-18',170,170,'credit / debit card'),(120,25,'2022-10-02',78,78,'upi'),(121,20,'2022-02-18',152,152,'credit / debit card'),(122,20,'2022-11-10',52,52,'credit / debit card'),(123,25,'2022-05-25',86,86,'cash'),(124,25,'2022-12-09',43,43,'credit / debit card'),(125,25,'2022-09-26',169,169,'cash'),(126,20,'2022-04-10',125,125,'credit / debit card'),(127,25,'2022-04-22',132,132,'upi'),(128,20,'2022-04-24',87,87,'cash'),(129,20,'2022-12-29',28,28,'credit / debit card'),(130,20,'2023-01-01',51,51,'credit / debit card'),(131,10,'2022-12-26',88,88,'credit / debit card'),(132,25,'2023-01-30',45,45,'upi'),(133,10,'2022-04-12',147,147,'cash'),(134,20,'2023-01-11',59,59,'upi'),(135,25,'2022-02-17',116,116,'credit / debit card'),(136,20,'2022-07-04',120,120,'credit / debit card'),(137,25,'2022-04-03',122,122,'cash'),(138,25,'2022-07-16',184,184,'credit / debit card'),(139,25,'2023-01-24',92,92,'cash'),(140,20,'2022-12-26',160,160,'cash'),(141,20,'2022-06-02',48,48,'credit / debit card'),(142,25,'2022-08-08',94,94,'credit / debit card'),(143,10,'2023-01-01',134,134,'upi'),(144,25,'2022-09-13',105,105,'upi'),(145,20,'2022-08-21',58,58,'credit / debit card'),(146,25,'2022-06-14',65,65,'upi'),(147,10,'2022-10-08',96,96,'credit / debit card'),(148,25,'2022-10-01',7,7,'upi'),(149,10,'2022-06-19',172,172,'upi'),(150,25,'2022-12-04',101,101,'cash'),(151,20,'2022-07-19',151,151,'credit / debit card'),(152,20,'2022-04-28',182,182,'credit / debit card'),(153,20,'2022-03-29',164,164,'credit / debit card'),(154,20,'2022-09-25',189,189,'cash'),(155,25,'2022-12-06',110,110,'upi'),(156,20,'2022-03-18',188,188,'upi'),(157,10,'2022-05-24',60,60,'credit / debit card'),(158,20,'2023-01-18',19,19,'upi'),(159,10,'2022-12-21',8,8,'cash'),(160,25,'2022-05-08',117,117,'upi'),(161,25,'2022-11-09',3,3,'upi'),(162,20,'2022-07-12',14,14,'credit / debit card'),(163,10,'2022-12-31',173,173,'cash'),(164,20,'2022-03-12',183,183,'credit / debit card'),(165,10,'2022-08-15',91,91,'credit / debit card'),(166,20,'2022-08-12',90,90,'upi'),(167,20,'2022-10-27',163,163,'cash'),(168,20,'2022-06-05',113,113,'upi'),(169,10,'2023-01-13',100,100,'cash'),(170,10,'2022-10-19',156,156,'upi'),(171,25,'2022-03-24',193,193,'credit / debit card'),(172,20,'2022-11-22',158,158,'upi'),(173,10,'2022-03-16',23,23,'upi'),(174,25,'2022-07-24',162,162,'upi'),(175,20,'2022-05-27',24,24,'credit / debit card'),(176,25,'2022-12-25',157,157,'credit / debit card'),(177,25,'2022-07-04',139,139,'credit / debit card'),(178,20,'2022-04-26',20,20,'upi'),(179,20,'2022-04-21',144,144,'credit / debit card'),(180,20,'2022-05-28',107,107,'credit / debit card'),(181,10,'2022-08-03',191,191,'cash'),(182,20,'2022-06-01',168,168,'credit / debit card'),(183,20,'2022-07-02',135,135,'upi'),(184,10,'2022-07-14',64,64,'upi'),(185,25,'2022-04-24',136,136,'credit / debit card'),(186,25,'2022-04-04',74,74,'upi'),(187,10,'2022-07-08',118,118,'credit / debit card'),(188,20,'2022-10-29',81,81,'upi'),(189,25,'2022-04-02',38,38,'cash'),(190,25,'2022-03-07',119,119,'cash'),(191,25,'2022-10-17',73,73,'credit / debit card'),(192,10,'2022-11-06',77,77,'cash'),(193,25,'2022-08-25',154,154,'upi'),(194,25,'2022-03-04',192,192,'upi'),(195,25,'2022-12-19',187,187,'cash'),(196,25,'2022-12-26',166,166,'cash'),(197,25,'2023-01-12',75,75,'upi'),(198,20,'2023-01-11',99,99,'cash'),(199,20,'2022-07-04',34,34,'credit / debit card'),(200,20,'2022-08-16',67,67,'cash');
/*!40000 ALTER TABLE `order_table` ENABLE KEYS */;
UNLOCK TABLES;

--
-- Table structure for table `performance`
--

DROP TABLE IF EXISTS `performance`;
/*!40101 SET @saved_cs_client     = @@character_set_client */;
/*!50503 SET character_set_client = utf8mb4 */;
CREATE TABLE `performance` (
  `e_id` int NOT NULL,
  `performance_this_qtr` varchar(10) DEFAULT NULL,
  PRIMARY KEY (`e_id`),
  CONSTRAINT `performance_ibfk_1` FOREIGN KEY (`e_id`) REFERENCES `employee` (`e_id`)
) ENGINE=InnoDB DEFAULT CHARSET=utf8mb4 COLLATE=utf8mb4_0900_ai_ci;
/*!40101 SET character_set_client = @saved_cs_client */;

--
-- Dumping data for table `performance`
--

LOCK TABLES `performance` WRITE;
/*!40000 ALTER TABLE `performance` DISABLE KEYS */;
INSERT INTO `performance` VALUES (1,'worse'),(2,'worse'),(3,'worse'),(4,'worse'),(5,'better'),(6,'better'),(7,'stag'),(8,'worse'),(9,'stag'),(10,'better'),(11,'better'),(12,'stag'),(13,'better'),(14,'better'),(15,'worse'),(16,'stag'),(17,'worse'),(18,'worse'),(19,'worse'),(20,'stag'),(21,'worse'),(22,'worse'),(23,'worse'),(24,'better'),(25,'better'),(26,'stag'),(27,'stag'),(28,'stag'),(29,'worse'),(30,'stag'),(31,'worse'),(32,'worse'),(33,'worse'),(34,'worse'),(35,'worse'),(36,'worse'),(37,'worse'),(38,'stag'),(39,'better'),(40,'better'),(41,'worse'),(42,'stag'),(43,'worse'),(44,'worse'),(45,'worse'),(46,'better'),(47,'worse'),(48,'better'),(49,'better'),(50,'worse'),(51,'better'),(52,'stag'),(53,'worse'),(54,'better'),(55,'stag'),(56,'worse'),(57,'stag'),(58,'worse'),(59,'better'),(60,'better'),(61,'stag'),(62,'better'),(63,'stag'),(64,'stag'),(65,'better'),(66,'better'),(67,'stag'),(68,'better'),(69,'worse'),(70,'worse'),(71,'better'),(72,'worse'),(73,'worse'),(74,'worse'),(75,'better'),(76,'worse'),(77,'worse'),(78,'better'),(79,'better'),(80,'better'),(81,'better'),(82,'stag'),(83,'worse'),(84,'stag'),(85,'better'),(86,'better'),(87,'stag'),(88,'stag'),(89,'worse'),(90,'better'),(91,'better'),(92,'worse'),(93,'worse'),(94,'better'),(95,'better'),(96,'better'),(97,'better'),(98,'better'),(99,'worse'),(100,'worse'),(101,'stag'),(102,'better'),(103,'worse'),(104,'worse'),(105,'stag'),(106,'worse'),(107,'worse'),(108,'worse'),(109,'stag'),(110,'stag'),(111,'better'),(112,'better'),(113,'better'),(114,'better'),(115,'better'),(116,'better'),(117,'worse'),(118,'better'),(119,'worse'),(120,'worse'),(121,'worse'),(122,'worse'),(123,'stag'),(124,'stag'),(125,'worse'),(126,'stag'),(127,'worse'),(128,'worse'),(129,'worse'),(130,'worse'),(131,'worse'),(132,'worse'),(133,'stag'),(134,'worse'),(135,'better'),(136,'better'),(137,'worse'),(138,'better'),(139,'better'),(140,'worse'),(141,'better'),(142,'better'),(143,'worse'),(144,'better'),(145,'worse'),(146,'worse'),(147,'better'),(148,'worse'),(149,'worse'),(150,'worse'),(151,'worse'),(152,'worse'),(153,'better'),(154,'worse'),(155,'worse'),(156,'worse'),(157,'worse'),(158,'stag'),(159,'worse'),(160,'better'),(161,'better'),(162,'worse'),(163,'stag'),(164,'stag'),(165,'stag'),(166,'worse'),(167,'worse'),(168,'better'),(169,'worse'),(170,'better'),(171,'stag'),(172,'better'),(173,'worse'),(174,'stag'),(175,'stag'),(176,'worse'),(177,'worse'),(178,'better'),(179,'worse'),(180,'worse'),(181,'worse'),(182,'better'),(183,'better'),(184,'worse'),(185,'worse'),(186,'worse'),(187,'better'),(188,'better'),(189,'better'),(190,'better'),(191,'worse'),(192,'worse'),(193,'worse'),(194,'better'),(195,'stag'),(196,'better'),(197,'worse'),(198,'better'),(199,'better'),(200,'worse'),(201,'stag'),(202,'better'),(203,'worse'),(204,'better'),(205,'worse'),(206,'worse'),(207,'stag'),(208,'worse'),(209,'better'),(210,'worse'),(211,'better'),(212,'better'),(213,'better'),(214,'better'),(215,'worse'),(216,'better'),(217,'stag'),(218,'worse'),(219,'stag'),(220,'worse'),(221,'stag'),(222,'better'),(223,'stag'),(224,'better'),(225,'worse'),(226,'better'),(227,'worse'),(228,'worse'),(229,'better'),(230,'better'),(231,'stag'),(232,'better'),(233,'stag'),(234,'better'),(235,'better'),(236,'worse'),(237,'worse'),(238,'worse'),(239,'better'),(240,'worse'),(241,'worse'),(242,'better'),(243,'better'),(244,'stag'),(245,'stag'),(246,'better'),(247,'stag'),(248,'better'),(249,'better'),(250,'better'),(251,'worse'),(252,'worse'),(253,'stag'),(254,'stag'),(255,'worse'),(256,'worse'),(257,'better'),(258,'worse'),(259,'stag'),(260,'better'),(261,'better'),(262,'worse'),(263,'worse'),(264,'better'),(265,'stag'),(266,'stag'),(267,'worse'),(268,'better'),(269,'better'),(270,'worse'),(271,'stag'),(272,'worse'),(273,'stag'),(274,'better'),(275,'worse'),(276,'better'),(277,'worse'),(278,'better'),(279,'worse'),(280,'worse'),(281,'worse'),(282,'worse'),(283,'worse'),(284,'better'),(285,'stag'),(286,'stag'),(287,'better'),(288,'better'),(289,'stag'),(290,'better'),(291,'better'),(292,'stag'),(293,'worse'),(294,'stag'),(295,'stag'),(296,'better'),(297,'stag'),(298,'better'),(299,'better'),(300,'stag'),(301,'stag'),(302,'worse'),(303,'better'),(304,'stag'),(305,'better'),(306,'stag'),(307,'worse'),(308,'stag'),(309,'stag'),(310,'worse'),(311,'better'),(312,'stag'),(313,'better'),(314,'worse'),(315,'worse'),(316,'worse'),(317,'stag'),(318,'better'),(319,'worse'),(320,'better'),(321,'stag'),(322,'better'),(323,'worse'),(324,'worse'),(325,'better'),(326,'better'),(327,'better'),(328,'stag'),(329,'better'),(330,'stag'),(331,'better'),(332,'worse'),(333,'worse'),(334,'better'),(335,'worse'),(336,'worse'),(337,'worse'),(338,'worse'),(339,'better'),(340,'stag'),(341,'better'),(342,'better'),(343,'stag'),(344,'better'),(345,'worse'),(346,'worse'),(347,'better'),(348,'stag'),(349,'better'),(350,'worse'),(351,'worse'),(352,'worse'),(353,'better'),(354,'better'),(355,'worse'),(356,'worse'),(357,'worse'),(358,'stag'),(359,'better'),(360,'stag'),(361,'better'),(362,'stag'),(363,'worse'),(364,'worse'),(365,'better'),(366,'worse'),(367,'better'),(368,'worse'),(369,'worse'),(370,'worse'),(371,'worse'),(372,'worse'),(373,'better'),(374,'worse'),(375,'better'),(376,'worse'),(377,'better'),(378,'stag'),(379,'worse'),(380,'worse'),(381,'stag'),(382,'better'),(383,'better'),(384,'better'),(385,'worse'),(386,'stag'),(387,'better'),(388,'stag'),(389,'better'),(390,'worse'),(391,'worse'),(392,'better'),(393,'worse'),(394,'worse'),(395,'better'),(396,'better'),(397,'stag'),(398,'worse'),(399,'better'),(400,'better'),(401,'better'),(402,'better'),(403,'worse'),(404,'worse'),(405,'worse'),(406,'better'),(407,'worse'),(408,'better'),(409,'worse'),(410,'better'),(411,'better'),(412,'worse'),(413,'worse'),(414,'worse'),(415,'better'),(416,'better'),(417,'better'),(418,'better'),(419,'better'),(420,'worse'),(421,'worse'),(422,'better'),(423,'stag'),(424,'worse'),(425,'stag'),(426,'worse'),(427,'stag'),(428,'worse'),(429,'better'),(430,'worse'),(431,'better'),(432,'better'),(433,'better'),(434,'worse'),(435,'worse'),(436,'better'),(437,'better'),(438,'worse'),(439,'worse'),(440,'better'),(441,'better'),(442,'better'),(443,'stag'),(444,'stag'),(445,'worse'),(446,'worse'),(447,'worse'),(448,'better'),(449,'stag'),(450,'better'),(451,'worse'),(452,'worse'),(453,'better'),(454,'worse'),(455,'better'),(456,'better'),(457,'stag'),(458,'better'),(459,'worse'),(460,'worse'),(461,'stag'),(462,'stag'),(463,'worse'),(464,'worse'),(465,'stag'),(466,'worse'),(467,'worse'),(468,'better'),(469,'worse'),(470,'worse'),(471,'worse'),(472,'worse'),(473,'better'),(474,'worse'),(475,'better'),(476,'better'),(477,'better'),(478,'worse'),(479,'stag'),(480,'stag'),(481,'worse'),(482,'better'),(483,'better'),(484,'worse'),(485,'better'),(486,'worse'),(487,'worse'),(488,'worse'),(489,'worse'),(490,'better'),(491,'better'),(492,'stag'),(493,'stag'),(494,'better'),(495,'better'),(496,'stag'),(497,'stag'),(498,'better'),(499,'stag'),(500,'worse'),(501,'worse'),(502,'worse'),(503,'better'),(504,'better'),(505,'worse'),(506,'stag'),(507,'worse'),(508,'worse'),(509,'stag'),(510,'stag'),(511,'worse'),(512,'worse'),(513,'worse'),(514,'worse'),(515,'better'),(516,'worse'),(517,'better'),(518,'better'),(519,'worse'),(520,'worse'),(521,'worse'),(522,'better'),(523,'stag'),(524,'worse'),(525,'better'),(526,'stag'),(527,'worse'),(528,'better'),(529,'worse'),(530,'worse'),(531,'stag'),(532,'better'),(533,'better'),(534,'worse'),(535,'better'),(536,'worse'),(537,'worse'),(538,'better'),(539,'better'),(540,'worse'),(541,'better'),(542,'stag'),(543,'better'),(544,'better'),(545,'stag'),(546,'worse'),(547,'worse'),(548,'better'),(549,'better'),(550,'worse'),(551,'worse'),(552,'worse'),(553,'better'),(554,'stag'),(555,'worse'),(556,'stag'),(557,'better'),(558,'worse'),(559,'worse'),(560,'better'),(561,'better'),(562,'stag'),(563,'stag'),(564,'better'),(565,'worse'),(566,'stag'),(567,'better'),(568,'stag'),(569,'stag'),(570,'worse'),(571,'stag'),(572,'better'),(573,'stag'),(574,'worse'),(575,'worse'),(576,'worse'),(577,'worse'),(578,'stag'),(579,'worse'),(580,'worse'),(581,'worse'),(582,'stag'),(583,'worse'),(584,'worse'),(585,'stag'),(586,'better'),(587,'stag'),(588,'better'),(589,'better'),(590,'worse'),(591,'better'),(592,'worse'),(593,'worse'),(594,'better'),(595,'stag'),(596,'worse'),(597,'stag'),(598,'better'),(599,'better'),(600,'worse'),(601,'better'),(602,'worse'),(603,'stag'),(604,'stag'),(605,'worse'),(606,'better'),(607,'stag'),(608,'stag'),(609,'stag'),(610,'better'),(611,'worse'),(612,'better'),(613,'stag'),(614,'better'),(615,'worse'),(616,'stag'),(617,'worse'),(618,'worse'),(619,'stag'),(620,'stag'),(621,'stag'),(622,'better'),(623,'better'),(624,'better'),(625,'better'),(626,'better'),(627,'stag'),(628,'better'),(629,'worse'),(630,'better'),(631,'worse'),(632,'worse'),(633,'stag'),(634,'better'),(635,'worse'),(636,'worse'),(637,'worse'),(638,'worse'),(639,'worse'),(640,'better'),(641,'worse'),(642,'better'),(643,'better'),(644,'better'),(645,'worse'),(646,'better'),(647,'better'),(648,'stag'),(649,'stag'),(650,'stag'),(651,'stag'),(652,'worse'),(653,'stag'),(654,'worse'),(655,'stag'),(656,'better'),(657,'worse'),(658,'worse'),(659,'stag'),(660,'worse'),(661,'stag'),(662,'better'),(663,'stag'),(664,'worse'),(665,'better'),(666,'worse'),(667,'worse'),(668,'stag'),(669,'stag'),(670,'stag'),(671,'better'),(672,'worse'),(673,'better'),(674,'better'),(675,'worse'),(676,'better'),(677,'better'),(678,'better'),(679,'better'),(680,'worse'),(681,'better'),(682,'stag'),(683,'worse'),(684,'worse'),(685,'better'),(686,'worse'),(687,'stag'),(688,'worse'),(689,'better'),(690,'better'),(691,'better'),(692,'stag'),(693,'better'),(694,'better'),(695,'worse'),(696,'stag'),(697,'worse'),(698,'worse'),(699,'worse'),(700,'stag');
/*!40000 ALTER TABLE `performance` ENABLE KEYS */;
UNLOCK TABLES;

--
-- Table structure for table `product`
--

DROP TABLE IF EXISTS `product`;
/*!40101 SET @saved_cs_client     = @@character_set_client */;
/*!50503 SET character_set_client = utf8mb4 */;
CREATE TABLE `product` (
  `p_id` int NOT NULL,
  `date_of_mfg` varchar(255) DEFAULT NULL,
  `prod_name` varchar(255) DEFAULT NULL,
  `price` int DEFAULT NULL,
  `qty` int DEFAULT NULL,
  `net_weight` int NOT NULL,
  `manufacturing_company` varchar(255) DEFAULT NULL,
  `prod_type` varchar(255) DEFAULT NULL,
  PRIMARY KEY (`p_id`),
  UNIQUE KEY `index_product` (`p_id`),
  KEY `index_product_name` (`prod_name`),
  KEY `index_product_type` (`prod_type`)
) ENGINE=InnoDB DEFAULT CHARSET=utf8mb4 COLLATE=utf8mb4_0900_ai_ci;
/*!40101 SET character_set_client = @saved_cs_client */;

--
-- Dumping data for table `product`
--

LOCK TABLES `product` WRITE;
/*!40000 ALTER TABLE `product` DISABLE KEYS */;
INSERT INTO `product` VALUES (1,'2018-04-18 00:00:00','Sony Turntable - PSLX350H',3432,12,219,'Towne, Pollich and Dickens','electronics'),(2,'2018-04-19 00:00:00','Bose Acoustimass 5 Series III Speaker System - AM53BK',41893,6,232,'Morar Group','electronics'),(3,'2018-04-20 00:00:00','Sony Switcher - SBV40S',12708,1,397,'Haag Group','electronics'),(4,'2018-04-21 00:00:00','Sony 5 Disc CD Player - CDPCE375',40872,4,635,'Turcotte, Metz and Feeney','electronics'),(5,'2018-04-22 00:00:00','Bose 27028 161 Bookshelf Pair Speakers In White - 161WH',23771,2,463,'Stanton, Vandervort and Stroman','electronics'),(6,'2018-04-23 00:00:00','Denon Stereo Tuner - TU1500RD',8189,16,253,'Mitchell, Huels and Rau','electronics'),(7,'2018-04-24 00:00:00','KitchenAid Pasta Roller And Cutter - KPRA',30031,9,600,'Adams, Funk and McGlynn','electronics'),(8,'2018-04-25 00:00:00','Panasonic Yeast Pro Automatic Breadmaker - SDYD250',40565,14,138,'Gutmann LLC','electronics'),(9,'2018-04-26 00:00:00','Sony Vertical-In-The-Ear Stereo Headphones - MDRJ10',47044,8,164,'Ullrich PLC','electronics'),(10,'2018-04-27 00:00:00','Panasonic 2-Line Integrated Telephone - KXTSC14W',5959,8,799,'Hirthe Group','electronics'),(11,'2018-04-28 00:00:00','Panasonic Integrated Telephone System - KXTS108W',9231,10,351,'Zulauf, Lubowitz and Metz','electronics'),(12,'2018-04-29 00:00:00','Panasonic 2-Line Integrated Telephone System - KXTS208W',26333,11,224,'Jacobi, Haag and Koelpin','electronics'),(13,'2018-04-30 00:00:00','Sony 300 Disc CD Changer - CDPCX355',3161,13,627,'Bins-Dach','electronics'),(14,'2018-05-01 00:00:00','Sony 400 Disc MegaStorage CD Changer - CDPCX455',41443,8,658,'Franecki Ltd','electronics'),(15,'2018-05-02 00:00:00','Panasonic Hands-Free Headset - KXTCA86',27992,2,116,'Christiansen, Ritchie and Leffler','electronics'),(16,'2018-05-03 00:00:00','Panasonic Hands Free Headset  - KXTCA92',46582,9,418,'Stamm Ltd','electronics'),(17,'2018-05-04 00:00:00','Cuisinart Convection-Oven-Toaster-Broiler With Exact Heat Sensor - TOB165WH',42062,14,385,'Feil Group','electronics'),(18,'2018-05-05 00:00:00','Frigidaire 24\' White Built-In Dishwasher - FDB130WH',23829,18,716,'Schoen-Rodriguez','electronics'),(19,'2018-05-06 00:00:00','Cuisinart Cordless Electric Kettle - KUA17',12990,19,456,'Johnson-Schimmel','electronics'),(20,'2018-05-07 00:00:00','Omnimount Wall Speaker Mount - 20WLBK',4933,15,522,'Lindgren, Rau and Carroll','electronics'),(21,'2018-05-08 00:00:00','Omnimount Wall Speaker Mount - 20WLWH',27694,12,362,'Volkman Inc','electronics'),(22,'2018-05-09 00:00:00','Denon Semi-Automatic Turntable - Black Finish - DP29F',39599,13,629,'Greenholt-Gleason','electronics'),(23,'2018-05-10 00:00:00','Sony Xplod 10-Disc Add-On CD/MP3 Changer - CDX565MXRF',19274,16,720,'Kunde Inc','electronics'),(24,'2018-05-11 00:00:00','Escort Passport Radar And Laser Detector - Black Finish - 8500',45276,13,691,'Dare-Pacocha','electronics'),(25,'2018-05-12 00:00:00','Peerless Wall TV Mounts In Black - PM1327BK',7582,10,154,'Witting-Franecki','electronics'),(26,'2018-05-13 00:00:00','Panasonic Laser Toner Cartridge - KXFA83',27419,13,735,'Nolan, Hoppe and Pagac','electronics'),(27,'2018-05-14 00:00:00','Sony Compact Disc Player/Recorder - RCDW500C',44799,20,180,'Fahey, Stanton and Emmerich','electronics'),(28,'2018-05-15 00:00:00','Sanus WMS3B Black Weather Resistant Small Speaker Wall Mount - WMS3B',36516,11,713,'Treutel, Sawayn and Nicolas','electronics'),(29,'2018-05-16 00:00:00','Sanus WMS3S Silver Weather Resistant Small Speaker Wall Mount - WMS3S',17227,1,115,'Windler LLC','electronics'),(30,'2018-05-17 00:00:00','Sanus Euro Foundations Satellite Speaker Stand - EFSATB',24629,9,632,'DuBuque, Nolan and Lehner','electronics'),(31,'2018-05-18 00:00:00','Sanus Euro Foundations Satellite Speaker Stand - EFSATS',31642,14,68,'Braun Ltd','electronics'),(32,'2018-05-19 00:00:00','Onkyo 6 Disc CD Player Changer - DXC390B',35815,16,336,'Von-Wyman','electronics'),(33,'2018-05-20 00:00:00','Panasonic Corded Phone - KXTS3282B',30257,16,342,'Volkman, Koss and Douglas','electronics'),(34,'2018-05-21 00:00:00','Escort Cordless Solo Radar Detector - S2E',41181,11,439,'Osinski-Reinger','electronics'),(35,'2018-05-22 00:00:00','Garmin Deluxe Carrying Case - Black Finish - 0101023101',14337,4,115,'Hartmann, Armstrong and Waelchi','electronics'),(36,'2018-05-23 00:00:00','Kenwood 6-Disc CD Changer - KDCC669',817,11,132,'Tromp-Murray','electronics'),(37,'2018-05-24 00:00:00','Cuisinart Automatic Brew And Serve Coffeemaker - DTC975BK',6509,18,779,'D\'Amore-Windler','electronics'),(38,'2018-05-25 00:00:00','Sharp Over The Counter Microwave Oven - R1214SS',49656,1,697,'Rowe-Jacobson','electronics'),(39,'2018-05-26 00:00:00','Toshiba Rechargeable 5-Hour Battery Pack - MEDB05LX',2470,9,352,'Feil-Hettinger','electronics'),(40,'2018-05-27 00:00:00','GE GSD4000NWW White Built-In Dishwasher - GSD4000WH',26955,3,119,'Jast, Schinner and Turcotte','electronics'),(41,'2018-05-28 00:00:00','Sony Stereo Audio Receiver - STRDE197',15127,5,655,'Blick, Flatley and Keebler','electronics'),(42,'2018-05-29 00:00:00','Maytag Bisque Over-The-Range Microwave Oven - MMV4205BT',43167,7,162,'Deckow Ltd','electronics'),(43,'2018-05-30 00:00:00','Maytag Over-The-Range Microwave Oven - MMV5207BK',40564,2,274,'Zieme-Klein','electronics'),(44,'2018-05-31 00:00:00','Panasonic Genius Prestige Inverter Microwave Convection Oven NNC994SS In Stainless Steel - NNC994SS',39733,6,785,'Adams Ltd','electronics'),(45,'2018-06-01 00:00:00','Sony Super Audio CD Player - SCDCE595',19999,7,250,'Lebsack, Effertz and Hauck','electronics'),(46,'2018-06-02 00:00:00','Whirlpool 24\' Built-In Dishwasher - DU1100SS',12351,7,375,'Hamill-Rempel','electronics'),(47,'2018-06-03 00:00:00','Danby Twin Tub Washer - DTT420WH',24208,5,73,'Olson, Armstrong and Conn','electronics'),(48,'2018-06-04 00:00:00','Omnimount TV Top Shelf Mount - CCH1P',41561,13,583,'Torphy, Schmitt and Okuneva','electronics'),(49,'2018-06-05 00:00:00','Omnimount TV Top Shelf Mount - CCH1B',49596,17,199,'Morar-Mayert','electronics'),(50,'2018-06-06 00:00:00','Delonghi Twenty Four Seven Coffee Maker In Black - DC50B',17068,20,84,'Cassin, Kuvalis and Koepp','electronics'),(51,'2018-06-07 00:00:00','Sanus Silver LCD Television Turntable - TVLCDS',31228,14,638,'Raynor and Sons','electronics'),(52,'2018-06-08 00:00:00','Frigidaire 27\' Electric Stack Washer Dryer Combo - FEX831WH',30634,7,622,'Langosh, Senger and Botsford','electronics'),(53,'2018-06-09 00:00:00','Olympus Olympus Ni-MH Quick Charger And Battery Set - B90SU',32726,8,71,'Keeling-Schulist','electronics'),(54,'2018-06-10 00:00:00','Sony Digital Photo Printer Paper 40 Pack  - SVMF40P',24201,6,578,'Stark-Simonis','electronics'),(55,'2018-06-11 00:00:00','Canon Rechargeable Battery - 9763A001',45412,6,79,'Leannon-Hagenes','electronics'),(56,'2018-06-12 00:00:00','Delonghi Twenty Four Seven Coffee Maker - DC50W',39156,10,659,'Legros Group','electronics'),(57,'2018-06-13 00:00:00','Universal IR/RF Remote - MX350',579,12,626,'DuBuque-Green','electronics'),(58,'2018-06-14 00:00:00','Universal IR/RF Aeros Remote Control- MX850 - MX850',11760,5,651,'Heller PLC','electronics'),(59,'2018-06-15 00:00:00','Panasonic 5-Pack DVD-RAM Discs - LMAF120LU5',17133,2,542,'Collier, Murphy and Cruickshank','electronics'),(60,'2018-06-16 00:00:00','Belkin AC Anywhere - F5C400300W',17296,3,739,'Konopelski-Dicki','electronics'),(61,'2018-06-17 00:00:00','Sanus 13\' - 30\' VisionMount Flat Panel TV Silver Wall Mount - VMFS',12699,20,454,'Mueller-Russel','electronics'),(62,'2018-06-18 00:00:00','Weber Performer 22-1/2\' Charcoal Grill - 841001',4874,8,228,'Kulas-Osinski','electronics'),(63,'2018-06-19 00:00:00','Sanus 13\' - 30\' Flat Panel TV Black Wall Mount - VM1B',7349,9,569,'Jast, Harris and Davis','electronics'),(64,'2018-06-20 00:00:00','Sony HD DVC Tape - DVM63HD',27032,16,277,'Johnston Ltd','electronics'),(65,'2018-06-21 00:00:00','Sanus 15\' - 40\' Flat Panel TV Silver Wall Mount - VM400S',5222,8,377,'Senger-Hamill','electronics'),(66,'2018-06-22 00:00:00','Sanus 15\' - 40\' Flat Panel TV Black Wall Mount - VM400B',26738,13,451,'Hoppe-Corwin','electronics'),(67,'2018-06-23 00:00:00','Frigidaire Electric Dryer - FEQ1442WH',49498,4,264,'Kautzer, Beatty and Herzog','electronics'),(68,'2018-06-24 00:00:00','Delonghi Oil Filters - FK8',32035,8,514,'Kling-Carroll','electronics'),(69,'2018-06-25 00:00:00','Danby Designer Portable Dishwasher - DDW1805WH',38024,11,638,'Cummerata, Lesch and Dietrich','electronics'),(70,'2018-06-26 00:00:00','Canon Optura/Elura Accessory Kit - ACCESSORYKIT',46946,11,185,'Considine, Leannon and Schiller','electronics'),(71,'2018-06-27 00:00:00','Mosquito Magnet Defender Replacement Net - MM4000NET1',30601,12,699,'Lowe Ltd','electronics'),(72,'2018-06-28 00:00:00','Panasonic Genius Countertop Microwave In White - NNH965WH',44643,3,201,'Becker, Dietrich and Harber','electronics'),(73,'2018-06-29 00:00:00','Weber Performer 22-1/2\' Charcoal Grill - 848001',44159,16,367,'Gaylord, Klocko and Bauch','electronics'),(74,'2018-06-30 00:00:00','Whirlpool 24\' Built-In Dishwasher - DU1055BK',21928,4,191,'Roberts-Tremblay','electronics'),(75,'2018-07-01 00:00:00','Whirlpool 24\' Built-In Dishwasher - DU1055SS',11160,12,723,'Swaniawski Inc','electronics'),(76,'2018-07-02 00:00:00','Cuisinart Countertop Griddler - GR4',43663,9,157,'Ward Ltd','electronics'),(77,'2018-07-03 00:00:00','Nikon AF Speedlight Accessory - SB600',27858,15,626,'Ondricka-Mraz','electronics'),(78,'2018-07-04 00:00:00','Panasonic Genius Countertop Microwave In Black - NNH965BK',18334,11,537,'VonRueden, Herman and Weber','electronics'),(79,'2018-07-05 00:00:00','Sony Soft Cyber-Shot Carrying Case - LCSCST',13944,15,185,'Friesen, Kshlerin and Hamill','electronics'),(80,'2018-07-06 00:00:00','Pioneer XM Digital Satellite Tuner for Pioneer Headunits - GEXP920XM',3105,10,526,'Ortiz, Muller and Stokes','electronics'),(81,'2018-07-07 00:00:00','Sanus Universal Projector Ceiling Mount -  Black Finish - VMPR1B',7198,16,199,'Moen-Toy','electronics'),(82,'2018-07-08 00:00:00','OmniMount G-303 Gray Stellar Series Audio Tower - G303GR',37053,13,564,'Swaniawski-Cole','electronics'),(83,'2018-07-09 00:00:00','Sennheiser RF Wireless Headphones - RS140',49560,18,98,'Heidenreich-Stark','electronics'),(84,'2018-07-10 00:00:00','Kenwood iPod Mobile Interface - KCAIP500',43807,2,622,'Gorczany LLC','electronics'),(85,'2018-07-11 00:00:00','Pioneer Wired Marine Remote Control Display - CDMR80D',27280,9,496,'Keeling Group','electronics'),(86,'2018-07-12 00:00:00','Bose Second Zone Remote - PMC2',17247,2,154,'Stoltenberg-Renner','electronics'),(87,'2018-07-13 00:00:00','Sony 400-Disc DVD/SA-CD/CD Mega Changer - DVPCX995V',47806,7,303,'Wintheiser Ltd','electronics'),(88,'2018-07-14 00:00:00','Sanus 32\' - 84\' Flat Panel TV Black Tilting Wall Mount - VMPL3B',14376,17,598,'Mayert Group','electronics'),(89,'2018-07-15 00:00:00','Sony DVD-R Recordable Camcorder Media - 3DMR30L1H',30830,6,363,'Goldner PLC','electronics'),(90,'2018-07-16 00:00:00','Sony VAIO Neoprene Laptop Carrying Case - Black Finish - VGPAMC3',25277,16,662,'Mohr Inc','electronics'),(91,'2018-07-17 00:00:00','Canon Color Ink Tank - CL41CL',931,7,597,'Huel LLC','electronics'),(92,'2018-07-18 00:00:00','Canon Cyan Ink Tank - Cyan - CLI8C',11255,19,113,'Mayert, Bins and Kessler','electronics'),(93,'2018-07-19 00:00:00','Canon Magenta Ink Tank - Magenta - CLI8M',5815,13,682,'Daniel, Hartmann and Dach','electronics'),(94,'2018-07-20 00:00:00','Canon Cyan Photo Ink Cartridge - Cyan - CLI8PC',46759,8,463,'Shanahan LLC','electronics'),(95,'2018-07-21 00:00:00','Canon Magenta Photo Ink Cartridge - Magenta - CLI8PM',35540,7,125,'Stehr, Pacocha and Altenwerth','electronics'),(96,'2018-07-22 00:00:00','Canon Yellow Ink Cartridge - Yellow - CLI8Y',709,19,141,'Erdman, Greenholt and Prohaska','electronics'),(97,'2018-07-23 00:00:00','Canon Black Ink Cartridge - Black - PG40BK',9840,10,510,'Predovic-Kerluke','electronics'),(98,'2018-07-24 00:00:00','Belkin Pro Series 16 Ft.  USB 2.0 Cable - F3U13316',38796,3,600,'Bartell-Mitchell','electronics'),(99,'2018-07-25 00:00:00','Pioneer Voice Command Pack - Black Finish - CDVC1',39961,10,292,'Herzog Ltd','electronics'),(100,'2018-07-26 00:00:00','Sony VAIO Neoprene Notebook With AC Adapter Case - Black Finish - VGPAMC2',12075,16,336,'Beahan-D\'Amore','electronics'),(101,'2018-07-27 00:00:00','NetGear ProSafe 24 Port Smart Switch - FS726TP',11282,14,464,'Stracke Group','electronics'),(102,'2018-07-28 00:00:00','GE Platinum HDTV Millennium TV Antenna - TV24734',18732,10,402,'Block-Brown','electronics'),(103,'2018-07-29 00:00:00','Garmin Streetpilot C Series Vehicle Suction Mount - Black Finish - 0101060900',16213,18,626,'Hane Ltd','electronics'),(104,'2018-07-30 00:00:00','Garmin StreetPilot C330 Dash Mount - Black Finish - 0101061300',31234,9,264,'Willms LLC','electronics'),(105,'2018-07-31 00:00:00','Sony Memory Stick Duo Replacement Adaptor - Silver/Blue Finish - MSACM2',1519,16,217,'Donnelly-Kessler','electronics'),(106,'2018-08-01 00:00:00','Yamaha High Performance Subwoofer -  Black Finish - YSTFSW100BK',37754,7,712,'Abshire Group','electronics'),(107,'2018-08-02 00:00:00','Netgear ProSafe 16 Port 10/100 Desktop Switch - Purple Finish - FS116P',26324,16,737,'Schuppe, Lockman and Okuneva','electronics'),(108,'2018-08-03 00:00:00','Frigidaire Electric White Dryer - FEQ332WH',33277,4,105,'Gorczany-Weissnat','electronics'),(109,'2018-08-04 00:00:00','Logitech Harmony 890 Advanced Universal Remote Control - H890',32326,3,507,'Bogisich, Fritsch and Gorczany','electronics'),(110,'2018-08-05 00:00:00','Canon High Capacity Color Ink Cartridge - Color Ink - CL51',6084,12,307,'Murazik LLC','electronics'),(111,'2018-08-06 00:00:00','Canon Photo Ink Cartridge - CL52',45063,9,418,'Lueilwitz Inc','electronics'),(112,'2018-08-07 00:00:00','Nikon 18-200mm Nikkor Zoom Lens - Black Finish - 2159',47146,4,310,'Parker Inc','electronics'),(113,'2018-08-08 00:00:00','Sennheisser Hi-Fi Wireless Headphone - RS120',8205,1,716,'Bashirian-Lang','electronics'),(114,'2018-08-09 00:00:00','Cuisinart Programmable Coffeemaker - Stainless Steel Finish - DCC2000',38553,12,478,'Grant-Romaguera','electronics'),(115,'2018-08-10 00:00:00','Sanus Center Channel Speaker Mount - Black Finish - VMCC1B',36791,14,409,'Nader-Lueilwitz','electronics'),(116,'2018-08-11 00:00:00','Sanus 32\' - 50\' Flat Panel TV Black Wall Mount - VMPL50B',38148,10,268,'Lynch, Collier and Tromp','electronics'),(117,'2018-08-12 00:00:00','Netgear RangeMax Wireless Access Point - White Finish - WPN802NA',13915,17,732,'Friesen-Ebert','electronics'),(118,'2018-08-13 00:00:00','Weber Q 300 Liquid Propane Outdoor Grill - 426001',22503,12,637,'Leannon-Breitenberg','electronics'),(119,'2018-08-14 00:00:00','Sony Lightweight Tripod - Black Finish - VCTR100',30548,6,725,'Mertz and Sons','electronics'),(120,'2018-08-15 00:00:00','Sanus VMAV Black VisionMount Component Wall Shelf VMAVB In Black - VMAVB',41826,1,521,'Blick-Mayert','electronics'),(121,'2018-08-16 00:00:00','Panasonic Plain Paper Fax/Copier With All-Digital Answering System - Silver Finish - KXFP145',12701,13,716,'Roob-Cassin','electronics'),(122,'2018-08-17 00:00:00','Tivo Wireless Adapter - AG0100',43068,10,539,'Kemmer, Hudson and Koch','electronics'),(123,'2018-08-18 00:00:00','Uniden 5.8GHz Accessory Handset And Charger - TCX905',25347,14,327,'Koepp LLC','electronics'),(124,'2018-08-19 00:00:00','Plantronics Voyager 510 Bluetooth Headset - Silver Finish - 496915',14378,20,84,'Fadel, Rogahn and Gibson','electronics'),(125,'2018-08-20 00:00:00','Kingdom Hearts II Video Game For The Sony PS2 - 662248904115',39460,4,501,'Hilpert-Brown','electronics'),(126,'2018-08-21 00:00:00','TiVo Series2 Dual Tuner Digital Video Recorder - TCD649080',38158,20,621,'Sanford-Bartell','electronics'),(127,'2018-08-22 00:00:00','Sony PlayStation 2 DUALSHOCK 2 Analog Controller - Emerald Finish - 711719706205',33759,7,632,'Doyle-Rohan','electronics'),(128,'2018-08-23 00:00:00','Sony PlayStation 2 8MB Memory Card - Black Finish - 711719702702',36400,17,502,'Reinger-Effertz','electronics'),(129,'2018-08-24 00:00:00','Sony PlayStation 2 8MB Memory Card (2 Pack) - Red/Blue Finish - 711719706700',47448,16,784,'Donnelly, Reichel and Greenfelder','electronics'),(130,'2018-08-25 00:00:00','Whirlpool Duet Sport Front Loading White Washer - White Finish - WFW8300SWH',48334,20,681,'Boyle-Daniel','electronics'),(131,'2018-08-26 00:00:00','Universal RF Series MasterControl Remote Control - RF20',19563,6,775,'Considine PLC','electronics'),(132,'2018-08-27 00:00:00','Panasonic Network Camera - White Finish - BLC1A',4885,20,405,'Wolf, Mraz and Barrows','electronics'),(133,'2018-08-28 00:00:00','Pioneer 6.5\' 2-Way Marine White Speakers - TSMR1640',41588,11,133,'Lubowitz-Wehner','electronics'),(134,'2018-08-29 00:00:00','Apple USB Modem - White Finish - MA034ZA',48758,6,518,'Donnelly Group','electronics'),(135,'2018-08-30 00:00:00','Linksys EtherFast 4124 24-Port Ethernet Switch - EF4124',10384,18,514,'Mraz Inc','electronics'),(136,'2018-08-31 00:00:00','Sony Learning Remote Control - Silver Finish - RMVL600',34985,7,388,'Lehner LLC','electronics'),(137,'2018-09-01 00:00:00','Hoover Bagged Tempo Widepath Upright Vacuum - U5140',9633,11,638,'Koch Ltd','electronics'),(138,'2018-09-02 00:00:00','Panasonic All-in-One Flatbed Laser Fax - KXFLB801',18513,13,175,'Volkman Ltd','electronics'),(139,'2018-09-03 00:00:00','Sony DVD Remote Control For PS2 - Black Finish - 711719707608',41707,1,382,'Tromp, Bosco and Bartoletti','electronics'),(140,'2018-09-04 00:00:00','Whirlpool 10\' WHP1000SQ Duet Washer And Dryer White Pedestal Without Drawer - WHP1000WH',38565,4,449,'Hintz-Ward','electronics'),(141,'2018-09-05 00:00:00','Whirlpool Duet Sport 27\' White Electric Dryer  - WED8300SWH',34189,9,772,'Cruickshank-Grady','electronics'),(142,'2018-09-06 00:00:00','Panasonic Lithium Ion Rechargeable Battery - Black Finish - CGRS006A1B',27034,20,304,'Bailey, Farrell and Moen','electronics'),(143,'2018-09-07 00:00:00','Panasonic Digital Camera Battery - CGAS007A1B',48416,15,472,'Kulas, Hackett and Gleason','electronics'),(144,'2018-09-08 00:00:00','Nikon Rechargeable Li-Ion Battery - Black Finish - 25334',34207,3,449,'Cormier-Gibson','electronics'),(145,'2018-09-09 00:00:00','KitchenAid 5-Speed Blender - Red Finish - KSB560ER',47382,15,800,'Kunde PLC','electronics'),(146,'2018-09-10 00:00:00','Panasonic 2-Line Integrated Phone System - White Finish - KXTS3282W',6612,4,499,'Parker, Mohr and Fay','electronics'),(147,'2018-09-11 00:00:00','Panasonic 2 Line 5.8 GHz FHSS GigaRange Expandable Digital Cordless Answering System - Black Finish - KXTG6700B',14098,19,526,'Abshire-Brakus','electronics'),(148,'2018-09-12 00:00:00','Panasonic 5.8GHz Add-On Handset For The KXTG6700B Phone System - Black Finish - KXTGA670B',25860,3,647,'Veum, Kris and Sauer','electronics'),(149,'2018-09-13 00:00:00','Nikon 55-200MM Zoom-Nikkor Lens Accessory - 2156',41078,2,103,'Daniel PLC','electronics'),(150,'2018-09-14 00:00:00','Waring Professional Cool-Touch Deep Fryer - Black/Stainless Steel Finish - DF100',46807,9,281,'Nienow, Bailey and Howe','electronics'),(151,'2018-09-15 00:00:00','Denon Fully Automatic Analog Turntable - DP300F',21853,12,170,'Veum-Witting','electronics'),(152,'2018-09-16 00:00:00','Terk Mini Tuner Cartridge For XM Ready Home Products - CNP2000',37217,9,231,'Schamberger-Bartoletti','electronics'),(153,'2018-09-17 00:00:00','Panasonic Plain Paper Fax/Copier With Cordless Phone Answering System - Grey Finish - KXFG2451',11428,19,480,'Fadel-Erdman','electronics'),(154,'2018-09-18 00:00:00','Sony DSCH2 Soft Carrying Camera Case - Black Finish - LCSCSH',35935,20,259,'Gerlach-McDermott','electronics'),(155,'2018-09-19 00:00:00','Omnimount Moda 2 Shelf Wall Furniture - MWFS',40031,3,588,'Lehner, Tillman and Huels','electronics'),(156,'2018-09-20 00:00:00','LEGO Star Wars II: The Original Trilogy Video Game For The Sony PSP - 023272329396',27823,4,593,'Fisher LLC','electronics'),(157,'2018-09-21 00:00:00','Terk Mini Tuner Home Dock For XM Ready Home Products - Black Finish - CNP2000H',49543,11,362,'Collins-Sawayn','electronics'),(158,'2018-09-22 00:00:00','Denon 5-Disc CD Auto Changer - Black Finish - DCM290',6071,19,309,'Mraz LLC','electronics'),(159,'2018-09-23 00:00:00','Denon 5 Disc CD Player - Black Finish - DCM390',28623,20,401,'Mills Ltd','electronics'),(160,'2018-09-24 00:00:00','Denon Progressive Scan Universal DVD Player - DVD2930CI',9903,15,88,'Christiansen PLC','electronics'),(161,'2018-09-25 00:00:00','Netgear Prosafe 16 Port 10/100 Rackmount Switch - Black Finish - JFS516NA',47514,10,68,'Lemke, Waters and Lakin','electronics'),(162,'2018-09-26 00:00:00','Sirius Sportster 4 With Car Kit - SP4TK1',47858,3,221,'Runolfsdottir-Medhurst','electronics'),(163,'2018-09-27 00:00:00','Terk XM Outdoor Home Antenna - Grey Finish - XM6',17315,3,641,'Yundt, Graham and Treutel','electronics'),(164,'2018-09-28 00:00:00','Olympus Digital Camera Neoprene Soft Case - Black With Grey Finish - 202066',13316,19,544,'Nienow, Kshlerin and Olson','electronics'),(165,'2018-09-29 00:00:00','Sanus 9\' - 17\' VisionMount Series Under Cabinet Flat Panel TV Silver Wall Mount - VMUC1S',31000,8,625,'Mosciski-Adams','electronics'),(166,'2018-09-30 00:00:00','Sony MiniDV Cleaning Cassette - DVM12CLD',36933,10,478,'Pagac Inc','electronics'),(167,'2018-10-01 00:00:00','GE Futura Indoor TV Antenna - Silver Finish - TV24746',43556,2,334,'Senger, Senger and Stroman','electronics'),(168,'2018-10-02 00:00:00','Sanus 15\' To 40\' Flat Panel Black TV Wall Mount - ML22B1',24773,14,235,'Bashirian PLC','electronics'),(169,'2018-10-03 00:00:00','Olympus Lithium Ion Rechargeable Battery - LI42B',14932,17,535,'Bins PLC','electronics'),(170,'2018-10-04 00:00:00','Olympus Premium Slim Leather Case In Black - 202087',49097,16,209,'Collins Inc','electronics'),(171,'2018-10-05 00:00:00','Sanus 15\' - 40\' VisionMount Flat Panel TV Black Wall Mount - MT25B1',23691,9,775,'Thiel-Bayer','electronics'),(172,'2018-10-06 00:00:00','Sony Lightweight Tripod - Black Finish - VCTR640',30283,5,175,'Skiles-Reichert','electronics'),(173,'2018-10-07 00:00:00','Nikon 70-300mm f/4.5-5.6G ED-IF AF-S VR Zoom-Nikkor Lens - 2161',38151,9,210,'Murphy, Metz and Maggio','electronics'),(174,'2018-10-08 00:00:00','Garmin GPS Carrying Case - Black Finish - 0101070400',46479,18,669,'Zulauf Inc','electronics'),(175,'2018-10-09 00:00:00','Tech Craft Avalon Series TV Stand - Black Finish - ABS32',36433,15,647,'Homenick, Gleason and Ullrich','electronics'),(176,'2018-10-10 00:00:00','Tech Craft Avalon Series TV Stand - SWP48',49617,19,261,'DuBuque, Rosenbaum and Heaney','electronics'),(177,'2018-10-11 00:00:00','Sanus 15\' - 40\' VisionMount Flat Panel TV Black Wall Mount - MF110B',14726,7,266,'Ebert-Franecki','electronics'),(178,'2018-10-12 00:00:00','Garmin Nuvi 360 010-10815-00 Black Replacement Vehicle Suction Cup Mount - 0101081500',12430,2,789,'Hane-Hyatt','electronics'),(179,'2018-10-13 00:00:00','Garmin Nuvi 360 010-10723-06 Black 12 Volt Adapter Cable - 0101072306',40206,15,329,'Stiedemann-Berge','electronics'),(180,'2018-10-14 00:00:00','Garmin Nuvi 660 010-10747-03 Black 12 Volt Adapter Cable - 0101074703',41447,12,684,'Fadel, Medhurst and Hickle','electronics'),(181,'2018-10-15 00:00:00','Lowepro Digital Camera Case In Black - REZO15BK',19392,19,128,'Bartoletti, Hudson and Orn','electronics'),(182,'2018-10-16 00:00:00','Lowepro Digital Camera Case In Black - EDIT100BK',47286,16,663,'Grady LLC','electronics'),(183,'2018-10-17 00:00:00','Garmin 010-10702-00 Black GA 25MCX Remote GPS Antenna - 0101070200',13252,15,786,'Schmeler-Wisozk','electronics'),(184,'2018-10-18 00:00:00','Frigidaire 24\' PLD4375RFC Built-In Stainless Steel Dishwasher - PLD4375SS',7667,1,90,'Schmidt, Boyer and Hammes','electronics'),(185,'2018-10-19 00:00:00','Garmin 010-10823-00 Black Nuvi 660 Vehicle Suction Cup Mount - 0101082300',42485,19,75,'Hettinger-Kunde','electronics'),(186,'2018-10-20 00:00:00','Whirlpool WED6400SB Cabrio Super Capacity Plus Electric Black Dryer - WED6400SBK',20417,14,559,'Grady-Dach','electronics'),(187,'2018-10-21 00:00:00','Universal MRF-350 RF Black Base Station - MRF350',3298,20,477,'Ziemann-Schuster','electronics'),(188,'2018-10-22 00:00:00','Panasonic SR-NA18 White Deluxe Fuzzy Logic Rice Cooker - SRNA18',1652,4,80,'Terry-Muller','electronics'),(189,'2018-10-23 00:00:00','Whirlpool Cabrio WTW6400SW Top Loading White Washer - WTW6400SWH',4063,11,667,'Moen, Goldner and Boyle','electronics'),(190,'2018-10-24 00:00:00','Bose In-Ear Black Headphones - BOSEIE',12645,14,124,'Beahan LLC','electronics'),(191,'2018-10-25 00:00:00','Panasonic KX-TG4500B Black 5.8 GHz Cordless Phone System - KXTG4500B',42179,17,157,'Breitenberg-Ferry','electronics'),(192,'2018-10-26 00:00:00','Panasonic KX-TGA450B Black 5.8 GHz Cordless Handset - KXTGA450B',9084,13,505,'Emard-Considine','electronics'),(193,'2018-10-27 00:00:00','Nyko PlayStation 3 Dual Charger AC - 743840830153',26460,2,707,'McLaughlin, Ruecker and Bins','electronics'),(194,'2018-10-28 00:00:00','Nyko PlayStation 3 ChargeLink USB Charging Cable - 743840830009',46727,15,118,'Zulauf, Schamberger and Mills','electronics'),(195,'2018-10-29 00:00:00','Linksys Wireless-G VPN Broadband Silver Router - WRV54G',18089,9,167,'Reichert, Crona and Leffler','electronics'),(196,'2018-10-30 00:00:00','Bose SL2 Wireless Black Surround Link - SL2WIRELESS',43833,14,250,'Jacobson, Denesik and Swift','electronics'),(197,'2018-10-31 00:00:00','Sony Digital Photo Printer Paper 120 Pack - SVMF120P',22969,5,155,'Feeney LLC','electronics'),(198,'2018-11-01 00:00:00','Logitech Harmony 1000 Silver Touch Screen Remote Control - H1000',48409,17,490,'Schulist-Moen','electronics'),(199,'2018-11-02 00:00:00','Canon PGI-5BK Black Ink Tank Cartridge - PGI5BK',5485,4,612,'Bechtelar and Sons','electronics'),(200,'2018-11-03 00:00:00','Canon Charger And Rechargable AA Battery Kit - 1169B001',29128,20,290,'Konopelski Inc','electronics'),(201,'2018-11-04 00:00:00','Lowepro SlingShot 200 AW Digital Camera Back Pack - SLINGSHOT200AW',2101,6,344,'Hodkiewicz-Rutherford','electronics'),(202,'2018-11-05 00:00:00','Tech Craft ABS48 Antique Black Avalon Series 48\' TV Stand - ABS48',15551,9,747,'Mitchell PLC','electronics'),(203,'2018-11-06 00:00:00','Sirius ST4-TK1 Starmate 4 Radio With Car Kit - ST4TK1',32291,9,585,'Beer-Rempel','electronics'),(204,'2018-11-07 00:00:00','Garmin 010-10723-03 Nuvi Suction Cup Mount - 0101072303',30851,11,465,'Davis-VonRueden','electronics'),(205,'2018-11-08 00:00:00','Monster PS3 CV/FO-10 Playstation 3 GameLink Component Video And Fiber Optic Digital Audio AV Kit - PS3CVFO10',10822,15,77,'Jaskolski and Sons','electronics'),(206,'2018-11-09 00:00:00','Monster PS3 HDMI-2M Playstation 3 GameLink HDMI Digital Video/Audio Cable - PS3HDMI2M',39243,8,642,'Little, Deckow and Hamill','electronics'),(207,'2018-11-10 00:00:00','LG TROMM WM2688HNM 4.2 Cu. Ft. Navy Blue Front Load Allergiene SteamWasher - WM2688HNBL',42451,14,628,'Miller Group','electronics'),(208,'2018-11-11 00:00:00','LG WDP3N 14\' Tall Navy Blue Pedestal With Drawer - WDP3BL',18063,1,91,'Tremblay-Metz','electronics'),(209,'2018-11-12 00:00:00','Nikon EN-EL9 Black Rechargeable Li-ion Battery - ENEL9',48165,19,68,'Wiegand, Crooks and Reilly','electronics'),(210,'2018-11-13 00:00:00','Logitech Harmony RF Wireless Extender - RFEXT',43955,19,369,'Conroy, Effertz and Berge','electronics'),(211,'2018-11-14 00:00:00','Weber Stainless Steel Summit S-650 Liquid Propane Grill - 1780001',24853,5,750,'Runte, Cassin and McDermott','electronics'),(212,'2018-11-15 00:00:00','Weber Stainless Steel Genesis S-310 Liquid Propane Grill - 3770001',16988,7,603,'Hudson-Johns','electronics'),(213,'2018-11-16 00:00:00','Weber Stainless Steel Genesis S320 LP Grill - 3780001',34375,2,541,'Auer, Mann and Padberg','electronics'),(214,'2018-11-17 00:00:00','Weber Stainless Steel Genesis S320 Natural Gas Grill - 3880001',6824,16,81,'Grady, Barrows and Murray','electronics'),(215,'2018-11-18 00:00:00','Belkin F3H982-10 Pro Series High Integrity 10 Feet Monitor Cable - F3H98210',15832,14,149,'Dickens, Ziemann and Haley','electronics'),(216,'2018-11-19 00:00:00','Kenwood KCA-IP200 Black iPod Direct Cable - KCAIP200',40009,5,430,'Tillman, Crona and Bosco','electronics'),(217,'2018-11-20 00:00:00','Kenwood KCA-IP300V iPod Video Direct Cable - KCAIP300V',18761,6,87,'Keebler-Hermiston','electronics'),(218,'2018-11-21 00:00:00','Sony SCPH-98046 PlayStation 3 Blu-Ray DVD Remote Control - 711719804604',30846,2,337,'Goodwin Inc','electronics'),(219,'2018-11-22 00:00:00','Tripp-Lite PV375 PowerVerter 375-Watt Ultra-Compact Inverter - PV375',36164,13,149,'Schowalter-Willms','electronics'),(220,'2018-11-23 00:00:00','Sirius FMDA25 Wired FM Modulation Relay - FMDA25',47403,7,441,'Rempel-Ledner','electronics'),(221,'2018-11-24 00:00:00','Frigidaire Professional 24\' PLD4555RFC Built-In Stainless Steel Dishwasher - PLD4555SS',18830,6,390,'Bartoletti, Rosenbaum and Franecki','electronics'),(222,'2018-11-25 00:00:00','LG DLG0452W White XL Capacity Gas Dryer - DLG0452WH',3785,10,333,'Senger, Schinner and Olson','electronics'),(223,'2018-11-26 00:00:00','LG WM0642HW 4.0 Cu Ft White Rear Control Washer - WM0642HWH',22314,19,598,'Zemlak and Sons','electronics'),(224,'2018-11-27 00:00:00','Electrolux Oxygen 3 Canister HEPA H12 Filter - EL012A',10828,6,497,'Klocko Inc','electronics'),(225,'2018-11-28 00:00:00','Fellowes Confetti Cut Shredder - W11C',38610,10,647,'Bashirian-Wehner','electronics'),(226,'2018-11-29 00:00:00','Sony LCS-CSJ Black Soft Carrying Case - LCSCSJ',21528,20,583,'Morissette PLC','electronics'),(227,'2018-11-30 00:00:00','Sony LCS-CSQ/B Black Soft Carrying Case - LCSCSQB',42521,1,447,'Leannon Group','electronics'),(228,'2018-12-01 00:00:00','Sony VAIO VGP-PRSZ1 SZ Series Docking Station - VGPPRSZ1',35821,1,70,'Dach, O\'Conner and Hammes','electronics'),(229,'2018-12-02 00:00:00','Weber Genesis E-310 Liquid Propane Black Outdoor Grill - 3741001',36485,5,512,'Feest, Kuhlman and VonRueden','electronics'),(230,'2018-12-03 00:00:00','Weber Genesis S-310 Natural Gas Stainless Steel Outdoor Grill - 3870001',26577,5,97,'Watsica-Dietrich','electronics'),(231,'2018-12-04 00:00:00','Sony Progressive Scan Black DVD Player - DVPNS57PB',32466,16,526,'Quitzon-Swift','electronics'),(232,'2018-12-05 00:00:00','LG 14\' Washer And Dryer Red Pedestal With Drawer - WDP3R',45801,1,60,'Aufderhar Inc','electronics'),(233,'2018-12-06 00:00:00','LG Laundry Remote Monitor - RLM20K',30964,16,325,'Conn-Murphy','electronics'),(234,'2018-12-07 00:00:00','Transcend 2GB Micro SD Memory Card - TS2GUSD',39076,12,81,'Stracke PLC','electronics'),(235,'2018-12-08 00:00:00','DeLonghi Magnifica Super-Automatic Espresso/Coffee Machine - ESAM3300',2881,17,125,'Metz PLC','electronics'),(236,'2018-12-09 00:00:00','LG LRBP1031 White Bottom-Freezer Refrigerator - LRBP1031WH',11475,5,203,'Jast, Shields and Muller','electronics'),(237,'2018-12-10 00:00:00','LG Titanium Bottom-Freezer Refrigerator - LRBP1031TT',1553,3,497,'Mraz-Hammes','electronics'),(238,'2018-12-11 00:00:00','Belkin F3H982-25 Black 25 Ft Pro Series High Integrity VGA/SVGA Monitor Replacement Cable - F3H98225',43318,4,778,'Kuvalis-Simonis','electronics'),(239,'2018-12-12 00:00:00','Yamaha Silver USB Powered Stereo Speaker - NXU10SIL',41106,15,438,'Armstrong-Weber','electronics'),(240,'2018-12-13 00:00:00','Canon FAX-JX200 Inkjet Fax Machine - FAXJX200',28656,13,726,'Durgan-Weissnat','electronics'),(241,'2018-12-14 00:00:00','Sony MDR-NC22/BLK Black Noise Canceling Headphones - MDRNC22',40479,11,429,'Hammes PLC','electronics'),(242,'2018-12-15 00:00:00','Sony LCS-TWA/R Red Soft Leather Carrying Case - LCSTWAR',44856,16,284,'Ritchie, Raynor and Gerlach','electronics'),(243,'2018-12-16 00:00:00','Pioneer CD-I200 iBus Interface Cable For iPod - CDI200',34309,6,522,'Mayer, Ullrich and Breitenberg','electronics'),(244,'2018-12-17 00:00:00','Sony InfoLithium H Series Standard Rechargeable Battery Pack - NPFH70',18729,18,716,'Greenfelder Ltd','electronics'),(245,'2018-12-18 00:00:00','Sony NP-FH100 InfoLithium H Series Standard Rechargeable Battery Pack - NPFH100',23951,13,790,'Roberts, Hirthe and Cremin','electronics'),(246,'2018-12-19 00:00:00','LG WM3431W All-In-One White Washer And Dryer Combo - WM3431WH',29765,12,547,'Ryan, Labadie and Pfeffer','electronics'),(247,'2018-12-20 00:00:00','LG WM3431HS All-In-One Front Load Titanium Washer And Dryer Combo - WM3431TT',17806,1,788,'Schaden and Sons','electronics'),(248,'2018-12-21 00:00:00','Weber Genesis E-310 Natural Gas Black Outdoor Grill - 3841001',9352,3,180,'Cremin, Beatty and Thompson','electronics'),(249,'2018-12-22 00:00:00','Microsoft Office Home And Student 2007 For Windows Vista - 79G00007',38287,7,326,'Ortiz, Baumbach and Hills','electronics'),(250,'2018-12-23 00:00:00','Weber 3758301 Blue Genesis EP-320 LP Gas Grill - 3758301',35142,13,325,'Crist Group','electronics'),(251,'2018-12-24 00:00:00','Panasonic KX-TG6702B 5.8 GHz FHSS GigaRange Expandable Black Cordless Phone System - KXTG6702B',4157,10,750,'McDermott, Beer and Bahringer','electronics'),(252,'2018-12-25 00:00:00','Sony LCS-TWA/B Black Soft Leather Carrying Case - LCSTWAB',47112,9,309,'Murazik-Effertz','electronics'),(253,'2018-12-26 00:00:00','Sony SLV-D380P Black DVD VHS Combo Player - SLVD380P',36414,8,187,'Ward, Murazik and Douglas','electronics'),(254,'2018-12-27 00:00:00','Sony Black Cyber-Shot W Series Digital Camera Carrying Case - LCSCSL',30826,7,389,'Schoen, Collier and Gerlach','electronics'),(255,'2018-12-28 00:00:00','Fellowes MicroShred Shredder - MS450CS',34169,7,362,'Kerluke-Corwin','electronics'),(256,'2018-12-29 00:00:00','Whirlpool White Front Load Washer - WFW9200SWH',18789,7,438,'Pfeffer PLC','electronics'),(257,'2018-12-30 00:00:00','Panasonic Silver Dect 6.0 Cordless Telephone - KXTG1033S',2688,4,381,'Zboncak-Jenkins','electronics'),(258,'2018-12-31 00:00:00','Sony Progressive Scan Silver DVD Player - DVPNS57PS',39026,2,364,'Yundt and Sons','electronics'),(259,'2019-01-01 00:00:00','GE Pre-Amplifier For Stereo Turntable - AV23292',37626,19,621,'Greenfelder, Predovic and O\'Keefe','electronics'),(260,'2019-01-02 00:00:00','Sony MRW62E/S1/181 17-In-1 External USB Memory Card Reader - MRW62ES1181',27994,3,570,'Dickinson, Boyer and Wintheiser','electronics'),(261,'2019-01-03 00:00:00','Sony MS-A1GD 1GB Memory Stick Micro (M2) - MSA1GD',45864,9,566,'Schmitt Group','electronics'),(262,'2019-01-04 00:00:00','Olympus PS-BLS1 Lithium Ion Rechargeable Battery - LIIONPSBLS1',47639,1,90,'Conn, Jacobs and Schoen','electronics'),(263,'2019-01-05 00:00:00','Griffin Elevator Brushed Aluminum Laptop Stand - 1093CURV2',19530,15,760,'Ortiz, Pagac and Mitchell','electronics'),(264,'2019-01-06 00:00:00','Escort Passport 9500I Radar And Laser Detector - 9500I',6057,19,79,'Volkman-Vandervort','electronics'),(265,'2019-01-07 00:00:00','Sirius External Home Antenna - 14240',3945,14,382,'Fisher-Feest','electronics'),(266,'2019-01-08 00:00:00','Altec Lansing inMotion iPod Portable Audio System - IM600USB',37202,8,130,'Bode Inc','electronics'),(267,'2019-01-09 00:00:00','Panasonic Stainless Steel Countertop Microwave Oven - NNSD377SS',16289,20,143,'Kuvalis-Roob','electronics'),(268,'2019-01-10 00:00:00','Panasonic Countertop Microwave Oven In Black - NNSN667BK',18744,3,435,'Lowe, Schowalter and Lynch','electronics'),(269,'2019-01-11 00:00:00','Panasonic Stainless Steel Luxury Full Size Countertop Microwave Oven - NNSD967SS',42846,4,471,'Wyman Group','electronics'),(270,'2019-01-12 00:00:00','Panasonic Countertop Microwave Oven In White - NNSN667WH',24895,10,452,'Jones-Heidenreich','electronics'),(271,'2019-01-13 00:00:00','Panasonic Countertop Microwave Oven In Stainless Steel - NNSD667SS',47528,15,466,'Bruen, Cremin and Price','electronics'),(272,'2019-01-14 00:00:00','LG DLG2526W White Super Capacity Gas Dryer - DLG2526WH',20911,12,654,'Jacobi-Bode','electronics'),(273,'2019-01-15 00:00:00','LG WM2016CW 3.6 Cu Ft White Front Load Washer - WM2016CWH',21237,19,655,'Reichel LLC','electronics'),(274,'2019-01-16 00:00:00','Canon 580EXII Speedlite In Black - 1946B002',43309,9,327,'Smitham, Keebler and Wisozk','electronics'),(275,'2019-01-17 00:00:00','Nikon COOLPIX Leather Camera Case In Black - 5811',28004,15,159,'Leffler, Fritsch and Osinski','electronics'),(276,'2019-01-18 00:00:00','Alpine 2-DIN DVD/CD/MP3/WMA Receiver/AV Head Unit - IVAW205',17717,6,580,'Nader, Stark and Lueilwitz','electronics'),(277,'2019-01-19 00:00:00','Olympus Silver Digital Voice Recorder - VN4100PC',42881,12,677,'Wyman-Durgan','electronics'),(278,'2019-01-20 00:00:00','Samsung DLP TV Stand In Black - TR72BX',43695,2,208,'Doyle, Waelchi and Balistreri','electronics'),(279,'2019-01-21 00:00:00','Sony Black Active Speaker System - SRSA212BK',6653,3,359,'Fadel Ltd','electronics'),(280,'2019-01-22 00:00:00','Panasonic Expandable Digital Cordless DECT 6.0 Answering System In Silver - KXTG1034S',41492,19,799,'Murazik, Dach and Grant','electronics'),(281,'2019-01-23 00:00:00','Panasonic Expandable Digital Cordless DECT 6.0 Handset In Silver - KXTGA101S',26930,17,769,'Gutmann-Nitzsche','electronics'),(282,'2019-01-24 00:00:00','Tech Craft Dark Cherry Veneto Series TV Stand - SWP60',27606,11,206,'Kozey-Bruen','electronics'),(283,'2019-01-25 00:00:00','Kensington MicroSaver Keyed Notebook Lock - 64068F',2502,19,738,'Wiegand PLC','electronics'),(284,'2019-01-26 00:00:00','Haier 13\' Silver Tube TV - HTR13',3620,7,78,'Bode and Sons','electronics'),(285,'2019-01-27 00:00:00','Sony Memory Stick USB Adaptor - MSACUS40',33150,18,271,'Price-Hermiston','electronics'),(286,'2019-01-28 00:00:00','Panasonic Silver Rice Cooker/Warmer - SRTMB10',12717,2,74,'Hodkiewicz LLC','electronics'),(287,'2019-01-29 00:00:00','Audiovox 9\' LCD Drop Down TV With Built-In DVD - VE927',44091,11,456,'McDermott-Hodkiewicz','electronics'),(288,'2019-01-30 00:00:00','Sony Clip-On Black Headphones - MDRQ68LW',3873,1,512,'Nicolas, Kuphal and Hagenes','electronics'),(289,'2019-01-31 00:00:00','Netgear ProSafe 24-Port Smart Switch - GS724TP',41274,13,453,'Moen and Sons','electronics'),(290,'2019-02-01 00:00:00','Panasonic NNSD767S Stainless Steel Countertop Microwave Oven - NNSD767SS',19717,15,780,'Stehr, Durgan and Larkin','electronics'),(291,'2019-02-02 00:00:00','Sharp Over The Counter White Microwave Oven - R1211WH',6837,11,340,'Deckow, Brekke and Zemlak','electronics'),(292,'2019-02-03 00:00:00','Monster iFreePlay Cordless Headphones For iPod Shuffle - AISHHPHONE',37897,12,656,'Kihn, Wehner and VonRueden','electronics'),(293,'2019-02-04 00:00:00','Canon Black Ink Cartridge - PG50',40822,2,603,'Lynch-Block','electronics'),(294,'2019-02-05 00:00:00','Panasonic White Integrated Telephone System - KXTS600W',9024,9,242,'Blick LLC','electronics'),(295,'2019-02-06 00:00:00','Sony HD Radio Add On Tuner - XT100HD',27942,17,214,'Purdy, Kunde and Hauck','electronics'),(296,'2019-02-07 00:00:00','Linksys Wireless N Access Point - WAP4400N',43354,13,577,'Doyle, Streich and Mohr','electronics'),(297,'2019-02-08 00:00:00','LG DLE2516W White Super Capacity Electric Dryer - DLE2516WH',21227,17,345,'Kerluke, Kassulke and Lind','electronics'),(298,'2019-02-09 00:00:00','LG DLE3733W White XL Capacity Electric Dryer - DLE3733WH',22117,10,239,'Kautzer PLC','electronics'),(299,'2019-02-10 00:00:00','LG Pearl Gray XL Capacity Electric Dryer - DLE5955G',43820,10,446,'Effertz, Stamm and Orn','electronics'),(300,'2019-02-11 00:00:00','LG DLE5955W White XL Capacity Electric Dryer - DLE5955WH',11121,10,557,'Kuhlman Inc','electronics'),(301,'2019-02-12 00:00:00','LG LSC21943ST Stainless Steel Side By Side Refrigerator - LSC21943SS',29802,12,548,'Willms PLC','electronics'),(302,'2019-02-13 00:00:00','LG WM2233W 4.0 Cu Ft White Front Load Washer - WM2233WH',12877,12,485,'Hegmann and Sons','electronics'),(303,'2019-02-14 00:00:00','LG WM2455HG 4.2 Cu Ft Pearl Gray Front Load Washer - WM2455G',36007,12,754,'Johns-Toy','electronics'),(304,'2019-02-15 00:00:00','Haier 20\' ATSC Color Tube Television - HTR20',31631,13,115,'Shanahan LLC','electronics'),(305,'2019-02-16 00:00:00','Maytag MED5900TW White Electric Dryer - MED5900TWH',34673,9,632,'Mann-Yundt','electronics'),(306,'2019-02-17 00:00:00','TiVo HD Digital Video Recorder (180 Hour) - TCD652160',7988,1,186,'DuBuque-Paucek','electronics'),(307,'2019-02-18 00:00:00','Audiovox Xpress XM Satellite Radio Receiver Home Kit - XMH10A',10412,15,94,'Leuschke LLC','electronics'),(308,'2019-02-19 00:00:00','Audiovox Xpress XM Satellite Radio FM Direct Adapter - XMFM1',13836,9,774,'Jast-Moore','electronics'),(309,'2019-02-20 00:00:00','Panasonic NNSD797S Stainless Steel Countertop Microwave Oven - NNSD797SS',21960,10,200,'Hilll-Satterfield','electronics'),(310,'2019-02-21 00:00:00','Electrolux Pronto 2 In 1 Lightweight Upright Vacuum - EL1000B',17441,3,405,'Zulauf and Sons','electronics'),(311,'2019-02-22 00:00:00','Sony Black DVDirect MC5 Multi-Function DVD Recorder - VRDMC5',35961,6,470,'Simonis Group','electronics'),(312,'2019-02-23 00:00:00','Apple Mac Mini 1.83GHz Intel Core 2 Duo Computer - MB138LLA',37610,5,317,'Lesch, Daniel and Tillman','electronics'),(313,'2019-02-24 00:00:00','LaCie 1TB FireWire 800/FireWire 400/USB 2.0 External Hard Drive - 301199U',45820,16,105,'Stokes Inc','electronics'),(314,'2019-02-25 00:00:00','Alpine CD/MP3/WMA/AAC Receiver - CDA9887',43151,19,684,'Treutel, Bayer and Hilpert','electronics'),(315,'2019-02-26 00:00:00','Denon 7.1 Channel Home Theater MultiMedia A/V Receiver With Networking And WiFi - AVR4308CI',48232,2,211,'Bartell PLC','electronics'),(316,'2019-02-27 00:00:00','Denon 7.1 Channel Home Theater MultiMedia A/V Receiver With Networking In Black - AVR3808CI',9340,10,495,'Spencer, Spencer and McCullough','electronics'),(317,'2019-02-28 00:00:00','Denon X-Space Surround Bar Home Theatre System In Black - DHTFS3',22666,20,109,'Kulas Ltd','electronics'),(318,'2019-03-01 00:00:00','OmniMount CMK White Wall Cable Management Kit - CMKMINI',7570,6,94,'McLaughlin, Lind and Conroy','electronics'),(319,'2019-03-02 00:00:00','Apple Wireless Mighty Mouse - MB111LLA',12748,11,757,'Little, Ritchie and McGlynn','electronics'),(320,'2019-03-03 00:00:00','Yamaha Black Digital Sound Projector - YSP4000BK',1054,7,603,'Homenick Ltd','electronics'),(321,'2019-03-04 00:00:00','Sony PSP 2000 Playstation Portable Gaming System Core 98510 In Piano Black - 711719851004',26796,8,669,'Runolfsdottir Inc','electronics'),(322,'2019-03-05 00:00:00','Yamaha Mounting Installation Bracket - SPMK30',44134,16,724,'Bogisich LLC','electronics'),(323,'2019-03-06 00:00:00','Apple Mini-DVI To DVI Adapter - M9321GB',14066,1,674,'Heidenreich LLC','electronics'),(324,'2019-03-07 00:00:00','Olympus DS40 Digital Voice Recorder - DS40R',6426,20,505,'Goyette-Langosh','electronics'),(325,'2019-03-08 00:00:00','Bose Lifestyle 48 Series IV 43479 Home Entertainment System - LS48IVWH',4851,8,494,'Schuppe, Jacobs and Ryan','electronics'),(326,'2019-03-09 00:00:00','Sony Black DVD Recorder And VHS Combo Player - RDRVXD655',26482,14,754,'Sporer Ltd','electronics'),(327,'2019-03-10 00:00:00','Apple 1GB Silver iPod Shuffle - MB225LLA',13327,11,714,'O\'Keefe and Sons','electronics'),(328,'2019-03-11 00:00:00','GE 24\' GSD2400NWW White Built-In Dishwasher - GSD2400WH',25424,2,232,'Thiel-Hayes','electronics'),(329,'2019-03-12 00:00:00','Panasonic Expandable Digital Cordless DECT 6.0 Phone System - KXTG1032S',23933,3,163,'Leannon Group','electronics'),(330,'2019-03-13 00:00:00','Panasonic 2 Line Integrated Corded Phone System - KXTSC14B',36781,10,83,'Beer, Weissnat and Schneider','electronics'),(331,'2019-03-14 00:00:00','Audiovox XpressEZ XM Satellite Radio Receiver - XMCK5P',39381,18,675,'Nikolaus, Gottlieb and Graham','electronics'),(332,'2019-03-15 00:00:00','Audiovox XpressR XM Satellite Radio Receiver - XMCK20P',19148,10,677,'Oberbrunner-Homenick','electronics'),(333,'2019-03-16 00:00:00','Audiovox Commander MT XM Satellite Radio Receiver - XMRVRFM002',2241,7,635,'Brekke and Sons','electronics'),(334,'2019-03-17 00:00:00','Panasonic Integrated Black Telephone System With All-Digital Answering System - KXTS620B',39390,13,680,'Reilly-Jerde','electronics'),(335,'2019-03-18 00:00:00','Panasonic Integrated White Telephone System With All-Digital Answering System - KXTS620W',38979,11,631,'Douglas, Ondricka and Kozey','electronics'),(336,'2019-03-19 00:00:00','Sony Home Entertainment Server In Black - HESV1000',17700,1,190,'Price Inc','electronics'),(337,'2019-03-20 00:00:00','Uniden DECT 6.0 Cordless Digital Answering System - DECT20802',26523,1,508,'Jones-Harvey','electronics'),(338,'2019-03-21 00:00:00','Tech Craft Veneto Series Black TV Stand - ABS60BK',18572,10,300,'Reynolds Inc','electronics'),(339,'2019-03-22 00:00:00','Panasonic 2GB SD Memory Card - SDV02GU1A',36109,3,419,'Weimann, Muller and Kub','electronics'),(340,'2019-03-23 00:00:00','Skagen Premium Steel Slimline Mesh Womens Watch - 233XSGG',13541,14,221,'Reilly LLC','electronics'),(341,'2019-03-24 00:00:00','Seiko Quartz Le Grand Sport Womens Watch - SXDA04',7117,7,414,'Romaguera, Harris and McLaughlin','electronics'),(342,'2019-03-25 00:00:00','Canon Color Image Silver Scanner - 8800F',33307,2,181,'Ratke-Glover','electronics'),(343,'2019-03-26 00:00:00','Canon EOS 40D Digital SLR Camera In Black - EOS40DBODY',1568,4,362,'Rogahn, Gerhold and Abbott','electronics'),(344,'2019-03-27 00:00:00','Sony Black LocationFree Base Station - LFV30',3037,17,352,'Balistreri, Hauck and Kiehn','electronics'),(345,'2019-03-28 00:00:00','Linksys Wireless-G Broadband Router - WRT54GL',1085,5,604,'Blanda and Sons','electronics'),(346,'2019-03-29 00:00:00','Canon EOS 40D Digital SLR Camera And 28-135MM Lens - EOS40D28135',2775,4,378,'Hauck and Sons','electronics'),(347,'2019-03-30 00:00:00','Universal RF Base Station - MRF260',20078,18,72,'Rutherford LLC','electronics'),(348,'2019-03-31 00:00:00','Sony HD-Handycam 1.5 Meters (5 Feet) HDMI Mini Cable - VMC15MHD',26984,4,729,'Frami PLC','electronics'),(349,'2019-04-01 00:00:00','Canon PIXMA Multifunction Printer - MX310',44156,14,348,'Bechtelar Inc','electronics'),(350,'2019-04-02 00:00:00','Chestnut Hill Sound George iPod Music System In White - CHS4001',49773,18,489,'Goodwin LLC','electronics'),(351,'2019-04-03 00:00:00','Crme de la Mer',28079,4,588,'Klein Group','cosmetics'),(352,'2019-04-04 00:00:00','Facial Treatment Essence',18322,4,595,'O\'Reilly PLC','cosmetics'),(353,'2019-04-05 00:00:00','Protini Polypeptide Cream',33129,14,373,'Gaylord-Reinger','cosmetics'),(354,'2019-04-06 00:00:00','The Moisturizing Soft Cream',38791,16,278,'Grady-Mraz','cosmetics'),(355,'2019-04-07 00:00:00','Your Skin But Better CC+ Cream with SPF 50+',9532,1,770,'Monahan Group','cosmetics'),(356,'2019-04-08 00:00:00','The Water Cream',6248,12,631,'Morissette-Schimmel','cosmetics'),(357,'2019-04-09 00:00:00','Lala Retro Whipped Cream',5901,17,226,'Hoppe and Sons','cosmetics'),(358,'2019-04-10 00:00:00','Virgin Marula Luxury Facial Oil',12525,6,369,'Davis and Sons','cosmetics'),(359,'2019-04-11 00:00:00','Ultra Facial Cream',26140,16,419,'Parker-Harvey','cosmetics'),(360,'2019-04-12 00:00:00','Little Miss Miracle Limited-Edition Crme de la Mer',46648,3,76,'Osinski, Towne and Walsh','cosmetics'),(361,'2019-04-13 00:00:00','Lotus Youth Preserve Moisturizer',19339,11,594,'Jones Ltd','cosmetics'),(362,'2019-04-14 00:00:00','Midnight Recovery Concentrate',14735,6,345,'Larson-Halvorson','cosmetics'),(363,'2019-04-15 00:00:00','The True Cream Aqua Bomb',28483,1,226,'Thompson-Hayes','cosmetics'),(364,'2019-04-16 00:00:00','Luna Sleeping Night Oil',6105,17,721,'Abernathy, Yost and Waelchi','cosmetics'),(365,'2019-04-17 00:00:00','Honeymoon Glow AHA Resurfacing Night Serum with Echinacea GreenEnvy',16642,10,177,'Heller, McLaughlin and McGlynn','cosmetics'),(366,'2019-04-18 00:00:00','The Littles',6427,6,515,'Stroman, Runolfsdottir and Hills','cosmetics'),(367,'2019-04-19 00:00:00','Ultra Repair Cream Intense Hydration',2472,3,687,'Runolfsdottir, Kuhlman and Howe','cosmetics'),(368,'2019-04-20 00:00:00','Moisture Surge 72-Hour Auto-Replenishing Hydrator',19927,20,469,'Yost Ltd','cosmetics'),(369,'2019-04-21 00:00:00','Rose Deep Hydration Moisturizer',658,9,333,'Deckow-Dach','cosmetics'),(370,'2019-04-22 00:00:00','R.N.A. POWER Face Cream',44673,19,287,'Kilback-Leffler','cosmetics'),(371,'2019-04-23 00:00:00','Crme de la Mer Mini',21260,6,179,'Kautzer-Mohr','cosmetics'),(372,'2019-04-24 00:00:00','COMPLEXION RESCUE Tinted Moisturizer Broad Spectrum SPF 30',46221,16,327,'Weimann, Gerlach and Lubowitz','cosmetics'),(373,'2019-04-25 00:00:00','Bio-Performance Advanced Super Revitalizing Cream',7857,9,198,'Gutmann-Schiller','cosmetics'),(374,'2019-04-26 00:00:00','Black Tea Firming Overnight Mask',3395,2,110,'Cruickshank, Kerluke and Gottlieb','cosmetics'),(375,'2019-04-27 00:00:00','The True Cream Moisturizing Bomb',34681,6,660,'Schinner Inc','cosmetics'),(376,'2019-04-28 00:00:00','Charlotte\'s Magic Cream',35013,12,330,'Konopelski, Pacocha and White','cosmetics'),(377,'2019-04-29 00:00:00','Virgin Marula Luxury Facial Oil Mini',47920,5,435,'Wolf, Harber and Fritsch','cosmetics'),(378,'2019-04-30 00:00:00','Dr. Andrew Weil For Origins Mega-Mushroom Relief & Resilience Soothing Treatment Lotion',19285,13,315,'Pouros-Bechtelar','cosmetics'),(379,'2019-05-01 00:00:00','Dramatically Different Moisturizing Lotion+',15337,20,108,'Conroy, McLaughlin and Beatty','cosmetics'),(380,'2019-05-02 00:00:00','GenOptics Aura Essence Serum',29378,9,306,'Kuhn, Beer and Stiedemann','cosmetics'),(381,'2019-05-03 00:00:00','Black Tea Kombucha Antioxidant Essence',34667,6,162,'Funk Group','cosmetics'),(382,'2019-05-04 00:00:00','Pure One Step Camellia Cleansing Oil',27015,14,643,'Pfannerstill, Reichert and Greenfelder','cosmetics'),(383,'2019-05-05 00:00:00','Sheer Transformation Perfecting Moisturizer',7851,2,240,'Kuphal Group','cosmetics'),(384,'2019-05-06 00:00:00','100 percent Pure Argan Oil',31265,13,592,'Leannon, Bruen and Mayert','cosmetics'),(385,'2019-05-07 00:00:00','Your Skin But Better CC+ Cream Oil-Free Matte with SPF 40',2180,20,340,'Heaney-Breitenberg','cosmetics'),(386,'2019-05-08 00:00:00','Unicorn Essence Antioxidant Primer Serum',17784,12,540,'Gerhold, Quigley and Spencer','cosmetics'),(387,'2019-05-09 00:00:00','Water Sleeping Mask',49154,19,343,'Shields Ltd','cosmetics'),(388,'2019-05-10 00:00:00','Water Bank Moisture Cream',21515,20,678,'Corkery-Haag','cosmetics'),(389,'2019-05-11 00:00:00','Facial Treatment Essence Mini',19616,8,242,'Jakubowski Inc','cosmetics'),(390,'2019-05-12 00:00:00','Premium Beauty Balm SPF 45',30205,2,158,'Konopelski-O\'Keefe','cosmetics'),(391,'2019-05-13 00:00:00','Luminous Dewy Skin Mist',7659,12,218,'Stracke LLC','cosmetics'),(392,'2019-05-14 00:00:00','Benefiance WrinkleResist24 Night Cream',1385,13,459,'Muller Inc','cosmetics'),(393,'2019-05-15 00:00:00','Dramatically Different Moisturizing Gel',42067,1,570,'Spinka, Schimmel and Legros','cosmetics'),(394,'2019-05-16 00:00:00','Goodnight Glow Retin-ALT Sleeping Crme',13796,4,675,'Hermiston LLC','cosmetics'),(395,'2019-05-17 00:00:00','U.F.O. Ultra-Clarifying Face Oil',46523,11,388,'Bahringer, Bahringer and Pfannerstill','cosmetics'),(396,'2019-05-18 00:00:00','Watermelon Glow Sleeping Mask',46728,16,452,'Kulas Ltd','cosmetics'),(397,'2019-05-19 00:00:00','Pink Cloud Rosewater Moisture Crme',19710,17,431,'Hirthe, Waelchi and Hahn','cosmetics'),(398,'2019-05-20 00:00:00','Radiance Drops - Rainforest of the Sea Collection',17371,17,695,'Armstrong, Stiedemann and Bernhard','cosmetics'),(399,'2019-05-21 00:00:00','Tidal Brightening Enzyme Water Cream',28465,17,552,'Gerhold, Parisian and Brekke','cosmetics'),(400,'2019-05-22 00:00:00','Beauty Elixir',15232,17,426,'Sawayn, Hoppe and Beatty','cosmetics'),(401,'2019-05-23 00:00:00','Grape Water',28395,11,385,'Quigley-Feeney','cosmetics'),(402,'2019-05-24 00:00:00','Adaptogen Deep Moisture Cream',20733,20,366,'Rutherford LLC','cosmetics'),(403,'2019-05-25 00:00:00','The Renewal Oil',40310,15,142,'Ryan, Quigley and Roob','cosmetics'),(404,'2019-05-26 00:00:00','Squalane + Vitamin C Rose Oil',12363,12,145,'Stroman, Considine and Oberbrunner','cosmetics'),(405,'2019-05-27 00:00:00','BB Tinted Treatment 12-Hour Primer Broad Spectrum SPF 30 Sunscreen',40354,20,387,'D\'Amore-Kunde','cosmetics'),(406,'2019-05-28 00:00:00','Eudermine Revitalizing Essence',38501,1,262,'Sporer-Zboncak','cosmetics'),(407,'2019-05-29 00:00:00','GinZing Energy-Boosting Gel Moisturizer',16327,18,330,'Homenick LLC','cosmetics'),(408,'2019-05-30 00:00:00','Micro Essence Skin Activating Treatment Lotion',39441,4,414,'Schmeler-Jakubowski','cosmetics'),(409,'2019-05-31 00:00:00','Beauty Water',40160,3,745,'Pacocha Ltd','cosmetics'),(410,'2019-06-01 00:00:00','The Silk Cream',32807,3,470,'Paucek Ltd','cosmetics'),(411,'2019-06-02 00:00:00','C-Rush Brightening Gel Crme',4251,13,530,'Prosacco LLC','cosmetics'),(412,'2019-06-03 00:00:00','Color Control Cushion Compact Broad Spectrum SPF 50+',10920,2,789,'Herman-Boehm','cosmetics'),(413,'2019-06-04 00:00:00','Vitamin Enriched Face Base Priming Moisturizer',27522,8,268,'Powlowski Group','cosmetics'),(414,'2019-06-05 00:00:00','Cicapair  Tiger Grass Color Correcting Treatment SPF 30',24284,18,367,'Rogahn, Tromp and Beahan','cosmetics'),(415,'2019-06-06 00:00:00','Vinosource Moisturizing Sorbet',18816,12,613,'Lang, Fadel and Schultz','cosmetics'),(416,'2019-06-07 00:00:00','Lapis Oil Balancing Facial Oil',27422,8,734,'Champlin Group','cosmetics'),(417,'2019-06-08 00:00:00','CC Crme High Definition Radiance Face Cream Skin Perfector',31184,3,514,'Greenfelder-Koepp','cosmetics'),(418,'2019-06-09 00:00:00','Camera Ready BB Cream SPF 35',4866,12,631,'Considine LLC','cosmetics'),(419,'2019-06-10 00:00:00','C.E.O. C + E antiOXIDANT Protect + Repair Moisturizer',19682,8,635,'Reinger LLC','cosmetics'),(420,'2019-06-11 00:00:00','Rose Gold Elixir  24k Gold Infused Beauty Oil',4072,11,557,'Kassulke and Sons','cosmetics'),(421,'2019-06-12 00:00:00','Your Skin But Better CC+Illumination Cream with SPF 50+',49232,7,327,'Beer-Roob','cosmetics'),(422,'2019-06-13 00:00:00','Luminous Dewy Skin Night Concentrate',43123,6,491,'Treutel PLC','cosmetics'),(423,'2019-06-14 00:00:00','GLOWSTARTER Mega Illuminating Moisturizer',48935,9,480,'Cronin-Keebler','cosmetics'),(424,'2019-06-15 00:00:00','Revitalizing Supreme Global Anti-Aging Crme',42300,11,776,'Ankunding, Beatty and Kling','cosmetics'),(425,'2019-06-16 00:00:00','Ceramidin Cream',20805,5,135,'Flatley, Okuneva and Treutel','cosmetics'),(426,'2019-06-17 00:00:00','Juno Antioxidant + Superfood Face Oil',24693,11,67,'Armstrong-Vandervort','cosmetics'),(427,'2019-06-18 00:00:00','Seaberry Moisturizing Face Oil',45435,14,790,'Marks-Hansen','cosmetics'),(428,'2019-06-19 00:00:00','BB Cushion Hydra Radiance SPF 50',40357,15,734,'Satterfield, Bauch and Lynch','cosmetics'),(429,'2019-06-20 00:00:00','FUTURE RESPONSE Age Defense Creme',23419,9,201,'D\'Amore and Sons','cosmetics'),(430,'2019-06-21 00:00:00','THIRSTYMUD Hydrating Treatment',30293,8,415,'Witting, Kuhlman and Kutch','cosmetics'),(431,'2019-06-22 00:00:00','Honey Drop Lightweight Moisturizer with Echinacea GreenEnvy',14207,7,434,'Treutel, Harvey and Cole','cosmetics'),(432,'2019-06-23 00:00:00','Water Drench Hyaluronic Cloud Cream',41597,7,698,'Prosacco-Anderson','cosmetics'),(433,'2019-06-24 00:00:00','Vintage Single Extract Essence',31181,2,499,'Tremblay Inc','cosmetics'),(434,'2019-06-25 00:00:00','Confidence in a Cream Transforming Moisturizing Super Cream',38579,14,343,'Graham-Pouros','cosmetics'),(435,'2019-06-26 00:00:00','Black Tea Corset Cream Firming Moisturizer',34840,16,520,'Greenholt, Jast and Brakus','cosmetics'),(436,'2019-06-27 00:00:00','Crme Ancienne',36618,15,299,'Stiedemann, Strosin and Smitham','cosmetics'),(437,'2019-06-28 00:00:00','Hello FAB Coconut Skin Smoothie Priming Moisturizer',23940,15,196,'Schoen PLC','cosmetics'),(438,'2019-06-29 00:00:00','Secret Sauce Clinically Advanced Miraculous Anti-Aging Moisturizer',13815,20,777,'Cruickshank, Corkery and Bashirian','cosmetics'),(439,'2019-06-30 00:00:00','Benefiance WrinkleResist24 Day Cream Broad Spectrum SPF 18',24676,16,130,'Swaniawski-Heaney','cosmetics'),(440,'2019-07-01 00:00:00','Rose Floral Toner',33610,7,759,'Frami, Schmeler and Zboncak','cosmetics'),(441,'2019-07-02 00:00:00','High-Potency Night-a-Mins Oil-Free Resurfacing Cream with Fruit-Derived AHAs',39036,14,377,'Batz and Sons','cosmetics'),(442,'2019-07-03 00:00:00','Amazonian Clay BB Tinted Moisturizer Broad Spectrum SPF 20 Sunscreen',20743,19,192,'Stokes, O\'Keefe and Kemmer','cosmetics'),(443,'2019-07-04 00:00:00','Moisture Surge Intense Skin Fortifying Hydrator',4687,8,420,'Bartell Group','cosmetics'),(444,'2019-07-05 00:00:00','Argan Daily Moisturizer SPF 47',46769,5,676,'Huel, Greenfelder and Brown','cosmetics'),(445,'2019-07-06 00:00:00','Water Bank Essence',18266,10,699,'Medhurst, Terry and O\'Conner','cosmetics'),(446,'2019-07-07 00:00:00','Double-Duty Face Moisturizer Broad Spectrum SPF 20',15132,6,507,'Ernser, Abshire and Sporer','cosmetics'),(447,'2019-07-08 00:00:00','Watermelon Pink Juice Moisturizer',2940,7,714,'Oberbrunner, Little and Willms','cosmetics'),(448,'2019-07-09 00:00:00','The Concentrate Mini',39483,2,655,'Torphy LLC','cosmetics'),(449,'2019-07-10 00:00:00','The Moisturizing Cool Gel Cream',14323,3,376,'Grimes, Wilderman and Mayert','cosmetics'),(450,'2019-07-11 00:00:00','Artichoke',5144,3,310,'Osinski and Sons','consumables'),(451,'2019-07-12 00:00:00','Asparagus',25942,5,743,'Welch, Hermann and Spencer','consumables'),(452,'2019-07-13 00:00:00','Bamboo shoots',34516,12,421,'Fritsch, Bernier and Abernathy','consumables'),(453,'2019-07-14 00:00:00','Bean sprouts',17275,4,630,'Miller LLC','consumables'),(454,'2019-07-15 00:00:00','Beans',21519,17,545,'Watsica PLC','consumables'),(455,'2019-07-16 00:00:00','Beetroot',7134,17,165,'Pollich Group','consumables'),(456,'2019-07-17 00:00:00','Bell pepper',16296,19,125,'Powlowski-Klocko','consumables'),(457,'2019-07-18 00:00:00','Broccoli',21436,15,678,'Romaguera, Volkman and Abshire','consumables'),(458,'2019-07-19 00:00:00','Brussels sprouts',24653,15,175,'Bradtke Group','consumables'),(459,'2019-07-20 00:00:00','Cabbage',4552,15,668,'Schaden LLC','consumables'),(460,'2019-07-21 00:00:00','Cactus pear',16700,2,171,'Rogahn, Haag and Connelly','consumables'),(461,'2019-07-22 00:00:00','Carrot',49409,10,308,'Yundt, Shields and Eichmann','consumables'),(462,'2019-07-23 00:00:00','Cauliflower',45967,7,613,'Turcotte-Daniel','consumables'),(463,'2019-07-24 00:00:00','Celery',18309,18,372,'Paucek, Ritchie and Williamson','consumables'),(464,'2019-07-25 00:00:00','Chayote',8795,5,143,'Schoen Inc','consumables'),(465,'2019-07-26 00:00:00','Collard greens',45270,5,233,'Borer LLC','consumables'),(466,'2019-07-27 00:00:00','Corn',48213,17,326,'Hilll-Walker','consumables'),(467,'2019-07-28 00:00:00','Cucumber',46323,5,442,'Friesen Ltd','consumables'),(468,'2019-07-29 00:00:00','Eggplant',12648,5,660,'Green, Kuhic and Kohler','consumables'),(469,'2019-07-30 00:00:00','Endive',27158,18,326,'Hamill Ltd','consumables'),(470,'2019-07-31 00:00:00','Escarole',23575,3,604,'Erdman-Predovic','consumables'),(471,'2019-08-01 00:00:00','Garlic',17923,14,516,'Fadel-Schiller','consumables'),(472,'2019-08-02 00:00:00','Green beans',18980,18,364,'Hamill LLC','consumables'),(473,'2019-08-03 00:00:00','Green onion',4660,6,660,'Boehm-Hilll','consumables'),(474,'2019-08-04 00:00:00','Leek',28042,12,309,'Haley, Hagenes and Larkin','consumables'),(475,'2019-08-05 00:00:00','Lettuce',15615,18,205,'Grady, Schaefer and Bogan','consumables'),(476,'2019-08-06 00:00:00','Mushroom',42303,4,101,'Leannon-Marquardt','consumables'),(477,'2019-08-07 00:00:00','Onion',15797,19,483,'Bergnaum and Sons','consumables'),(478,'2019-08-08 00:00:00','Parsnip',15332,10,106,'Bartoletti-Konopelski','consumables'),(479,'2019-08-09 00:00:00','Pea',1020,13,663,'Miller, Lynch and Stark','consumables'),(480,'2019-08-10 00:00:00','Pepper',4589,20,230,'Hegmann Ltd','consumables'),(481,'2019-08-11 00:00:00','Potato',35860,7,103,'Gibson-Gaylord','consumables'),(482,'2019-08-12 00:00:00','Pumpkin',26186,11,273,'Moore, Marks and Johnson','consumables'),(483,'2019-08-13 00:00:00','Radicchio',19149,18,780,'Murray Inc','consumables'),(484,'2019-08-14 00:00:00','Radish',46886,5,319,'Gislason-Will','consumables'),(485,'2019-08-15 00:00:00','Red cabbage',35911,10,83,'McCullough PLC','consumables'),(486,'2019-08-16 00:00:00','Red chili pepper',13419,13,622,'Rodriguez Ltd','consumables'),(487,'2019-08-17 00:00:00','Red onion',13553,13,248,'Halvorson, Morissette and Mosciski','consumables'),(488,'2019-08-18 00:00:00','Spinach',26983,1,752,'Koepp-Gulgowski','consumables'),(489,'2019-08-19 00:00:00','Sweet potato',43162,16,464,'Schmeler, Green and Pagac','consumables'),(490,'2019-08-20 00:00:00','Tomato',41046,15,354,'Feeney Ltd','consumables'),(491,'2019-08-21 00:00:00','Yam',5124,10,369,'Murphy-Gottlieb','consumables'),(492,'2019-08-22 00:00:00','Yellow squash',15835,17,642,'Botsford-Bahringer','consumables'),(493,'2019-08-23 00:00:00','Zucchini',9749,7,702,'Green Group','consumables'),(494,'2019-08-24 00:00:00','Apple',37737,7,134,'Pfannerstill-Crooks','consumables'),(495,'2019-08-25 00:00:00','Avocados',8847,13,780,'Fisher, Homenick and Schroeder','consumables'),(496,'2019-08-26 00:00:00','Cranberry',35805,19,133,'Maggio-Crooks','consumables'),(497,'2019-08-27 00:00:00','Dragonrfruit',7274,20,717,'Hermiston, Rolfson and Langworth','consumables'),(498,'2019-08-28 00:00:00','Finger Lime',12910,16,498,'Stark-Wiegand','consumables'),(499,'2019-08-29 00:00:00','Grapefruit',38459,15,488,'Williamson, Senger and Mraz','consumables'),(500,'2019-08-30 00:00:00','Hazelnut',47381,5,105,'Gaylord PLC','consumables'),(501,'2019-08-31 00:00:00','Horned Melon',22961,10,740,'Lebsack PLC','consumables'),(502,'2019-09-01 00:00:00','Indian Fig',26276,3,511,'Daugherty-Beatty','consumables'),(503,'2019-09-02 00:00:00','Jackfruit',41648,19,95,'Cartwright PLC','consumables'),(504,'2019-09-03 00:00:00','Kiwi',29783,7,303,'Abbott-Olson','consumables'),(505,'2019-09-04 00:00:00','Lime',38646,13,672,'Langosh, Littel and Kozey','consumables'),(506,'2019-09-05 00:00:00','Mango',27622,4,462,'Swaniawski-Schimmel','consumables'),(507,'2019-09-06 00:00:00','Muskmelon',9464,9,660,'Robel, Gusikowski and Wuckert','consumables'),(508,'2019-09-07 00:00:00','Nectarine',33899,9,219,'Denesik Ltd','consumables'),(509,'2019-09-08 00:00:00','Olive',37615,2,315,'Kihn-Padberg','consumables'),(510,'2019-09-09 00:00:00','Papaya',21697,18,165,'Franecki-Halvorson','consumables'),(511,'2019-09-10 00:00:00','Pomegranate',9251,9,570,'Pagac, Bergnaum and Kulas','consumables'),(512,'2019-09-11 00:00:00','Raspberries',41488,15,478,'Spencer Inc','consumables'),(513,'2019-09-12 00:00:00','Tangerine',33078,3,265,'Gottlieb, Daugherty and Stanton','consumables'),(514,'2019-09-13 00:00:00','Banana',12275,9,651,'Murray, Bernhard and Turner','consumables'),(515,'2019-09-14 00:00:00','Blueberry',1959,9,630,'Frami, Heidenreich and Auer','consumables'),(516,'2019-09-15 00:00:00','Cantaloupe',43248,20,550,'Schimmel Ltd','consumables'),(517,'2019-09-16 00:00:00','Dates',35472,15,287,'Kub-Doyle','consumables'),(518,'2019-09-17 00:00:00','Fig',24168,7,791,'Wiza-Ankunding','consumables'),(519,'2019-09-18 00:00:00','Gooseberries',24572,8,301,'O\'Conner, Mraz and Schoen','consumables'),(520,'2019-09-19 00:00:00','Honeyberries',14241,12,439,'Parisian-Williamson','consumables'),(521,'2019-09-20 00:00:00','Hog Plum',12602,15,759,'Reilly-Beer','consumables'),(522,'2019-09-21 00:00:00','Ice Apple',7919,16,153,'Reichel LLC','consumables'),(523,'2019-09-22 00:00:00','Jujube',44380,2,371,'Morar, Pouros and Turcotte','consumables'),(524,'2019-09-23 00:00:00','Kabosu',49859,4,621,'Bailey LLC','consumables'),(525,'2019-09-24 00:00:00','Lychee',41690,17,712,'Robel, Abernathy and Blanda','consumables'),(526,'2019-09-25 00:00:00','Mulberry',17075,16,392,'Breitenberg, Brakus and Zulauf','consumables'),(527,'2019-09-26 00:00:00','Naranjilla',28137,18,506,'Kris-Deckow','consumables'),(528,'2019-09-27 00:00:00','Nance',27564,4,157,'Gulgowski LLC','consumables'),(529,'2019-09-28 00:00:00','Oranges',33006,5,217,'Wuckert, Schmeler and Bogan','consumables'),(530,'2019-09-29 00:00:00','Peach',41432,5,64,'Rempel-Brakus','consumables'),(531,'2019-09-30 00:00:00','Pineapple',47680,3,626,'Cassin, Koelpin and Armstrong','consumables'),(532,'2019-10-01 00:00:00','Strawberries',47716,9,786,'Goodwin-Kuvalis','consumables'),(533,'2019-10-02 00:00:00','Watermelon',4423,15,618,'Jakubowski-Pagac','consumables'),(534,'2019-10-03 00:00:00','Apricot',5190,11,400,'Lemke-Walsh','consumables'),(535,'2019-10-04 00:00:00','Blackcurrant',29752,6,486,'Schaefer Group','consumables'),(536,'2019-10-05 00:00:00','Cherry',645,17,712,'Gislason-Wilderman','consumables'),(537,'2019-10-06 00:00:00','Cherimoya',8170,1,372,'Parker and Sons','consumables'),(538,'2019-10-07 00:00:00','Coconut',45026,1,347,'Mertz, O\'Keefe and Abernathy','consumables'),(539,'2019-10-08 00:00:00','Custard apple/Sugar apple/Sweetsop',8500,12,541,'Bins, Pfeffer and Willms','consumables'),(540,'2019-10-09 00:00:00','Dragon fruit',18463,8,663,'Lemke Group','consumables'),(541,'2019-10-10 00:00:00','Egg fruit',21788,11,664,'Bartell Ltd','consumables'),(542,'2019-10-11 00:00:00','Guava',26394,13,174,'Collins, Okuneva and Durgan','consumables'),(543,'2019-10-12 00:00:00','Honeydew melon',27138,4,343,'Wisozk-Lueilwitz','consumables'),(544,'2019-10-13 00:00:00','Kiwano',32896,9,352,'Daniel, Reichel and Cummings','consumables'),(545,'2019-10-14 00:00:00','Longan',32618,5,237,'Medhurst-Rippin','consumables'),(546,'2019-10-15 00:00:00','Pear',13826,20,217,'Bednar, Halvorson and Botsford','consumables'),(547,'2019-10-16 00:00:00','Passion fruit',40375,18,296,'Marvin, Parker and Feil','consumables'),(548,'2019-10-17 00:00:00','Quince',25761,8,446,'Kohler, Durgan and Graham','consumables'),(549,'2019-10-18 00:00:00','Ramphal',37389,4,131,'Jenkins and Sons','consumables'),(550,'2019-10-19 00:00:00','Rose apple/Water apple',28580,10,629,'Kassulke and Sons','consumables'),(551,'2019-10-20 00:00:00','Rambutan',15546,2,800,'Fahey Inc','consumables'),(552,'2019-10-21 00:00:00','Starfruit/Carambola',32841,1,404,'Farrell and Sons','consumables'),(553,'2019-10-22 00:00:00','Sapota',12456,5,337,'Bartell-Simonis','consumables'),(554,'2019-10-23 00:00:00','Atemoya',19708,12,650,'Crist, Muller and Harber','consumables'),(555,'2019-10-24 00:00:00','Ackee',20464,16,173,'Hirthe-Stokes','consumables'),(556,'2019-10-25 00:00:00','Black sapote/Chocolate pudding fruit',21863,17,322,'Funk LLC','consumables'),(557,'2019-10-26 00:00:00','Buddhas hand fruit',26593,14,513,'Swaniawski-Mueller','consumables'),(558,'2019-10-27 00:00:00','Cape gooseberry/Inca berry/Physalis',48012,2,678,'Jacobs-Kozey','consumables'),(559,'2019-10-28 00:00:00','Chempedak',46823,15,148,'Runolfsdottir, Feil and Adams','consumables'),(560,'2019-10-29 00:00:00','Durian',30240,8,232,'Runte PLC','consumables'),(561,'2019-10-30 00:00:00','Feijoa/Pineapple guava/Guavasteen',1266,14,542,'Johnston and Sons','consumables'),(562,'2019-10-31 00:00:00','Fuyu Persimmon',42264,14,699,'Franecki PLC','consumables'),(563,'2019-11-01 00:00:00','Jenipapo',8051,15,562,'Rippin, Ferry and Jacobs','consumables'),(564,'2019-11-02 00:00:00','Kaffir lime/Makrut Lime',38920,1,408,'Zulauf-Schiller','consumables'),(565,'2019-11-03 00:00:00','Langsat',46304,8,668,'Abernathy LLC','consumables'),(566,'2019-11-04 00:00:00','Lucuma',10804,8,395,'White-O\'Keefe','consumables'),(567,'2019-11-05 00:00:00','Mangosteen',3626,8,271,'Jaskolski-O\'Reilly','consumables'),(568,'2019-11-06 00:00:00','Medlar fruit',25384,8,762,'Klein, Dicki and Price','consumables'),(569,'2019-11-07 00:00:00','Mouse melon',28370,5,712,'Wuckert, Johnson and Sanford','consumables'),(570,'2019-11-08 00:00:00','Noni fruit',16743,11,308,'Ferry PLC','consumables'),(571,'2019-11-09 00:00:00','Snake fruit/Salak',13881,18,153,'Shanahan-Reichert','consumables'),(572,'2019-11-10 00:00:00','Soursop',10832,16,62,'Fritsch, Wolff and Christiansen','consumables'),(573,'2019-11-11 00:00:00','Star apple',5143,9,410,'Braun Inc','consumables'),(574,'2019-11-12 00:00:00','pyjama mens',21465,13,582,'Kemmer Group','clothing'),(575,'2019-11-13 00:00:00','denim jeans',28039,5,442,'Robel Ltd','clothing'),(576,'2019-11-14 00:00:00','striped jeans',1328,18,267,'Lowe-Corwin','clothing'),(577,'2019-11-15 00:00:00','lehanga',27727,5,612,'Reinger-Daniel','clothing'),(578,'2019-11-16 00:00:00','track suits',30292,17,599,'Price-Hilpert','clothing'),(579,'2019-11-17 00:00:00','kurtis',8929,7,421,'Kreiger, Grant and McCullough','clothing'),(580,'2019-11-18 00:00:00','women jeans',8729,5,211,'Ortiz, Zulauf and Goldner','clothing'),(581,'2019-11-19 00:00:00','formal shirts',41458,13,136,'Casper, Waters and Hamill','clothing'),(582,'2019-11-20 00:00:00','boxers',44037,5,202,'Hirthe LLC','clothing'),(583,'2019-11-21 00:00:00','kurta pyjama',5553,10,157,'Pollich, Jones and Sawayn','clothing'),(584,'2019-11-22 00:00:00','blazers',48220,12,296,'Keeling, Koepp and Bashirian','clothing'),(585,'2019-11-23 00:00:00','t-shirt boys',12041,20,355,'Leannon, Tromp and Mills','clothing'),(586,'2019-11-24 00:00:00','casual shirt men',44446,5,159,'Schmeler, Stroman and Heidenreich','clothing'),(587,'2019-11-25 00:00:00','tapered jeans',19205,14,687,'Kuvalis, Hermann and Tillman','clothing'),(588,'2019-11-26 00:00:00','denim boxers',48300,16,534,'DuBuque, Ortiz and Carter','clothing'),(589,'2019-11-27 00:00:00','checkered shirts',12159,4,290,'O\'Kon, Boyle and Carroll','clothing'),(590,'2019-11-28 00:00:00','women shirts',20895,18,212,'Fritsch, Lakin and Powlowski','clothing'),(591,'2019-11-29 00:00:00','t-shirt men',23826,20,237,'Wolf Inc','clothing'),(592,'2019-11-30 00:00:00','women ethnic wears',13215,11,525,'Bartell, Pfeffer and Goyette','clothing');
/*!40000 ALTER TABLE `product` ENABLE KEYS */;
UNLOCK TABLES;

--
-- Table structure for table `review`
--

DROP TABLE IF EXISTS `review`;
/*!40101 SET @saved_cs_client     = @@character_set_client */;
/*!50503 SET character_set_client = utf8mb4 */;
CREATE TABLE `review` (
  `order_id` int NOT NULL,
  `review_text` varchar(255) DEFAULT NULL,
  `date_and_time_of_review` datetime NOT NULL,
  `type_of_review` varchar(255) DEFAULT NULL,
  PRIMARY KEY (`order_id`,`date_and_time_of_review`),
  CONSTRAINT `review_ibfk_1` FOREIGN KEY (`order_id`) REFERENCES `order_table` (`order_id`)
) ENGINE=InnoDB DEFAULT CHARSET=utf8mb4 COLLATE=utf8mb4_0900_ai_ci;
/*!40101 SET character_set_client = @saved_cs_client */;

--
-- Dumping data for table `review`
--

LOCK TABLES `review` WRITE;
/*!40000 ALTER TABLE `review` DISABLE KEYS */;
INSERT INTO `review` VALUES (1,'cool!','2023-02-05 02:14:25','product purchase review'),(2,'great product! met my expectations :)','2023-01-11 14:20:09','product purchase review'),(3,'great product! met my expectations :)','2023-01-12 22:33:48','product purchase review'),(4,'cool!','2023-01-30 16:15:42','valuebuy\'s purchase experience'),(5,'easy to use & maintain!','2023-01-30 22:08:17','product purchase review'),(6,'easy to use & maintain!','2023-01-29 06:24:22','product purchase review'),(7,'great product! met my expectations :)','2023-02-08 14:42:36','product purchase review'),(8,'great product! met my expectations :)','2023-01-27 00:36:09','product purchase review'),(9,'easy to use & maintain!','2023-01-27 05:33:10','product purchase review'),(10,'great product! met my expectations :)','2023-02-05 11:20:17','valuebuy\'s purchase experience'),(11,'useful & fairly priced. satisfied :)','2023-02-05 09:05:58','product purchase review'),(12,'great product! met my expectations :)','2023-02-07 16:17:16','product purchase review'),(13,'cool!','2023-01-29 00:19:05','valuebuy\'s purchase experience'),(14,'cool!','2023-02-02 22:16:07','valuebuy\'s purchase experience'),(15,'useful & fairly priced. satisfied :)','2023-02-02 09:18:12','valuebuy\'s purchase experience'),(16,'easy to use & maintain!','2023-02-06 07:12:51','valuebuy\'s purchase experience'),(17,'great product! met my expectations :)','2023-01-21 22:41:31','product purchase review'),(18,'easy to use & maintain!','2023-02-09 04:08:33','product purchase review'),(19,'cool!','2023-01-26 11:46:06','product purchase review'),(20,'useful & fairly priced. satisfied :)','2023-01-30 10:34:15','valuebuy\'s purchase experience');
/*!40000 ALTER TABLE `review` ENABLE KEYS */;
UNLOCK TABLES;

--
-- Table structure for table `supplies`
--

DROP TABLE IF EXISTS `supplies`;
/*!40101 SET @saved_cs_client     = @@character_set_client */;
/*!50503 SET character_set_client = utf8mb4 */;
CREATE TABLE `supplies` (
  `supply_id` int NOT NULL,
  `v_id` int DEFAULT NULL,
  `w_id` int DEFAULT NULL,
  `p_id` int DEFAULT NULL,
  `date_of_supply` date DEFAULT NULL,
  `qty_supplied` bigint DEFAULT NULL,
  `total_amount` double DEFAULT NULL,
  PRIMARY KEY (`supply_id`),
  KEY `w_id` (`w_id`),
  KEY `p_id` (`p_id`),
  KEY `v_id` (`v_id`),
  CONSTRAINT `supplies_ibfk_1` FOREIGN KEY (`w_id`) REFERENCES `warehouse` (`w_id`),
  CONSTRAINT `supplies_ibfk_2` FOREIGN KEY (`p_id`) REFERENCES `product` (`p_id`),
  CONSTRAINT `supplies_ibfk_3` FOREIGN KEY (`v_id`) REFERENCES `vendor` (`v_id`)
) ENGINE=InnoDB DEFAULT CHARSET=utf8mb4 COLLATE=utf8mb4_0900_ai_ci;
/*!40101 SET character_set_client = @saved_cs_client */;

--
-- Dumping data for table `supplies`
--

LOCK TABLES `supplies` WRITE;
/*!40000 ALTER TABLE `supplies` DISABLE KEYS */;
INSERT INTO `supplies` VALUES (1,37,37,137,'2022-10-23',24,231192),(2,44,44,44,'2022-06-08',60,2383980),(3,22,22,22,'2023-01-18',11,435589),(4,42,42,142,'2022-08-02',65,1757210),(5,54,54,154,'2022-07-31',58,2084230),(6,61,61,161,'2022-06-06',33,1567962),(7,66,66,66,'2023-01-29',32,855616),(8,5,5,105,'2022-09-13',9,13671),(9,48,48,148,'2022-05-25',63,1629180),(10,31,31,131,'2022-02-16',69,1349847),(11,57,57,157,'2022-04-03',4,198172),(12,63,63,63,'2022-04-28',46,338054),(13,79,79,179,'2022-05-27',35,1407210),(14,12,12,12,'2022-12-21',34,895322),(15,35,35,135,'2022-03-14',11,114224),(16,91,91,91,'2022-06-16',22,20482),(17,61,61,61,'2022-03-30',44,558756),(18,81,81,181,'2022-03-21',29,562368),(19,59,59,159,'2022-10-15',65,1860495),(20,12,12,112,'2022-08-03',15,707190),(21,28,28,28,'2022-04-26',41,1497156),(22,53,53,153,'2023-01-09',32,365696),(23,4,4,4,'2022-07-22',21,858312),(24,55,55,155,'2022-10-30',44,1761364),(25,27,27,127,'2022-08-08',39,1316601),(26,98,98,198,'2022-06-26',65,3146585),(27,83,83,183,'2022-10-14',39,516828),(28,78,78,78,'2022-12-28',44,806696),(29,75,75,175,'2022-06-04',61,2222413),(30,43,43,43,'2022-04-19',48,1947072),(31,84,84,84,'2023-01-08',68,2978876),(32,100,100,100,'2022-06-04',9,108675),(33,45,45,145,'2022-08-03',67,3174594),(34,31,31,31,'2022-08-11',55,1740310),(35,95,95,195,'2022-09-19',68,1230052),(36,69,69,169,'2022-05-16',54,806328),(37,23,23,23,'2022-09-25',30,578220),(38,80,80,80,'2022-10-08',41,127305),(39,91,91,191,'2022-11-01',42,1771518),(40,92,92,192,'2022-10-23',34,308856),(41,81,81,81,'2022-11-23',50,359900),(42,86,86,86,'2022-07-06',46,793362),(43,78,78,178,'2022-06-01',70,870100),(44,74,74,74,'2023-01-25',24,526272),(45,62,62,62,'2022-09-30',18,87732),(46,14,14,114,'2022-07-18',45,1734885),(47,70,70,170,'2022-08-14',66,3240402),(48,90,90,190,'2022-08-18',4,50580),(49,6,6,106,'2022-03-24',21,792834),(50,84,84,184,'2023-01-15',23,176341),(51,40,40,140,'2022-12-20',18,694170),(52,83,83,83,'2022-02-20',7,346920),(53,17,17,17,'2022-09-12',23,967426),(54,96,96,96,'2022-07-03',32,22688),(55,52,52,152,'2022-03-01',28,1042076),(56,18,18,118,'2022-12-14',65,1462695),(57,95,95,95,'2022-05-10',57,2025780),(58,94,94,194,'2022-03-27',28,1308356),(59,74,74,174,'2022-12-02',43,1998597),(60,21,21,21,'2022-04-22',12,332328),(61,30,30,130,'2022-08-08',12,580008),(62,69,69,69,'2023-01-17',35,1330840),(63,38,38,138,'2022-07-25',6,111078),(64,86,86,186,'2022-07-14',25,510425),(65,38,38,38,'2022-07-12',36,1787616),(66,59,59,59,'2022-10-28',14,239862),(67,55,55,55,'2022-12-18',46,2088952),(68,5,5,5,'2022-09-27',2,47542),(69,21,21,121,'2022-07-07',49,622349),(70,15,15,15,'2022-03-25',39,1091688),(71,33,33,133,'2022-08-21',12,499056),(72,33,33,33,'2022-11-13',34,1028738),(73,27,27,27,'2022-02-26',68,3046332),(74,32,32,132,'2023-01-31',5,24425),(75,45,45,45,'2023-01-12',47,939953),(76,56,56,56,'2022-04-12',57,2231892),(77,87,87,87,'2022-09-02',20,956120),(78,63,63,163,'2022-02-14',4,69260),(79,64,64,64,'2023-01-02',29,783928),(80,36,36,136,'2022-04-30',10,349850),(81,42,42,42,'2022-06-07',16,690672),(82,64,64,164,'2022-06-23',15,199740),(83,77,77,77,'2022-03-28',42,1170036),(84,93,93,93,'2022-06-05',19,110485),(85,34,34,34,'2022-05-25',47,1935507),(86,97,97,197,'2022-11-13',6,137814),(87,40,40,40,'2022-03-15',20,539100),(88,46,46,46,'2022-07-23',9,111159),(89,93,93,193,'2022-12-27',24,635040),(90,46,46,146,'2022-08-05',29,191748),(91,28,28,128,'2022-07-02',49,1783600),(92,8,8,108,'2022-05-13',57,1896789),(93,16,16,16,'2022-06-09',29,1350878),(94,50,50,150,'2022-06-11',7,327649),(95,47,47,47,'2023-01-08',18,435744),(96,41,41,41,'2022-10-08',70,1058890),(97,9,9,9,'2023-02-01',62,2916728),(98,16,16,116,'2022-06-04',23,877404),(99,52,52,52,'2023-01-10',17,520778),(100,10,10,110,'2023-01-04',42,255528),(101,2,2,102,'2022-09-27',38,711816),(102,29,29,29,'2022-08-19',35,602945),(103,57,57,57,'2023-02-02',45,26055),(104,8,8,8,'2022-11-30',53,2149945),(105,85,85,185,'2022-10-11',14,594790),(106,41,41,141,'2022-03-17',29,991481),(107,75,75,75,'2022-10-24',40,446400),(108,58,58,158,'2022-05-13',56,339976),(109,14,14,14,'2022-05-01',61,2528023),(110,71,71,171,'2022-03-28',22,521202),(111,90,90,90,'2022-03-26',21,530817),(112,80,80,180,'2022-02-28',23,953281),(113,11,11,111,'2022-03-25',20,901260),(114,19,19,119,'2022-12-22',9,274932),(115,53,53,53,'2023-01-28',41,1341766),(116,7,7,7,'2022-08-29',46,1381426),(117,94,94,94,'2022-06-19',63,2945817),(118,97,97,97,'2022-04-10',60,590400),(119,99,99,199,'2022-11-12',60,329100),(120,87,87,187,'2022-12-09',35,115430),(121,51,51,51,'2022-10-07',5,156140),(122,65,65,165,'2023-01-15',39,1209000),(123,13,13,13,'2022-06-20',2,6322),(124,9,9,109,'2022-08-19',9,290934),(125,15,15,115,'2022-12-18',49,1802759),(126,85,85,85,'2022-08-17',60,1636800),(127,47,47,147,'2022-09-29',44,620312),(128,82,82,82,'2022-09-08',9,333477),(129,68,68,68,'2022-07-05',17,544595),(130,98,98,98,'2022-03-02',61,2366556),(131,24,24,124,'2022-07-30',14,201292),(132,19,19,19,'2022-10-07',20,259800),(133,29,29,129,'2022-09-06',48,2277504),(134,68,68,168,'2022-10-12',8,198184),(135,60,60,60,'2022-05-28',17,294032),(136,66,66,166,'2022-05-27',13,480129),(137,48,48,48,'2022-02-16',8,332488),(138,44,44,144,'2022-07-31',48,1641936),(139,34,34,134,'2022-04-22',24,1170192),(140,36,36,36,'2022-03-31',32,26144),(141,67,67,167,'2023-01-05',19,827564),(142,76,76,176,'2022-09-12',17,843489),(143,96,96,196,'2022-09-29',11,482163),(144,39,39,139,'2022-10-06',19,792433),(145,6,6,6,'2022-07-11',69,565041),(146,82,82,182,'2022-06-01',18,851148),(147,70,70,70,'2022-04-19',54,2535084),(148,20,20,120,'2022-10-11',3,125478),(149,73,73,73,'2022-11-21',32,1413088),(150,58,58,58,'2022-07-22',29,341040),(151,62,62,162,'2022-07-13',35,1675030),(152,3,3,103,'2022-07-20',27,437751),(153,72,72,172,'2022-03-31',13,393679),(154,23,23,123,'2022-12-14',20,506940),(155,24,24,24,'2022-11-18',33,1494108),(156,7,7,107,'2022-11-21',16,421184),(157,26,26,126,'2022-06-01',58,2213164),(158,11,11,11,'2022-09-16',13,120003),(159,89,89,189,'2022-09-06',8,32504),(160,49,49,49,'2022-11-18',9,446364),(161,100,100,200,'2022-03-12',14,407792),(162,77,77,177,'2022-10-19',42,618492),(163,30,30,30,'2022-11-29',49,1206821),(164,73,73,173,'2022-10-07',25,953775),(165,76,76,76,'2022-02-20',37,1615531),(166,43,43,143,'2022-09-20',45,2178720),(167,39,39,39,'2022-06-30',43,106210),(168,25,25,25,'2022-05-14',68,515576),(169,32,32,32,'2022-12-24',48,1719120),(170,26,26,26,'2023-01-18',56,1535464),(171,18,18,18,'2023-01-24',66,1572714),(172,88,88,88,'2022-08-19',67,963192),(173,88,88,188,'2022-12-29',42,69384),(174,65,65,65,'2022-12-21',27,140994),(175,25,25,125,'2022-10-02',58,2288680),(176,49,49,149,'2022-11-15',28,1150184),(177,56,56,156,'2022-07-28',24,667752),(178,60,60,160,'2022-12-18',7,69321),(179,3,3,3,'2022-09-03',59,749772),(180,10,10,10,'2022-03-08',53,315827),(181,51,51,151,'2022-02-25',21,458913),(182,35,35,35,'2022-09-05',23,329751),(183,92,92,92,'2022-04-21',52,585260),(184,50,50,50,'2022-07-14',69,1177692),(185,71,71,71,'2022-03-12',29,887429),(186,99,99,99,'2022-11-26',49,1958089),(187,4,4,104,'2022-10-05',4,124936),(188,20,20,20,'2022-10-16',21,103593),(189,1,1,1,'2022-03-17',65,223080),(190,2,2,2,'2022-12-14',9,377037),(191,37,37,37,'2022-10-17',67,436103),(192,1,1,101,'2023-02-02',21,236922),(193,89,89,89,'2022-02-27',20,616600),(194,17,17,117,'2022-08-03',12,166980),(195,22,22,122,'2022-06-26',41,1765788),(196,67,67,67,'2022-06-27',23,1138454),(197,79,79,79,'2022-07-29',23,320712),(198,72,72,72,'2022-06-18',37,1651791),(199,54,54,54,'2022-03-17',69,1669869),(200,13,13,113,'2023-02-08',68,557940);
/*!40000 ALTER TABLE `supplies` ENABLE KEYS */;
UNLOCK TABLES;

--
-- Table structure for table `updates`
--

DROP TABLE IF EXISTS `updates`;
/*!40101 SET @saved_cs_client     = @@character_set_client */;
/*!50503 SET character_set_client = utf8mb4 */;
CREATE TABLE `updates` (
  `update_id` int NOT NULL,
  `cart_id` int DEFAULT NULL,
  `c_id` int DEFAULT NULL,
  `type_of_updation` varchar(255) DEFAULT NULL,
  PRIMARY KEY (`update_id`),
  UNIQUE KEY `index_updates` (`update_id`),
  KEY `cart_id` (`cart_id`),
  KEY `c_id` (`c_id`),
  KEY `index_update_type` (`type_of_updation`),
  CONSTRAINT `updates_ibfk_1` FOREIGN KEY (`cart_id`) REFERENCES `cart` (`cart_id`),
  CONSTRAINT `updates_ibfk_2` FOREIGN KEY (`c_id`) REFERENCES `customer` (`c_id`)
) ENGINE=InnoDB DEFAULT CHARSET=utf8mb4 COLLATE=utf8mb4_0900_ai_ci;
/*!40101 SET character_set_client = @saved_cs_client */;

--
-- Dumping data for table `updates`
--

LOCK TABLES `updates` WRITE;
/*!40000 ALTER TABLE `updates` DISABLE KEYS */;
INSERT INTO `updates` VALUES (1,10,10,'qty updation'),(2,1,1,'product updation'),(3,8,8,'qty updation'),(4,2,2,'product updation'),(5,4,4,'qty updation'),(6,9,9,'qty updation'),(7,7,7,'product updation'),(8,3,3,'product updation'),(9,6,6,'qty updation'),(10,5,5,'product updation');
/*!40000 ALTER TABLE `updates` ENABLE KEYS */;
UNLOCK TABLES;

--
-- Table structure for table `vendor`
--

DROP TABLE IF EXISTS `vendor`;
/*!40101 SET @saved_cs_client     = @@character_set_client */;
/*!50503 SET character_set_client = utf8mb4 */;
CREATE TABLE `vendor` (
  `vendor_name` varchar(255) DEFAULT NULL,
  `v_id` int NOT NULL,
  `vendor_city` varchar(255) DEFAULT NULL,
  PRIMARY KEY (`v_id`)
) ENGINE=InnoDB DEFAULT CHARSET=utf8mb4 COLLATE=utf8mb4_0900_ai_ci;
/*!40101 SET character_set_client = @saved_cs_client */;

--
-- Dumping data for table `vendor`
--

LOCK TABLES `vendor` WRITE;
/*!40000 ALTER TABLE `vendor` DISABLE KEYS */;
INSERT INTO `vendor` VALUES ('Sauer, Durgan and O\'Reilly',1,'North Alishatown'),('Davis, Bauch and Dare',2,'New Sigmundborough'),('Yundt PLC',3,'Legrosstad'),('Lang, Bashirian and Lueilwitz',4,'Steuberchester'),('Medhurst-Ernser',5,'Adamston'),('Harber, Ruecker and Windler',6,'West Jacintomouth'),('Dare Inc',7,'Olaton'),('Rowe, Reichel and Tremblay',8,'Osinskitown'),('Hamill, Dickens and Bergnaum',9,'South Abraham'),('Kemmer-Carter',10,'North Celestinoport'),('Beer, Lubowitz and Mosciski',11,'Adrianview'),('Zieme, Schoen and Schimmel',12,'Bauchville'),('Barton, Dach and Rice',13,'New Colleentown'),('Hodkiewicz-Greenfelder',14,'South Theresefurt'),('Pacocha-Zemlak',15,'Port Rustyfort'),('Schulist LLC',16,'Bartellburgh'),('Barton-Gleichner',17,'Ferryton'),('Reinger-Tremblay',18,'North Donnymouth'),('Herman Inc',19,'Walkerton'),('Olson, Weimann and Leannon',20,'Madelynville'),('Corkery-Stanton',21,'Lake Barneyside'),('Stanton-Becker',22,'Zoeborough'),('Schroeder-Frami',23,'North Michaelaton'),('Jacobson Group',24,'North Savion'),('Stamm PLC',25,'Ernaburgh'),('Langworth, Kozey and Glover',26,'Kameronside'),('Konopelski Inc',27,'North Mollie'),('Smitham Group',28,'Kesslerland'),('Bruen Ltd',29,'Lake Summer'),('Legros Inc',30,'East Zetta'),('Carter Ltd',31,'West Sabinafurt'),('Rogahn PLC',32,'New Janiya'),('Dietrich-Weimann',33,'Alextown'),('Gusikowski-Bradtke',34,'New Jasper'),('Kub, Donnelly and Dickens',35,'Mertzstad'),('Terry, Rutherford and Mitchell',36,'West Donato'),('Glover-Hoppe',37,'West Gregoria'),('Halvorson LLC',38,'Ziemannhaven'),('Miller Group',39,'West Goldatown'),('Hintz, Leuschke and Purdy',40,'Murrayview'),('Auer, Kozey and Rolfson',41,'Muellerhaven'),('Bosco, Jakubowski and VonRueden',42,'Savannachester'),('Schuppe, Champlin and Larson',43,'Lake Vilma'),('Schmitt Ltd',44,'Reichelport'),('Roob, Grimes and Block',45,'Grimesmouth'),('Murphy, Brekke and Abshire',46,'Hellerhaven'),('Gaylord-Kub',47,'Strackehaven'),('Swaniawski and Sons',48,'Danielshire'),('Beer, Parker and Zulauf',49,'South Titusbury'),('White Group',50,'New Kallieton'),('Moore, Gaylord and Stehr',51,'Orlandomouth'),('Weber PLC',52,'Stromanmouth'),('O\'Connell-Monahan',53,'Griffinview'),('Mohr-Friesen',54,'Port Shawnbury'),('Purdy Inc',55,'Valentinestad'),('Mueller-Senger',56,'Collierville'),('Bosco Ltd',57,'Keeblerhaven'),('Koelpin-Jacobi',58,'New Mattfort'),('Pfeffer, Hudson and Lynch',59,'Murphyville'),('Abshire LLC',60,'Kallieburgh'),('Bauch LLC',61,'Elianport'),('Nicolas, Koss and Shields',62,'Oberbrunnerfurt'),('Ziemann-Hintz',63,'Jakubowskiport'),('Johnson-Hickle',64,'Uptonview'),('Denesik-Aufderhar',65,'Hiltonton'),('Hand-Haley',66,'East Kadenview'),('Koepp, Runte and Cartwright',67,'Hermanborough'),('Gleichner, Hills and Fadel',68,'West Reagan'),('Little, Welch and Padberg',69,'Wiegandton'),('Greenholt, Hoppe and Larson',70,'Port Katelynshire'),('Bechtelar, Daugherty and Friesen',71,'North Constantin'),('Corwin, Emmerich and Gorczany',72,'Imogenemouth'),('Wehner-Schulist',73,'Harveyside'),('Lakin and Sons',74,'Wiegandstad'),('Bashirian LLC',75,'Lebsackfort'),('Runolfsson and Sons',76,'Heathcotebury'),('Jast-Cremin',77,'North Pinkiefurt'),('Klocko, Windler and Gutmann',78,'Tiannaberg'),('Kub and Sons',79,'Lubowitzton'),('Rice, Yundt and Gaylord',80,'Cecilebury'),('VonRueden, Zieme and Wilderman',81,'East Talonstad'),('Mante, Little and Dietrich',82,'Hermistontown'),('Reynolds-Stoltenberg',83,'New Marcel'),('Larson and Sons',84,'Cronaland'),('Rohan PLC',85,'Marcellabury'),('Gleichner-Anderson',86,'Wildermanburgh'),('Sauer-Barton',87,'Aidanchester'),('Towne-Doyle',88,'Jeremietown'),('Nicolas-Roberts',89,'Cleorabury'),('Douglas-Bins',90,'Rosenbaumport'),('Quigley, Witting and Lehner',91,'Langworthfurt'),('Feest, Watsica and Wiegand',92,'Hackettberg'),('Mertz, Metz and Bogisich',93,'Port Kira'),('Pfannerstill-Lynch',94,'Lebsackshire'),('Johnston Group',95,'West Viviennetown'),('Rolfson, Lakin and Marvin',96,'Schneiderton'),('Eichmann-Johnston',97,'Goyettemouth'),('Willms, Bernier and Bashirian',98,'Kesslerview'),('Goldner, Nienow and Gutkowski',99,'Rowemouth'),('Hoeger Group',100,'New Rosarioshire');
/*!40000 ALTER TABLE `vendor` ENABLE KEYS */;
UNLOCK TABLES;

--
-- Table structure for table `vendor_contact`
--

DROP TABLE IF EXISTS `vendor_contact`;
/*!40101 SET @saved_cs_client     = @@character_set_client */;
/*!50503 SET character_set_client = utf8mb4 */;
CREATE TABLE `vendor_contact` (
  `vendor_contact` varchar(20) NOT NULL,
  `v_id` int NOT NULL,
  PRIMARY KEY (`v_id`,`vendor_contact`),
  CONSTRAINT `vendor_contact_ibfk_1` FOREIGN KEY (`v_id`) REFERENCES `vendor` (`v_id`)
) ENGINE=InnoDB DEFAULT CHARSET=utf8mb4 COLLATE=utf8mb4_0900_ai_ci;
/*!40101 SET character_set_client = @saved_cs_client */;

--
-- Dumping data for table `vendor_contact`
--

LOCK TABLES `vendor_contact` WRITE;
/*!40000 ALTER TABLE `vendor_contact` DISABLE KEYS */;
INSERT INTO `vendor_contact` VALUES ('+44(0)211438903',1),('02265 76529',2),('+44(0)8069542978',3),('04546 271259',4),('(08495) 609491',5),('0163638466',6),('0277942513',7),('0495691411',8),('0116509053',9),('+44(0)5337739641',10),('08823 90281',11),('(02072) 10236',12),('+44(0)9775 70503',13),('06695 760955',14),('07985025750',15),('(04852) 948777',16),('(07738) 395077',17),('06604 184427',18),('+44(0)9232893803',19),('(01600) 955026',20),('+44(0)2583 123425',21),('05567 460041',22),('+44(0)617801315',23),('+44(0)6323 80483',24),('+44(0)0592 481254',25),('04374 76881',26),('(01382) 85416',27),('(02288) 425890',28),('+44(0)730907410',29),('+44(0)213547511',30),('01561198081',31),('+44(0)9092035833',32),('0679984214',33),('+44(0)151619326',34),('(06422) 092756',35),('(01621) 466523',36),('+44(0)175465779',37),('+44(0)001676967',38),('+44(0)3497 12041',39),('01024 41491',40),('+44(0)2033 458540',41),('08088 471050',42),('(03616) 722605',43),('+44(0)9061 16538',44),('+44(0)1341682898',45),('+44(0)0276 274095',46),('03850362427',47),('+44(0)4538 990436',48),('06856008420',49),('+44(0)3019431337',50),('02828 26136',51),('01087 37227',52),('09124857281',53),('+44(0)252921264',54),('06151 010426',55),('08646 646416',56),('+44(0)4759 66223',57),('(04442) 280314',58),('(00712) 403098',59),('05282 814707',60),('(06024) 68817',61),('0411149223',62),('0265804989',63),('05399 964256',64),('(00968) 21741',65),('+44(0)4596 50692',66),('00401168023',67),('0088315102',68),('02028143219',69),('+44(0)5938 02367',70),('+44(0)3071 15519',71),('+44(0)3802 047831',72),('+44(0)283580820',73),('+44(0)6310 726355',74),('01758 21235',75),('0857366990',76),('(00899) 139657',77),('06053 252732',78),('0446497792',79),('+44(0)9577 453423',80),('+44(0)0508253133',81),('+44(0)3052 117862',82),('+44(0)6645 86975',83),('+44(0)6064512104',84),('+44(0)682305579',85),('(07710) 89555',86),('(00650) 60676',87),('+44(0)2897789902',88),('+44(0)4119 72068',89),('01851 588296',90),('0124953324',91),('+44(0)1232 047581',92),('09954 37579',93),('09152135959',94),('+44(0)011408850',95),('0103871979',96),('08669 889377',97),('00569 61185',98),('0651092849',99),('+44(0)5871 981019',100);
/*!40000 ALTER TABLE `vendor_contact` ENABLE KEYS */;
UNLOCK TABLES;

--
-- Table structure for table `ware_contact`
--

DROP TABLE IF EXISTS `ware_contact`;
/*!40101 SET @saved_cs_client     = @@character_set_client */;
/*!50503 SET character_set_client = utf8mb4 */;
CREATE TABLE `ware_contact` (
  `w_id` int NOT NULL,
  `ware_contact` varchar(20) NOT NULL,
  PRIMARY KEY (`w_id`,`ware_contact`),
  CONSTRAINT `ware_contact_ibfk_1` FOREIGN KEY (`w_id`) REFERENCES `warehouse` (`w_id`)
) ENGINE=InnoDB DEFAULT CHARSET=utf8mb4 COLLATE=utf8mb4_0900_ai_ci;
/*!40101 SET character_set_client = @saved_cs_client */;

--
-- Dumping data for table `ware_contact`
--

LOCK TABLES `ware_contact` WRITE;
/*!40000 ALTER TABLE `ware_contact` DISABLE KEYS */;
INSERT INTO `ware_contact` VALUES (1,'+44(0)393663876'),(2,'+44(0)7426 362053'),(3,'+44(0)722213937'),(4,'02724935597'),(5,'+44(0)9721 866583'),(6,'+44(0)9221 25278'),(7,'01392676671'),(8,'(04384) 87529'),(9,'+44(0)788601374'),(10,'+44(0)2271 51717'),(11,'+44(0)8486 85406'),(12,'03781742475'),(13,'01348 063071'),(14,'+44(0)893498499'),(15,'05282783754'),(16,'(03401) 306964'),(17,'0564886383'),(18,'+44(0)908621562'),(19,'00012 70947'),(20,'+44(0)0152 93928'),(21,'+44(0)9354 60548'),(22,'+44(0)2815481695'),(23,'01265 19400'),(24,'07871908420'),(25,'+44(0)7341 72482'),(26,'+44(0)4209 16933'),(27,'+44(0)058815237'),(28,'+44(0)8083649185'),(29,'+44(0)2654 644442'),(30,'+44(0)3698067427'),(31,'02776 22096'),(32,'08446 51277'),(33,'(02093) 92065'),(34,'+44(0)5718158628'),(35,'+44(0)0311 572706'),(36,'(09110) 331233'),(37,'06019 26350'),(38,'(07071) 878404'),(39,'+44(0)638031503'),(40,'+44(0)3086 828242'),(41,'03801 851661'),(42,'(02554) 23745'),(43,'0859052619'),(44,'+44(0)8888 925962'),(45,'0211641162'),(46,'+44(0)7703 710901'),(47,'+44(0)8049 65257'),(48,'+44(0)6716 519769'),(49,'+44(0)0325616131'),(50,'+44(0)853369066'),(51,'(04113) 032320'),(52,'+44(0)7255079563'),(53,'+44(0)7153 665222'),(54,'+44(0)8935 71105'),(55,'+44(0)506945943'),(56,'(01028) 18293'),(57,'06876 60347'),(58,'(06552) 437261'),(59,'08908108086'),(60,'+44(0)1339 85758'),(61,'07706 239482'),(62,'04747925295'),(63,'05438 16288'),(64,'(09992) 331554'),(65,'+44(0)2999688055'),(66,'+44(0)647727712'),(67,'(06565) 993845'),(68,'03779 46016'),(69,'0681207524'),(70,'+44(0)9358244828'),(71,'+44(0)9005 50131'),(72,'06183 65287'),(73,'+44(0)1256 089675'),(74,'+44(0)8905611316'),(75,'07628 359628'),(76,'+44(0)0462576496'),(77,'0742287843'),(78,'09198 87129'),(79,'+44(0)5338 89351'),(80,'+44(0)3341431081'),(81,'+44(0)6487 960603'),(82,'07988 336292'),(83,'+44(0)9304166976'),(84,'+44(0)8682854593'),(85,'+44(0)944480312'),(86,'(09008) 483451'),(87,'06576526763'),(88,'(09483) 056660'),(89,'0725194984'),(90,'+44(0)0544 961443'),(91,'05208 398457'),(92,'01334 233175'),(93,'+44(0)1292 39736'),(94,'+44(0)130876133'),(95,'0266250793'),(96,'+44(0)3623 20299'),(97,'09800 15993'),(98,'+44(0)5457 57603'),(99,'+44(0)1990 077340'),(100,'(09925) 948152');
/*!40000 ALTER TABLE `ware_contact` ENABLE KEYS */;
UNLOCK TABLES;

--
-- Table structure for table `warehouse`
--

DROP TABLE IF EXISTS `warehouse`;
/*!40101 SET @saved_cs_client     = @@character_set_client */;
/*!50503 SET character_set_client = utf8mb4 */;
CREATE TABLE `warehouse` (
  `w_id` int NOT NULL,
  `ware_street` varchar(255) DEFAULT NULL,
  `ware_city` varchar(255) DEFAULT NULL,
  `ware_state` varchar(255) DEFAULT NULL,
  `ware_pin` varchar(255) DEFAULT NULL,
  `ware_name` varchar(255) DEFAULT NULL,
  PRIMARY KEY (`w_id`)
) ENGINE=InnoDB DEFAULT CHARSET=utf8mb4 COLLATE=utf8mb4_0900_ai_ci;
/*!40101 SET character_set_client = @saved_cs_client */;

--
-- Dumping data for table `warehouse`
--

LOCK TABLES `warehouse` WRITE;
/*!40000 ALTER TABLE `warehouse` DISABLE KEYS */;
INSERT INTO `warehouse` VALUES (1,'Rowland Ports','South Maybelleberg','Michigan','27542-8391','Altenwerth-Collier'),(2,'Deangelo Rue','Hicklefurt','NewMexico','32011','Ward-Von'),(3,'Gutmann Pines','Rippinport','Wyoming','89997-6331','Runolfsdottir-Macejkovic'),(4,'Lindgren Run','Buckridgemouth','Washington','55397','Legros-Glover'),(5,'Cassandre Street','Feestville','NewYork','86935-1470','Hegmann, Swift and Weimann'),(6,'Ferry Grove','West Baby','Kansas','11491-9994','Lang Ltd'),(7,'Melissa Center','Warrenview','NorthCarolina','29384-2312','Terry-Lemke'),(8,'Carey Route','South Angelitaton','Idaho','16069-6132','Schuppe-O\'Keefe'),(9,'Katlynn Extensions','South Desireebury','Michigan','87763','Jenkins-Schiller'),(10,'Zulauf Bridge','Lake Bethside','District of Columbia','28999','Corkery Ltd'),(11,'Zoie Spur','Eichmannbury','NewHampshire','55742','Dicki PLC'),(12,'Lonie Wells','North Thaddeusland','Arkansas','51559-7828','Wilderman, Hoeger and Morissette'),(13,'Rempel Circles','Gladysmouth','Delaware','30804-4636','Champlin Inc'),(14,'Kristin Harbor','South Soniashire','Minnesota','12415-5789','Ankunding and Sons'),(15,'Delia Tunnel','Lefflerfort','Alabama','49403','Beer LLC'),(16,'Ankunding Underpass','North Filomenaville','Texas','49010-9683','Kub-Hayes'),(17,'Blanda Road','West Cali','Alabama','78750','Bernier PLC'),(18,'Miller Circles','South Lela','Washington','27633-7892','Christiansen and Sons'),(19,'Schaefer Points','Port Julianne','Utah','93010-8569','Bradtke, Dickens and Jast'),(20,'Ola Summit','Lake Esther','Missouri','32906','Jones Ltd'),(21,'Hal Port','New Johann','Mississippi','30874-8269','Schroeder, Wisoky and Block'),(22,'McClure Ridge','Port Daniellaville','NewHampshire','99892-8935','Robel Inc'),(23,'Walker Island','Stephaniastad','Iowa','16266-2937','Lueilwitz, Heathcote and Schoen'),(24,'Greenfelder Prairie','Birdieside','Tennessee','27239-6977','Walter LLC'),(25,'Alexis Lodge','Coryshire','Missouri','94374','Hessel, Hegmann and Kihn'),(26,'Romaguera Fork','Cliftontown','Indiana','72097','Veum, Gulgowski and Walter'),(27,'Christiana Rest','Stokesview','Missouri','81676-4973','Jaskolski Ltd'),(28,'Matt Prairie','East Tonymouth','Connecticut','85235-9637','Lebsack-Larson'),(29,'Price Shore','Loufurt','NewJersey','34124','Crist Group'),(30,'Homenick River','Port Gage','Alaska','01981-5261','Carter, Keebler and Larson'),(31,'Jaylen Plains','East Preston','NewMexico','93391','Wiegand, Ferry and Hauck'),(32,'Vella Gateway','East Guido','NewYork','27444-3913','Dare-Torp'),(33,'Vincenzo Points','New Delphine','RhodeIsland','33963','Sauer, Stracke and Boyer'),(34,'Graham Locks','Duncanmouth','NewJersey','69588','Zieme-Lueilwitz'),(35,'Wilderman Key','New Andresfurt','Maryland','27811-1831','Weimann-Howell'),(36,'Ashton Stream','West Briaberg','Alabama','37287','Rippin and Sons'),(37,'Koepp Hills','Remingtonberg','NewHampshire','40339-9261','Lemke Inc'),(38,'Witting Club','East Verla','WestVirginia','97683-6520','O\'Keefe Group'),(39,'Kiehn Bypass','Lindgrenmouth','Mississippi','48599','Gutkowski-Nienow'),(40,'Feeney Trail','North Fidel','Louisiana','42497','Ondricka, Gusikowski and Stoltenberg'),(41,'Hartmann Island','Cadeton','Virginia','88194','Von Inc'),(42,'Armstrong Lake','Hanemouth','Oklahoma','99141-5009','Tillman, Casper and Stiedemann'),(43,'Manuela Fords','Graciefurt','Georgia','32503','Gislason LLC'),(44,'Brekke Mill','Schuppestad','Massachusetts','91224-8385','Schiller-Funk'),(45,'Kassulke Island','East Marshall','Hawaii','33388-2444','Zieme Ltd'),(46,'Kilback Streets','Aubreyberg','Massachusetts','06831','Hoppe LLC'),(47,'Rolfson Alley','Altheatown','NewHampshire','92450-4449','Swift-Spencer'),(48,'Blair Skyway','New Cliftonfurt','NewYork','05104','Jacobi-Ortiz'),(49,'Dariana Skyway','Tomfort','Ohio','99560-8817','Walker Inc'),(50,'Scarlett Rapids','Braulioland','Alaska','61409','Ernser LLC'),(51,'Lenna Key','Janessaberg','Maryland','24608-4342','Emard-Runolfsdottir'),(52,'Stan Valleys','South Dellafort','Maryland','57893','Purdy, Zboncak and Littel'),(53,'Zulauf Crossroad','South Viola','Idaho','63233','Kessler-Spinka'),(54,'Patience Route','Aufderharton','Texas','43619','Schuster and Sons'),(55,'Kunde Views','Beaulahhaven','Arkansas','47521','Jaskolski, Stanton and Witting'),(56,'Schroeder Plaza','New Fernando','Florida','56676','Klocko-Hegmann'),(57,'Aileen Plain','Jessikaborough','Delaware','22808-4612','Cummerata-Greenholt'),(58,'Taryn Well','Port Litzybury','Nevada','96196-5104','Schimmel, Stroman and Schultz'),(59,'Tremblay Cape','Weimannbury','SouthDakota','19884','Hyatt-Johnston'),(60,'Heaney Glens','Considinestad','Delaware','09866-9515','McDermott Ltd'),(61,'Lulu Ridges','East Lonstad','Massachusetts','66069','Franecki, Gorczany and Olson'),(62,'Konopelski Plaza','New Jeramie','WestVirginia','18943','Moen-Haag'),(63,'Charity Meadow','Fisherchester','Montana','16904','Labadie Ltd'),(64,'Trycia Union','Rueckerstad','Delaware','38159-5526','Rau, Altenwerth and Ratke'),(65,'Swaniawski Forge','Port Keira','Vermont','66672-3688','Casper and Sons'),(66,'Padberg Mountains','Ruthechester','Montana','49201-4963','Ondricka-Swaniawski'),(67,'Alize Throughway','Schillerstad','Hawaii','16559-7392','Howe-Sauer'),(68,'Trantow Courts','West Minerva','Maine','09657','Funk, Balistreri and Bergnaum'),(69,'Paul Circle','West Tiara','Alaska','33943','Price, Lueilwitz and Hudson'),(70,'Mike Trail','New Hilberthaven','Alabama','14690-7982','Stoltenberg, Dicki and Schowalter'),(71,'Niko Locks','Gregoriofort','Colorado','20558','Von-Steuber'),(72,'Mason Fork','East Quentinton','Michigan','66186-4318','Lindgren and Sons'),(73,'Jacobi Locks','New Abagail','NorthCarolina','43961','Dooley, Kunde and Crist'),(74,'Lou Run','West Morton','Virginia','65570','Quigley PLC'),(75,'Eldon Lane','Hackettberg','District of Columbia','52797-4045','Fay Ltd'),(76,'Rau Park','Port Elyseton','Virginia','87689','Walker, Schneider and Littel'),(77,'Matilde Path','North Forestburgh','Pennsylvania','64154-2103','Runolfsdottir and Sons'),(78,'Pablo Route','Lake Erynmouth','Illinois','50495-6169','Sawayn, Marks and Fadel'),(79,'Raynor Pine','Daphneeport','Virginia','39600','Abbott-Medhurst'),(80,'Reinhold Ranch','Lake Keeganshire','Kentucky','08299-6956','Huels, Torp and Bernier'),(81,'Estell Springs','Isidrofort','Mississippi','65462','Beier Inc'),(82,'Ashly Drive','Orloborough','Missouri','84436-5550','Mayer, West and King'),(83,'Windler Manors','Nicolasmouth','Iowa','39275-0058','Douglas, Bernier and Schaefer'),(84,'Karen Shores','Berniertown','Wyoming','69597','Klocko PLC'),(85,'Dibbert Stream','West Katarinastad','Mississippi','75183-6975','Yost, Hamill and Kris'),(86,'Fadel Viaduct','Padbergstad','Maine','32456-8866','Kozey, Kilback and Auer'),(87,'Izabella Station','Reicheltown','Kentucky','69319','Kirlin PLC'),(88,'Schumm Junctions','East Juneborough','Louisiana','85724-8291','Hegmann PLC'),(89,'Manuela Fall','North Mckayla','Iowa','56780-5156','Glover Group'),(90,'Dina Trail','Isidroberg','Georgia','04543','Quitzon PLC'),(91,'Vincenzo Burg','South Mattfurt','Kentucky','91912-2578','Hahn, O\'Keefe and Bahringer'),(92,'Crawford Grove','Alysaside','California','97609-4979','Watsica-Wisozk'),(93,'Olen Roads','Earleneville','Washington','76469-4412','Wisozk-Renner'),(94,'Howell Ferry','Shaneburgh','Minnesota','33332','Hyatt Ltd'),(95,'Bobbie Curve','Peggiefort','NewJersey','58740','Lynch-Sipes'),(96,'Ana Spring','East Garnetville','Utah','43311','Halvorson Ltd'),(97,'Gaylord Islands','Kaileychester','Wyoming','45546','Collins-Heller'),(98,'Jacobson Mountains','Nakiafurt','NewMexico','80277','Prosacco-Rohan'),(99,'Sabrina Mall','West Tyshawn','Indiana','96453','Nader Ltd'),(100,'Bella Hills','Jaskolskiton','RhodeIsland','69316','Stanton, Nikolaus and Spinka');
/*!40000 ALTER TABLE `warehouse` ENABLE KEYS */;
UNLOCK TABLES;

--
-- Table structure for table `works_for`
--

DROP TABLE IF EXISTS `works_for`;
/*!40101 SET @saved_cs_client     = @@character_set_client */;
/*!50503 SET character_set_client = utf8mb4 */;
CREATE TABLE `works_for` (
  `date_of_appointment` date NOT NULL,
  `e_id` int NOT NULL,
  `w_id` int NOT NULL,
  PRIMARY KEY (`e_id`,`w_id`,`date_of_appointment`),
  UNIQUE KEY `index_works_for` (`e_id`,`w_id`,`date_of_appointment`),
  KEY `w_id` (`w_id`),
  CONSTRAINT `works_for_ibfk_1` FOREIGN KEY (`e_id`) REFERENCES `employee` (`e_id`),
  CONSTRAINT `works_for_ibfk_2` FOREIGN KEY (`w_id`) REFERENCES `warehouse` (`w_id`)
) ENGINE=InnoDB DEFAULT CHARSET=utf8mb4 COLLATE=utf8mb4_0900_ai_ci;
/*!40101 SET character_set_client = @saved_cs_client */;

--
-- Dumping data for table `works_for`
--

LOCK TABLES `works_for` WRITE;
/*!40000 ALTER TABLE `works_for` DISABLE KEYS */;
INSERT INTO `works_for` VALUES ('2015-03-10',1,1),('2017-12-26',101,1),('2020-06-30',201,1),('2015-06-19',301,1),('2012-03-10',490,1),('2015-10-06',564,1),('2015-08-27',582,1),('2012-12-30',655,1),('2022-02-25',2,2),('2015-05-24',102,2),('2020-07-14',202,2),('2017-07-08',302,2),('2018-08-05',529,2),('2015-04-30',531,2),('2014-11-18',574,2),('2021-04-29',3,3),('2022-01-18',103,3),('2013-10-31',203,3),('2015-12-11',303,3),('2016-11-16',434,3),('2012-09-03',573,3),('2017-05-23',581,3),('2014-03-02',636,3),('2010-09-22',694,3),('2010-07-18',695,3),('2013-09-14',4,4),('2020-10-24',104,4),('2019-08-08',204,4),('2021-08-06',304,4),('2015-01-11',626,4),('2014-12-03',667,4),('2014-12-07',5,5),('2022-12-22',105,5),('2022-05-22',205,5),('2014-10-11',305,5),('2014-01-11',533,5),('2019-12-29',559,5),('2021-05-13',6,6),('2019-03-11',106,6),('2019-02-04',206,6),('2022-11-11',306,6),('2015-11-02',424,6),('2012-06-02',445,6),('2013-08-08',446,6),('2016-10-11',591,6),('2011-02-18',674,6),('2017-11-02',7,7),('2019-11-07',107,7),('2013-09-19',207,7),('2014-02-28',307,7),('2019-11-23',523,7),('2019-02-03',542,7),('2015-05-24',545,7),('2013-05-19',562,7),('2014-10-01',608,7),('2015-11-21',632,7),('2018-01-15',8,8),('2018-06-27',108,8),('2020-05-25',208,8),('2014-09-27',308,8),('2011-03-26',403,8),('2014-07-09',426,8),('2013-08-05',448,8),('2017-01-02',541,8),('2019-05-18',9,9),('2021-02-23',109,9),('2022-12-20',209,9),('2019-02-18',309,9),('2014-02-15',507,9),('2018-12-27',10,10),('2017-12-19',110,10),('2022-03-08',210,10),('2020-12-20',310,10),('2018-09-28',492,10),('2016-06-25',11,11),('2013-10-11',111,11),('2015-12-21',211,11),('2013-05-23',311,11),('2015-08-11',534,11),('2016-01-30',603,11),('2012-01-17',678,11),('2015-10-17',12,12),('2016-05-18',112,12),('2015-10-23',212,12),('2013-06-03',312,12),('2014-12-01',451,12),('2018-06-10',656,12),('2014-03-05',677,12),('2017-06-13',13,13),('2013-08-23',113,13),('2016-01-11',213,13),('2019-10-17',313,13),('2016-10-06',500,13),('2014-06-01',675,13),('2020-10-14',14,14),('2015-10-13',114,14),('2018-10-13',214,14),('2015-04-29',314,14),('2012-08-08',602,14),('2010-02-25',652,14),('2016-09-22',15,15),('2021-03-13',115,15),('2017-02-25',215,15),('2020-10-01',315,15),('2016-04-15',502,15),('2020-10-22',16,16),('2020-07-13',116,16),('2023-02-04',216,16),('2015-09-29',316,16),('2019-03-25',583,16),('2013-03-03',642,16),('2019-02-13',664,16),('2021-07-12',17,17),('2020-04-26',117,17),('2023-01-02',217,17),('2021-05-05',317,17),('2019-04-11',460,17),('2019-05-12',479,17),('2017-08-30',499,17),('2015-02-08',580,17),('2015-11-02',593,17),('2016-01-17',18,18),('2020-08-23',118,18),('2013-12-09',218,18),('2022-05-22',318,18),('2013-01-22',408,18),('2013-05-25',496,18),('2016-10-23',504,18),('2013-09-29',671,18),('2017-09-15',19,19),('2015-09-08',119,19),('2015-07-14',219,19),('2013-09-02',319,19),('2010-03-23',473,19),('2011-05-06',646,19),('2016-07-06',673,19),('2019-07-31',20,20),('2020-10-02',120,20),('2017-11-15',220,20),('2022-06-19',320,20),('2019-07-09',481,20),('2014-04-19',600,20),('2017-08-25',688,20),('2018-07-31',21,21),('2022-09-10',121,21),('2014-09-06',221,21),('2014-12-19',321,21),('2016-05-09',455,21),('2018-07-07',598,21),('2023-01-27',22,22),('2017-06-14',122,22),('2021-05-21',222,22),('2020-12-10',322,22),('2014-12-16',508,22),('2012-03-19',539,22),('2019-01-02',643,22),('2018-06-12',23,23),('2021-10-11',123,23),('2017-02-17',223,23),('2019-10-23',323,23),('2011-11-26',553,23),('2012-06-22',576,23),('2019-11-24',24,24),('2013-11-25',124,24),('2020-03-25',224,24),('2016-05-11',324,24),('2016-04-21',401,24),('2015-01-22',454,24),('2013-08-15',634,24),('2012-07-12',637,24),('2017-03-14',692,24),('2015-03-11',25,25),('2013-04-04',125,25),('2013-09-14',225,25),('2017-04-03',325,25),('2019-04-23',521,25),('2016-09-01',631,25),('2021-10-11',26,26),('2021-01-11',126,26),('2021-10-04',226,26),('2022-05-12',326,26),('2012-11-17',550,26),('2019-05-15',657,26),('2019-10-27',27,27),('2022-07-22',127,27),('2014-01-10',227,27),('2022-03-21',327,27),('2014-08-14',567,27),('2015-08-30',28,28),('2017-05-12',128,28),('2017-06-01',228,28),('2022-05-05',328,28),('2010-06-21',488,28),('2014-05-27',530,28),('2018-08-19',618,28),('2013-05-13',649,28),('2013-06-09',650,28),('2015-02-12',29,29),('2015-11-18',129,29),('2015-07-20',229,29),('2019-11-22',329,29),('2014-10-09',497,29),('2015-07-03',30,30),('2017-12-03',130,30),('2021-04-12',230,30),('2013-10-11',330,30),('2013-05-24',407,30),('2018-12-14',513,30),('2014-02-24',577,30),('2015-01-14',31,31),('2014-03-23',131,31),('2020-07-08',231,31),('2018-09-11',331,31),('2017-06-10',436,31),('2018-10-31',495,31),('2011-04-01',557,31),('2013-07-15',579,31),('2015-12-29',594,31),('2018-01-29',32,32),('2018-11-10',132,32),('2013-04-07',232,32),('2018-10-06',332,32),('2015-05-07',686,32),('2014-04-27',33,33),('2017-06-29',133,33),('2016-10-09',233,33),('2020-10-26',333,33),('2014-01-02',625,33),('2015-11-11',687,33),('2014-12-29',34,34),('2017-08-10',134,34),('2019-04-10',234,34),('2015-12-18',334,34),('2010-07-11',404,34),('2019-01-19',419,34),('2015-03-14',512,34),('2018-06-18',522,34),('2017-05-18',599,34),('2011-12-21',620,34),('2016-08-01',689,34),('2014-02-05',35,35),('2014-01-29',135,35),('2015-08-11',235,35),('2021-12-01',335,35),('2015-12-31',418,35),('2015-04-26',595,35),('2014-03-21',36,36),('2022-08-31',136,36),('2018-12-11',236,36),('2015-08-11',336,36),('2010-07-06',587,36),('2014-11-05',37,37),('2021-02-26',137,37),('2020-01-12',237,37),('2018-07-04',337,37),('2016-07-16',437,37),('2013-09-08',548,37),('2011-09-26',590,37),('2016-12-09',654,37),('2019-12-13',38,38),('2019-12-08',138,38),('2016-10-04',238,38),('2016-06-20',338,38),('2019-10-27',443,38),('2015-07-07',519,38),('2018-08-27',601,38),('2017-05-24',39,39),('2022-03-07',139,39),('2013-02-12',239,39),('2021-05-26',339,39),('2018-08-11',640,39),('2022-11-17',40,40),('2014-06-08',140,40),('2013-12-24',240,40),('2015-04-17',340,40),('2016-02-13',425,40),('2016-03-27',430,40),('2012-03-10',470,40),('2013-06-15',474,40),('2011-09-07',484,40),('2012-10-23',554,40),('2015-06-26',668,40),('2023-01-13',41,41),('2021-11-24',141,41),('2016-11-17',241,41),('2013-10-05',341,41),('2018-11-02',411,41),('2014-12-13',438,41),('2016-07-27',447,41),('2018-05-02',556,41),('2013-10-10',604,41),('2011-02-17',605,41),('2021-10-17',42,42),('2016-10-23',142,42),('2013-07-04',242,42),('2015-01-03',342,42),('2011-04-12',415,42),('2011-01-10',433,42),('2017-03-27',555,42),('2011-12-12',575,42),('2019-11-06',588,42),('2010-05-31',592,42),('2019-12-19',43,43),('2014-05-29',143,43),('2022-06-28',243,43),('2019-09-19',343,43),('2019-06-15',428,43),('2013-11-14',565,43),('2015-03-29',44,44),('2019-05-11',144,44),('2017-01-03',244,44),('2015-04-24',344,44),('2010-06-04',485,44),('2016-05-13',45,45),('2021-06-23',145,45),('2019-05-13',245,45),('2022-07-24',345,45),('2018-12-20',517,45),('2018-04-02',558,45),('2019-03-11',46,46),('2019-02-05',146,46),('2021-03-21',246,46),('2021-08-27',346,46),('2014-12-31',47,47),('2013-05-29',147,47),('2013-03-31',247,47),('2018-08-02',347,47),('2017-10-09',457,47),('2010-04-14',461,47),('2016-12-01',477,47),('2011-07-04',681,47),('2019-06-17',48,48),('2019-08-28',148,48),('2014-03-15',248,48),('2018-10-28',348,48),('2016-09-01',538,48),('2012-05-23',639,48),('2016-02-13',653,48),('2012-12-29',685,48),('2017-11-03',49,49),('2016-08-18',149,49),('2014-01-28',249,49),('2013-10-18',349,49),('2017-11-18',509,49),('2010-08-13',596,49),('2019-09-29',672,49),('2013-08-18',698,49),('2022-02-15',50,50),('2020-02-04',150,50),('2018-12-19',250,50),('2019-11-11',350,50),('2014-02-11',459,50),('2012-02-16',472,50),('2010-07-24',693,50),('2020-11-19',51,51),('2013-10-11',151,51),('2013-02-14',251,51),('2018-10-06',351,51),('2018-04-14',486,51),('2012-01-03',489,51),('2014-08-20',616,51),('2016-10-23',629,51),('2017-07-23',648,51),('2021-04-19',52,52),('2019-08-22',152,52),('2013-10-22',252,52),('2022-09-03',352,52),('2018-10-22',439,52),('2015-06-24',464,52),('2012-06-14',491,52),('2016-05-11',532,52),('2013-07-30',53,53),('2020-07-27',153,53),('2017-10-01',253,53),('2017-04-07',353,53),('2014-04-18',471,53),('2015-12-12',478,53),('2015-08-31',503,53),('2012-03-24',526,53),('2016-08-11',584,53),('2018-04-20',54,54),('2020-02-20',154,54),('2019-01-07',254,54),('2015-09-03',354,54),('2011-01-16',571,54),('2014-05-29',55,55),('2021-05-09',155,55),('2018-06-30',255,55),('2016-10-22',355,55),('2012-09-15',482,55),('2011-01-20',535,55),('2010-08-22',627,55),('2013-06-17',641,55),('2014-06-20',56,56),('2017-09-17',156,56),('2018-01-16',256,56),('2019-09-06',356,56),('2013-06-15',466,56),('2012-11-04',476,56),('2015-03-06',527,56),('2014-03-03',57,57),('2020-08-08',157,57),('2014-09-22',257,57),('2016-12-18',357,57),('2010-04-07',423,57),('2012-04-28',444,57),('2017-02-28',511,57),('2016-11-20',518,57),('2015-09-05',58,58),('2017-10-26',158,58),('2014-02-27',258,58),('2017-11-11',358,58),('2018-07-18',420,58),('2010-07-16',606,58),('2015-11-21',651,58),('2019-07-07',59,59),('2021-09-27',159,59),('2018-07-21',259,59),('2017-03-29',359,59),('2013-12-04',561,59),('2012-11-04',569,59),('2013-02-14',572,59),('2022-06-19',60,60),('2016-10-24',160,60),('2017-06-12',260,60),('2016-06-30',360,60),('2013-10-14',510,60),('2022-02-18',61,61),('2021-07-28',161,61),('2019-03-10',261,61),('2016-02-11',361,61),('2013-01-01',422,61),('2012-12-06',543,61),('2019-02-15',659,61),('2013-09-22',697,61),('2016-01-05',62,62),('2021-04-26',162,62),('2016-05-07',262,62),('2017-08-04',362,62),('2014-07-28',416,62),('2017-02-11',494,62),('2014-10-12',544,62),('2020-05-02',63,63),('2016-02-01',163,63),('2013-08-04',263,63),('2017-08-13',363,63),('2015-11-02',421,63),('2018-07-13',468,63),('2016-01-08',609,63),('2020-04-07',64,64),('2014-03-08',164,64),('2019-09-30',264,64),('2021-04-01',364,64),('2019-06-22',552,64),('2011-07-14',615,64),('2021-03-15',65,65),('2014-06-20',165,65),('2020-05-29',265,65),('2021-05-01',365,65),('2019-10-07',406,65),('2010-06-08',414,65),('2014-07-16',661,65),('2014-04-04',669,65),('2016-04-22',679,65),('2018-05-19',66,66),('2013-07-25',166,66),('2015-06-23',266,66),('2020-12-17',366,66),('2012-07-25',402,66),('2012-11-20',501,66),('2010-05-16',528,66),('2018-12-20',684,66),('2015-03-16',67,67),('2013-06-07',167,67),('2017-04-12',267,67),('2022-09-30',367,67),('2011-11-02',506,67),('2018-10-18',68,68),('2019-04-05',168,68),('2021-10-11',268,68),('2014-08-21',368,68),('2017-01-17',453,68),('2022-11-22',69,69),('2019-05-29',169,69),('2019-02-11',269,69),('2016-04-29',369,69),('2011-01-12',458,69),('2016-06-20',630,69),('2010-08-20',663,69),('2017-08-11',70,70),('2020-05-12',170,70),('2019-01-15',270,70),('2022-02-03',370,70),('2015-11-03',514,70),('2022-02-21',71,71),('2021-10-12',171,71),('2014-07-14',271,71),('2019-02-15',371,71),('2013-05-30',417,71),('2014-07-06',658,71),('2014-05-23',699,71),('2014-04-26',72,72),('2015-02-25',172,72),('2014-03-30',272,72),('2016-02-11',372,72),('2020-06-27',73,73),('2018-11-06',173,73),('2014-07-25',273,73),('2014-10-12',373,73),('2021-02-11',74,74),('2019-10-16',174,74),('2015-10-26',274,74),('2017-11-30',374,74),('2013-12-26',524,74),('2016-11-08',570,74),('2011-12-26',624,74),('2017-12-18',628,74),('2021-09-21',75,75),('2014-08-02',175,75),('2013-07-03',275,75),('2018-11-20',375,75),('2016-08-24',475,75),('2012-01-24',586,75),('2016-05-04',607,75),('2010-11-02',647,75),('2017-04-17',76,76),('2017-09-20',176,76),('2021-01-24',276,76),('2020-03-07',376,76),('2014-09-08',440,76),('2019-11-27',547,76),('2017-01-08',549,76),('2018-03-02',610,76),('2011-10-23',635,76),('2015-04-15',662,76),('2013-04-17',77,77),('2022-02-07',177,77),('2022-07-17',277,77),('2019-05-08',377,77),('2016-07-04',432,77),('2019-07-03',614,77),('2020-09-26',78,78),('2013-09-07',178,78),('2022-06-29',278,78),('2020-06-27',378,78),('2018-10-22',442,78),('2012-03-10',546,78),('2017-01-29',560,78),('2022-08-15',79,79),('2021-02-15',179,79),('2021-01-20',279,79),('2021-11-29',379,79),('2012-11-04',456,79),('2013-12-12',483,79),('2018-06-01',611,79),('2017-03-06',623,79),('2017-07-23',633,79),('2015-05-19',80,80),('2022-02-28',180,80),('2013-03-29',280,80),('2016-03-13',380,80),('2014-01-01',536,80),('2016-05-18',81,81),('2013-09-27',181,81),('2014-06-14',281,81),('2017-07-26',381,81),('2012-09-29',682,81),('2019-10-29',82,82),('2018-11-16',182,82),('2017-06-07',282,82),('2016-12-28',382,82),('2014-05-25',462,82),('2022-04-22',83,83),('2018-12-17',183,83),('2019-11-16',283,83),('2019-07-18',383,83),('2013-02-01',435,83),('2019-01-14',452,83),('2011-10-24',540,83),('2013-02-26',551,83),('2012-04-15',665,83),('2019-05-31',676,83),('2017-02-17',84,84),('2019-07-02',184,84),('2022-09-13',284,84),('2015-05-10',384,84),('2012-08-09',431,84),('2016-07-27',441,84),('2011-03-31',480,84),('2012-02-11',589,84),('2014-09-19',638,84),('2014-04-26',660,84),('2021-11-28',85,85),('2018-12-18',185,85),('2021-09-09',285,85),('2023-01-06',385,85),('2017-11-21',469,85),('2016-03-01',537,85),('2018-08-13',566,85),('2017-09-27',617,85),('2018-07-28',86,86),('2022-07-14',186,86),('2013-02-14',286,86),('2016-12-07',386,86),('2016-07-29',585,86),('2021-04-09',87,87),('2022-09-07',187,87),('2020-11-22',287,87),('2020-07-21',387,87),('2010-04-16',493,87),('2019-08-10',563,87),('2018-05-27',613,87),('2019-05-26',645,87),('2014-09-17',666,87),('2022-12-27',88,88),('2016-06-14',188,88),('2019-08-13',288,88),('2022-07-21',388,88),('2015-03-25',412,88),('2014-09-14',505,88),('2015-01-21',696,88),('2016-10-25',89,89),('2022-04-29',189,89),('2015-06-29',289,89),('2020-09-11',389,89),('2017-10-05',670,89),('2021-05-21',90,90),('2015-06-02',190,90),('2020-10-01',290,90),('2017-09-07',390,90),('2018-07-18',525,90),('2016-02-14',578,90),('2010-09-01',690,90),('2014-04-07',91,91),('2015-11-24',191,91),('2020-10-13',291,91),('2019-12-08',391,91),('2012-01-02',498,91),('2010-07-09',520,91),('2016-07-15',92,92),('2022-11-22',192,92),('2022-03-05',292,92),('2022-12-24',392,92),('2019-05-19',413,92),('2010-04-10',427,92),('2015-05-17',429,92),('2013-11-07',93,93),('2020-09-26',193,93),('2019-04-25',293,93),('2020-11-20',393,93),('2018-10-02',405,93),('2011-04-21',409,93),('2019-12-11',516,93),('2011-09-05',597,93),('2018-02-14',619,93),('2020-12-24',94,94),('2018-11-06',194,94),('2020-06-15',294,94),('2015-10-10',394,94),('2016-05-05',465,94),('2017-01-28',467,94),('2013-02-16',568,94),('2019-07-15',95,95),('2020-08-26',195,95),('2019-01-31',295,95),('2022-10-03',395,95),('2019-01-21',463,95),('2013-04-16',622,95),('2017-06-12',680,95),('2016-01-24',700,95),('2015-12-09',96,96),('2019-07-21',196,96),('2018-09-05',296,96),('2014-06-24',396,96),('2013-01-25',487,96),('2013-07-04',644,96),('2020-11-07',97,97),('2022-06-06',197,97),('2017-04-19',297,97),('2016-05-13',397,97),('2019-12-05',410,97),('2019-07-19',515,97),('2022-10-06',98,98),('2020-10-19',198,98),('2021-05-09',298,98),('2022-02-22',398,98),('2019-01-01',450,98),('2022-09-15',99,99),('2022-01-17',199,99),('2014-12-21',299,99),('2018-03-18',399,99),('2015-05-27',449,99),('2016-12-03',612,99),('2020-03-02',100,100),('2020-11-24',200,100),('2018-07-15',300,100),('2017-09-03',400,100),('2011-04-16',621,100),('2016-06-05',683,100),('2012-05-04',691,100);
/*!40000 ALTER TABLE `works_for` ENABLE KEYS */;
UNLOCK TABLES;

--
-- Dumping events for database 'final_final'
--

--
-- Dumping routines for database 'final_final'
--
/*!40103 SET TIME_ZONE=@OLD_TIME_ZONE */;

/*!40101 SET SQL_MODE=@OLD_SQL_MODE */;
/*!40014 SET FOREIGN_KEY_CHECKS=@OLD_FOREIGN_KEY_CHECKS */;
/*!40014 SET UNIQUE_CHECKS=@OLD_UNIQUE_CHECKS */;
/*!40101 SET CHARACTER_SET_CLIENT=@OLD_CHARACTER_SET_CLIENT */;
/*!40101 SET CHARACTER_SET_RESULTS=@OLD_CHARACTER_SET_RESULTS */;
/*!40101 SET COLLATION_CONNECTION=@OLD_COLLATION_CONNECTION */;
/*!40111 SET SQL_NOTES=@OLD_SQL_NOTES */;

-- Dump completed on 2023-03-18 12:16:44

ALTER TABLE employee
ADD COLUMN emp_dob DATE;

ALTER TABLE employee
ADD COLUMN emp_age int;


-- INSERT INTO employee (emp_dob) 
-- SELECT DATE_ADD('1970-01-01', INTERVAL RAND() * DATEDIFF('2001-01-01', '1950-01-01') DAY) AS emp_dob;


UPDATE employee SET emp_dob = '1985-11-07' WHERE e_id = 1;
UPDATE employee SET emp_dob = '1996-01-22' WHERE e_id = 2;
UPDATE employee SET emp_dob = '1990-12-05' WHERE e_id = 3;
UPDATE employee SET emp_dob = '1979-04-27' WHERE e_id = 4;
UPDATE employee SET emp_dob = '1980-08-16' WHERE e_id = 5;
UPDATE employee SET emp_dob = '1980-02-10' WHERE e_id = 6;
UPDATE employee SET emp_dob = '1983-07-26' WHERE e_id = 7;
UPDATE employee SET emp_dob = '1973-08-03' WHERE e_id = 8;
UPDATE employee SET emp_dob = '1999-08-21' WHERE e_id = 9;
UPDATE employee SET emp_dob = '1999-03-02' WHERE e_id = 10;
UPDATE employee SET emp_dob = '1994-08-31' WHERE e_id = 11;
UPDATE employee SET emp_dob = '1997-06-06' WHERE e_id = 12;
UPDATE employee SET emp_dob = '1986-10-08' WHERE e_id = 13;
UPDATE employee SET emp_dob = '1977-02-02' WHERE e_id = 14;
UPDATE employee SET emp_dob = '1993-07-08' WHERE e_id = 15;
UPDATE employee SET emp_dob = '1978-07-14' WHERE e_id = 16;
UPDATE employee SET emp_dob = '1976-03-03' WHERE e_id = 17;
UPDATE employee SET emp_dob = '1972-10-21' WHERE e_id = 18;
UPDATE employee SET emp_dob = '1994-10-02' WHERE e_id = 19;
UPDATE employee SET emp_dob = '1970-05-06' WHERE e_id = 20;
UPDATE employee SET emp_dob = '1979-07-29' WHERE e_id = 21;
UPDATE employee SET emp_dob = '1980-06-17' WHERE e_id = 22;
UPDATE employee SET emp_dob = '1971-02-19' WHERE e_id = 23;
UPDATE employee SET emp_dob = '1994-05-10' WHERE e_id = 24;
UPDATE employee SET emp_dob = '1984-04-20' WHERE e_id = 25;
UPDATE employee SET emp_dob = '1999-09-06' WHERE e_id = 26;
UPDATE employee SET emp_dob = '1972-04-16' WHERE e_id = 27;
UPDATE employee SET emp_dob = '1980-01-10' WHERE e_id = 28;
UPDATE employee SET emp_dob = '2000-03-28' WHERE e_id = 29;
UPDATE employee SET emp_dob = '1989-07-11' WHERE e_id = 30;
UPDATE employee SET emp_dob = '1978-06-08' WHERE e_id = 31;
UPDATE employee SET emp_dob = '1979-11-26' WHERE e_id = 32;
UPDATE employee SET emp_dob = '1971-12-06' WHERE e_id = 33;
UPDATE employee SET emp_dob = '1970-08-09' WHERE e_id = 34;
UPDATE employee SET emp_dob = '1999-08-11' WHERE e_id = 35;
UPDATE employee SET emp_dob = '1987-07-02' WHERE e_id = 36;
UPDATE employee SET emp_dob = '1981-10-26' WHERE e_id = 37;
UPDATE employee SET emp_dob = '1997-12-28' WHERE e_id = 38;
UPDATE employee SET emp_dob = '1974-10-17' WHERE e_id = 39;
UPDATE employee SET emp_dob = '1985-05-12' WHERE e_id = 40;
UPDATE employee SET emp_dob = '1980-02-27' WHERE e_id = 41;
UPDATE employee SET emp_dob = '1994-01-22' WHERE e_id = 42;
UPDATE employee SET emp_dob = '1982-01-16' WHERE e_id = 43;
UPDATE employee SET emp_dob = '1986-02-19' WHERE e_id = 44;
UPDATE employee SET emp_dob = '1992-02-24' WHERE e_id = 45;
UPDATE employee SET emp_dob = '1988-04-17' WHERE e_id = 46;
UPDATE employee SET emp_dob = '1990-07-01' WHERE e_id = 47;
UPDATE employee SET emp_dob = '1991-08-02' WHERE e_id = 48;
UPDATE employee SET emp_dob = '1985-06-23' WHERE e_id = 49;
UPDATE employee SET emp_dob = '1972-11-13' WHERE e_id = 50;
UPDATE employee SET emp_dob = '1999-05-25' WHERE e_id = 51;
UPDATE employee SET emp_dob = '1982-11-19' WHERE e_id = 52;
UPDATE employee SET emp_dob = '1985-12-29' WHERE e_id = 53;
UPDATE employee SET emp_dob = '1996-02-16' WHERE e_id = 54;
UPDATE employee SET emp_dob = '1983-02-01' WHERE e_id = 55;
UPDATE employee SET emp_dob = '1970-03-09' WHERE e_id = 56;
UPDATE employee SET emp_dob = '1978-07-31' WHERE e_id = 57;
UPDATE employee SET emp_dob = '1973-09-19' WHERE e_id = 58;
UPDATE employee SET emp_dob = '1971-02-13' WHERE e_id = 59;
UPDATE employee SET emp_dob = '1999-04-15' WHERE e_id = 60;
UPDATE employee SET emp_dob = '1974-02-17' WHERE e_id = 61;
UPDATE employee SET emp_dob = '1993-07-20' WHERE e_id = 62;
UPDATE employee SET emp_dob = '1971-04-26' WHERE e_id = 63;
UPDATE employee SET emp_dob = '1970-11-15' WHERE e_id = 64;
UPDATE employee SET emp_dob = '1984-05-11' WHERE e_id = 65;
UPDATE employee SET emp_dob = '1977-01-02' WHERE e_id = 66;
UPDATE employee SET emp_dob = '1971-05-21' WHERE e_id = 67;
UPDATE employee SET emp_dob = '1984-10-24' WHERE e_id = 68;
UPDATE employee SET emp_dob = '1984-09-04' WHERE e_id = 69;
UPDATE employee SET emp_dob = '1999-08-10' WHERE e_id = 70;
UPDATE employee SET emp_dob = '1984-06-07' WHERE e_id = 71;
UPDATE employee SET emp_dob = '1974-04-12' WHERE e_id = 72;
UPDATE employee SET emp_dob = '1986-10-03' WHERE e_id = 73;
UPDATE employee SET emp_dob = '1973-07-15' WHERE e_id = 74;
UPDATE employee SET emp_dob = '1993-07-27' WHERE e_id = 75;
UPDATE employee SET emp_dob = '1973-07-15' WHERE e_id = 76;
UPDATE employee SET emp_dob = '1974-07-01' WHERE e_id = 77;
UPDATE employee SET emp_dob = '1987-07-10' WHERE e_id = 78;
UPDATE employee SET emp_dob = '1988-10-14' WHERE e_id = 79;
UPDATE employee SET emp_dob = '1989-08-05' WHERE e_id = 80;
UPDATE employee SET emp_dob = '1993-08-06' WHERE e_id = 81;
UPDATE employee SET emp_dob = '1994-01-06' WHERE e_id = 82;
UPDATE employee SET emp_dob = '1985-12-05' WHERE e_id = 83;
UPDATE employee SET emp_dob = '1983-08-02' WHERE e_id = 84;
UPDATE employee SET emp_dob = '1997-03-12' WHERE e_id = 85;
UPDATE employee SET emp_dob = '1990-02-23' WHERE e_id = 86;
UPDATE employee SET emp_dob = '1976-05-02' WHERE e_id = 87;
UPDATE employee SET emp_dob = '1982-09-29' WHERE e_id = 88;
UPDATE employee SET emp_dob = '1998-02-20' WHERE e_id = 89;
UPDATE employee SET emp_dob = '1991-12-06' WHERE e_id = 90;
UPDATE employee SET emp_dob = '1991-12-11' WHERE e_id = 91;
UPDATE employee SET emp_dob = '1980-06-07' WHERE e_id = 92;
UPDATE employee SET emp_dob = '1988-03-13' WHERE e_id = 93;
UPDATE employee SET emp_dob = '1980-01-24' WHERE e_id = 94;
UPDATE employee SET emp_dob = '1983-09-28' WHERE e_id = 95;
UPDATE employee SET emp_dob = '1992-04-04' WHERE e_id = 96;
UPDATE employee SET emp_dob = '1970-01-27' WHERE e_id = 97;
UPDATE employee SET emp_dob = '1993-04-16' WHERE e_id = 98;
UPDATE employee SET emp_dob = '1976-01-24' WHERE e_id = 99;
UPDATE employee SET emp_dob = '1995-03-06' WHERE e_id = 100;
UPDATE employee SET emp_dob = '1984-03-21' WHERE e_id = 101;
UPDATE employee SET emp_dob = '1995-06-19' WHERE e_id = 102;
UPDATE employee SET emp_dob = '2000-08-27' WHERE e_id = 103;
UPDATE employee SET emp_dob = '1987-05-16' WHERE e_id = 104;
UPDATE employee SET emp_dob = '1979-05-24' WHERE e_id = 105;
UPDATE employee SET emp_dob = '1987-09-28' WHERE e_id = 106;
UPDATE employee SET emp_dob = '2000-08-09' WHERE e_id = 107;
UPDATE employee SET emp_dob = '1974-10-02' WHERE e_id = 108;
UPDATE employee SET emp_dob = '1979-02-02' WHERE e_id = 109;
UPDATE employee SET emp_dob = '1992-11-15' WHERE e_id = 110;
UPDATE employee SET emp_dob = '1998-02-20' WHERE e_id = 111;
UPDATE employee SET emp_dob = '1996-06-12' WHERE e_id = 112;
UPDATE employee SET emp_dob = '1984-10-09' WHERE e_id = 113;
UPDATE employee SET emp_dob = '1971-07-15' WHERE e_id = 114;
UPDATE employee SET emp_dob = '2000-08-01' WHERE e_id = 115;
UPDATE employee SET emp_dob = '1987-12-25' WHERE e_id = 116;
UPDATE employee SET emp_dob = '1981-01-15' WHERE e_id = 117;
UPDATE employee SET emp_dob = '1973-05-03' WHERE e_id = 118;
UPDATE employee SET emp_dob = '1990-07-12' WHERE e_id = 119;
UPDATE employee SET emp_dob = '1974-06-06' WHERE e_id = 120;
UPDATE employee SET emp_dob = '1975-08-10' WHERE e_id = 121;
UPDATE employee SET emp_dob = '1976-11-17' WHERE e_id = 122;
UPDATE employee SET emp_dob = '1970-10-01' WHERE e_id = 123;
UPDATE employee SET emp_dob = '1977-06-26' WHERE e_id = 124;
UPDATE employee SET emp_dob = '1993-12-11' WHERE e_id = 125;
UPDATE employee SET emp_dob = '1975-08-24' WHERE e_id = 126;
UPDATE employee SET emp_dob = '1980-02-12' WHERE e_id = 127;
UPDATE employee SET emp_dob = '1971-07-29' WHERE e_id = 128;
UPDATE employee SET emp_dob = '1973-02-09' WHERE e_id = 129;
UPDATE employee SET emp_dob = '1993-09-17' WHERE e_id = 130;
UPDATE employee SET emp_dob = '1979-04-06' WHERE e_id = 131;
UPDATE employee SET emp_dob = '1971-04-20' WHERE e_id = 132;
UPDATE employee SET emp_dob = '2000-12-17' WHERE e_id = 133;
UPDATE employee SET emp_dob = '1972-04-09' WHERE e_id = 134;
UPDATE employee SET emp_dob = '1989-11-25' WHERE e_id = 135;
UPDATE employee SET emp_dob = '1986-07-25' WHERE e_id = 136;
UPDATE employee SET emp_dob = '1983-04-18' WHERE e_id = 137;
UPDATE employee SET emp_dob = '1973-12-30' WHERE e_id = 138;
UPDATE employee SET emp_dob = '1973-08-17' WHERE e_id = 139;
UPDATE employee SET emp_dob = '1993-05-25' WHERE e_id = 140;
UPDATE employee SET emp_dob = '1993-12-08' WHERE e_id = 141;
UPDATE employee SET emp_dob = '1982-05-21' WHERE e_id = 142;
UPDATE employee SET emp_dob = '1971-12-25' WHERE e_id = 143;
UPDATE employee SET emp_dob = '1992-11-23' WHERE e_id = 144;
UPDATE employee SET emp_dob = '1973-05-21' WHERE e_id = 145;
UPDATE employee SET emp_dob = '1992-06-16' WHERE e_id = 146;
UPDATE employee SET emp_dob = '1991-09-24' WHERE e_id = 147;
UPDATE employee SET emp_dob = '1998-02-10' WHERE e_id = 148;
UPDATE employee SET emp_dob = '1988-03-15' WHERE e_id = 149;
UPDATE employee SET emp_dob = '1973-03-02' WHERE e_id = 150;
UPDATE employee SET emp_dob = '1971-03-31' WHERE e_id = 151;
UPDATE employee SET emp_dob = '1997-12-06' WHERE e_id = 152;
UPDATE employee SET emp_dob = '1979-12-20' WHERE e_id = 153;
UPDATE employee SET emp_dob = '1977-11-18' WHERE e_id = 154;
UPDATE employee SET emp_dob = '1995-03-06' WHERE e_id = 155;
UPDATE employee SET emp_dob = '1971-04-04' WHERE e_id = 156;
UPDATE employee SET emp_dob = '1971-01-28' WHERE e_id = 157;
UPDATE employee SET emp_dob = '1993-06-27' WHERE e_id = 158;
UPDATE employee SET emp_dob = '1995-03-02' WHERE e_id = 159;
UPDATE employee SET emp_dob = '1991-03-22' WHERE e_id = 160;
UPDATE employee SET emp_dob = '1970-10-31' WHERE e_id = 161;
UPDATE employee SET emp_dob = '1990-09-24' WHERE e_id = 162;
UPDATE employee SET emp_dob = '1979-12-18' WHERE e_id = 163;
UPDATE employee SET emp_dob = '1995-05-03' WHERE e_id = 164;
UPDATE employee SET emp_dob = '1988-11-10' WHERE e_id = 165;
UPDATE employee SET emp_dob = '1999-08-13' WHERE e_id = 166;
UPDATE employee SET emp_dob = '1989-07-23' WHERE e_id = 167;
UPDATE employee SET emp_dob = '1971-06-25' WHERE e_id = 168;
UPDATE employee SET emp_dob = '2000-03-05' WHERE e_id = 169;
UPDATE employee SET emp_dob = '1977-11-03' WHERE e_id = 170;
UPDATE employee SET emp_dob = '1971-11-02' WHERE e_id = 171;
UPDATE employee SET emp_dob = '1971-02-24' WHERE e_id = 172;
UPDATE employee SET emp_dob = '1973-07-09' WHERE e_id = 173;
UPDATE employee SET emp_dob = '1989-05-02' WHERE e_id = 174;
UPDATE employee SET emp_dob = '1999-12-27' WHERE e_id = 175;
UPDATE employee SET emp_dob = '1993-04-17' WHERE e_id = 176;
UPDATE employee SET emp_dob = '1975-02-05' WHERE e_id = 177;
UPDATE employee SET emp_dob = '1970-09-29' WHERE e_id = 178;
UPDATE employee SET emp_dob = '1997-09-29' WHERE e_id = 179;
UPDATE employee SET emp_dob = '1973-02-20' WHERE e_id = 180;
UPDATE employee SET emp_dob = '1993-03-13' WHERE e_id = 181;
UPDATE employee SET emp_dob = '1981-05-13' WHERE e_id = 182;
UPDATE employee SET emp_dob = '1991-03-28' WHERE e_id = 183;
UPDATE employee SET emp_dob = '1976-07-20' WHERE e_id = 184;
UPDATE employee SET emp_dob = '1984-06-20' WHERE e_id = 185;
UPDATE employee SET emp_dob = '1999-01-17' WHERE e_id = 186;
UPDATE employee SET emp_dob = '1970-05-13' WHERE e_id = 187;
UPDATE employee SET emp_dob = '1973-01-05' WHERE e_id = 188;
UPDATE employee SET emp_dob = '1988-07-31' WHERE e_id = 189;
UPDATE employee SET emp_dob = '1971-04-17' WHERE e_id = 190;
UPDATE employee SET emp_dob = '1977-11-01' WHERE e_id = 191;
UPDATE employee SET emp_dob = '1979-01-12' WHERE e_id = 192;
UPDATE employee SET emp_dob = '1985-08-23' WHERE e_id = 193;
UPDATE employee SET emp_dob = '1981-05-04' WHERE e_id = 194;
UPDATE employee SET emp_dob = '1988-02-01' WHERE e_id = 195;
UPDATE employee SET emp_dob = '1976-05-04' WHERE e_id = 196;
UPDATE employee SET emp_dob = '1991-03-25' WHERE e_id = 197;
UPDATE employee SET emp_dob = '1995-08-08' WHERE e_id = 198;
UPDATE employee SET emp_dob = '1982-10-13' WHERE e_id = 199;
UPDATE employee SET emp_dob = '1990-01-30' WHERE e_id = 200;
UPDATE employee SET emp_dob = '1976-02-09' WHERE e_id = 201;
UPDATE employee SET emp_dob = '1998-05-10' WHERE e_id = 202;
UPDATE employee SET emp_dob = '1981-05-04' WHERE e_id = 203;
UPDATE employee SET emp_dob = '1979-09-23' WHERE e_id = 204;
UPDATE employee SET emp_dob = '1977-07-01' WHERE e_id = 205;
UPDATE employee SET emp_dob = '1995-04-17' WHERE e_id = 206;
UPDATE employee SET emp_dob = '1979-12-08' WHERE e_id = 207;
UPDATE employee SET emp_dob = '1971-01-07' WHERE e_id = 208;
UPDATE employee SET emp_dob = '1981-04-22' WHERE e_id = 209;
UPDATE employee SET emp_dob = '1991-06-06' WHERE e_id = 210;
UPDATE employee SET emp_dob = '1997-06-24' WHERE e_id = 211;
UPDATE employee SET emp_dob = '1982-11-09' WHERE e_id = 212;
UPDATE employee SET emp_dob = '1983-09-04' WHERE e_id = 213;
UPDATE employee SET emp_dob = '1971-06-18' WHERE e_id = 214;
UPDATE employee SET emp_dob = '1996-11-07' WHERE e_id = 215;
UPDATE employee SET emp_dob = '1999-06-16' WHERE e_id = 216;
UPDATE employee SET emp_dob = '1987-06-23' WHERE e_id = 217;
UPDATE employee SET emp_dob = '1979-09-19' WHERE e_id = 218;
UPDATE employee SET emp_dob = '1990-06-10' WHERE e_id = 219;
UPDATE employee SET emp_dob = '1999-01-15' WHERE e_id = 220;
UPDATE employee SET emp_dob = '1980-01-16' WHERE e_id = 221;
UPDATE employee SET emp_dob = '1990-11-07' WHERE e_id = 222;
UPDATE employee SET emp_dob = '1987-01-26' WHERE e_id = 223;
UPDATE employee SET emp_dob = '1990-10-19' WHERE e_id = 224;
UPDATE employee SET emp_dob = '1977-12-30' WHERE e_id = 225;
UPDATE employee SET emp_dob = '1979-10-30' WHERE e_id = 226;
UPDATE employee SET emp_dob = '1979-11-08' WHERE e_id = 227;
UPDATE employee SET emp_dob = '1982-03-14' WHERE e_id = 228;
UPDATE employee SET emp_dob = '1970-08-16' WHERE e_id = 229;
UPDATE employee SET emp_dob = '1976-12-14' WHERE e_id = 230;
UPDATE employee SET emp_dob = '1993-04-25' WHERE e_id = 231;
UPDATE employee SET emp_dob = '1997-03-04' WHERE e_id = 232;
UPDATE employee SET emp_dob = '2000-02-21' WHERE e_id = 233;
UPDATE employee SET emp_dob = '1972-03-18' WHERE e_id = 234;
UPDATE employee SET emp_dob = '1973-09-05' WHERE e_id = 235;
UPDATE employee SET emp_dob = '1994-08-17' WHERE e_id = 236;
UPDATE employee SET emp_dob = '1988-03-18' WHERE e_id = 237;
UPDATE employee SET emp_dob = '1976-10-05' WHERE e_id = 238;
UPDATE employee SET emp_dob = '1986-03-11' WHERE e_id = 239;
UPDATE employee SET emp_dob = '1999-08-23' WHERE e_id = 240;
UPDATE employee SET emp_dob = '1979-07-17' WHERE e_id = 241;
UPDATE employee SET emp_dob = '1995-04-01' WHERE e_id = 242;
UPDATE employee SET emp_dob = '1993-03-20' WHERE e_id = 243;
UPDATE employee SET emp_dob = '1970-11-16' WHERE e_id = 244;
UPDATE employee SET emp_dob = '1989-04-10' WHERE e_id = 245;
UPDATE employee SET emp_dob = '1985-03-18' WHERE e_id = 246;
UPDATE employee SET emp_dob = '1993-03-31' WHERE e_id = 247;
UPDATE employee SET emp_dob = '1984-10-10' WHERE e_id = 248;
UPDATE employee SET emp_dob = '1999-12-29' WHERE e_id = 249;
UPDATE employee SET emp_dob = '1977-01-29' WHERE e_id = 250;
UPDATE employee SET emp_dob = '1990-02-27' WHERE e_id = 251;
UPDATE employee SET emp_dob = '1982-03-20' WHERE e_id = 252;
UPDATE employee SET emp_dob = '1997-01-03' WHERE e_id = 253;
UPDATE employee SET emp_dob = '1978-12-21' WHERE e_id = 254;
UPDATE employee SET emp_dob = '1974-09-21' WHERE e_id = 255;
UPDATE employee SET emp_dob = '1987-01-01' WHERE e_id = 256;
UPDATE employee SET emp_dob = '1995-03-22' WHERE e_id = 257;
UPDATE employee SET emp_dob = '1978-06-14' WHERE e_id = 258;
UPDATE employee SET emp_dob = '1996-05-01' WHERE e_id = 259;
UPDATE employee SET emp_dob = '1989-01-07' WHERE e_id = 260;
UPDATE employee SET emp_dob = '1974-10-27' WHERE e_id = 261;
UPDATE employee SET emp_dob = '1977-11-24' WHERE e_id = 262;
UPDATE employee SET emp_dob = '2000-07-29' WHERE e_id = 263;
UPDATE employee SET emp_dob = '1991-07-20' WHERE e_id = 264;
UPDATE employee SET emp_dob = '1998-07-18' WHERE e_id = 265;
UPDATE employee SET emp_dob = '1973-04-05' WHERE e_id = 266;
UPDATE employee SET emp_dob = '1981-07-22' WHERE e_id = 267;
UPDATE employee SET emp_dob = '1975-08-11' WHERE e_id = 268;
UPDATE employee SET emp_dob = '1999-01-30' WHERE e_id = 269;
UPDATE employee SET emp_dob = '1978-02-12' WHERE e_id = 270;
UPDATE employee SET emp_dob = '1981-03-24' WHERE e_id = 271;
UPDATE employee SET emp_dob = '1977-05-02' WHERE e_id = 272;
UPDATE employee SET emp_dob = '1984-09-14' WHERE e_id = 273;
UPDATE employee SET emp_dob = '1998-11-29' WHERE e_id = 274;
UPDATE employee SET emp_dob = '1970-12-20' WHERE e_id = 275;
UPDATE employee SET emp_dob = '1973-02-02' WHERE e_id = 276;
UPDATE employee SET emp_dob = '1987-04-12' WHERE e_id = 277;
UPDATE employee SET emp_dob = '1994-12-17' WHERE e_id = 278;
UPDATE employee SET emp_dob = '1976-01-30' WHERE e_id = 279;
UPDATE employee SET emp_dob = '1990-04-05' WHERE e_id = 280;
UPDATE employee SET emp_dob = '1979-01-04' WHERE e_id = 281;
UPDATE employee SET emp_dob = '1973-09-24' WHERE e_id = 282;
UPDATE employee SET emp_dob = '1988-09-15' WHERE e_id = 283;
UPDATE employee SET emp_dob = '1977-07-12' WHERE e_id = 284;
UPDATE employee SET emp_dob = '2000-01-30' WHERE e_id = 285;
UPDATE employee SET emp_dob = '1985-10-07' WHERE e_id = 286;
UPDATE employee SET emp_dob = '1991-10-19' WHERE e_id = 287;
UPDATE employee SET emp_dob = '1976-02-18' WHERE e_id = 288;
UPDATE employee SET emp_dob = '1982-02-23' WHERE e_id = 289;
UPDATE employee SET emp_dob = '1972-08-11' WHERE e_id = 290;
UPDATE employee SET emp_dob = '1995-07-21' WHERE e_id = 291;
UPDATE employee SET emp_dob = '1994-10-14' WHERE e_id = 292;
UPDATE employee SET emp_dob = '1971-08-01' WHERE e_id = 293;
UPDATE employee SET emp_dob = '1986-05-10' WHERE e_id = 294;
UPDATE employee SET emp_dob = '1973-01-03' WHERE e_id = 295;
UPDATE employee SET emp_dob = '1979-11-09' WHERE e_id = 296;
UPDATE employee SET emp_dob = '1989-03-31' WHERE e_id = 297;
UPDATE employee SET emp_dob = '1976-09-11' WHERE e_id = 298;
UPDATE employee SET emp_dob = '1993-10-19' WHERE e_id = 299;
UPDATE employee SET emp_dob = '1995-12-02' WHERE e_id = 300;
UPDATE employee SET emp_dob = '1995-04-15' WHERE e_id = 301;
UPDATE employee SET emp_dob = '1974-07-17' WHERE e_id = 302;
UPDATE employee SET emp_dob = '1970-09-06' WHERE e_id = 303;
UPDATE employee SET emp_dob = '1970-09-07' WHERE e_id = 304;
UPDATE employee SET emp_dob = '1998-01-08' WHERE e_id = 305;
UPDATE employee SET emp_dob = '1979-10-06' WHERE e_id = 306;
UPDATE employee SET emp_dob = '1986-10-13' WHERE e_id = 307;
UPDATE employee SET emp_dob = '1988-12-29' WHERE e_id = 308;
UPDATE employee SET emp_dob = '1993-08-20' WHERE e_id = 309;
UPDATE employee SET emp_dob = '1988-02-01' WHERE e_id = 310;
UPDATE employee SET emp_dob = '1991-09-28' WHERE e_id = 311;
UPDATE employee SET emp_dob = '1982-12-28' WHERE e_id = 312;
UPDATE employee SET emp_dob = '1973-03-02' WHERE e_id = 313;
UPDATE employee SET emp_dob = '1981-03-05' WHERE e_id = 314;
UPDATE employee SET emp_dob = '1979-07-24' WHERE e_id = 315;
UPDATE employee SET emp_dob = '1988-03-26' WHERE e_id = 316;
UPDATE employee SET emp_dob = '1971-04-30' WHERE e_id = 317;
UPDATE employee SET emp_dob = '1975-09-27' WHERE e_id = 318;
UPDATE employee SET emp_dob = '1988-02-24' WHERE e_id = 319;
UPDATE employee SET emp_dob = '1987-08-13' WHERE e_id = 320;
UPDATE employee SET emp_dob = '1990-02-17' WHERE e_id = 321;
UPDATE employee SET emp_dob = '1992-04-22' WHERE e_id = 322;
UPDATE employee SET emp_dob = '1970-03-27' WHERE e_id = 323;
UPDATE employee SET emp_dob = '1993-09-06' WHERE e_id = 324;
UPDATE employee SET emp_dob = '1973-12-18' WHERE e_id = 325;
UPDATE employee SET emp_dob = '1992-06-22' WHERE e_id = 326;
UPDATE employee SET emp_dob = '1992-07-05' WHERE e_id = 327;
UPDATE employee SET emp_dob = '1996-10-12' WHERE e_id = 328;
UPDATE employee SET emp_dob = '1973-07-11' WHERE e_id = 329;
UPDATE employee SET emp_dob = '1988-08-21' WHERE e_id = 330;
UPDATE employee SET emp_dob = '1971-02-24' WHERE e_id = 331;
UPDATE employee SET emp_dob = '1971-06-06' WHERE e_id = 332;
UPDATE employee SET emp_dob = '1998-06-03' WHERE e_id = 333;
UPDATE employee SET emp_dob = '1993-08-28' WHERE e_id = 334;
UPDATE employee SET emp_dob = '1996-05-26' WHERE e_id = 335;
UPDATE employee SET emp_dob = '1992-04-15' WHERE e_id = 336;
UPDATE employee SET emp_dob = '1974-08-01' WHERE e_id = 337;
UPDATE employee SET emp_dob = '1997-01-02' WHERE e_id = 338;
UPDATE employee SET emp_dob = '1991-03-14' WHERE e_id = 339;
UPDATE employee SET emp_dob = '1994-12-04' WHERE e_id = 340;
UPDATE employee SET emp_dob = '1978-12-25' WHERE e_id = 341;
UPDATE employee SET emp_dob = '1970-07-31' WHERE e_id = 342;
UPDATE employee SET emp_dob = '1994-11-09' WHERE e_id = 343;
UPDATE employee SET emp_dob = '1976-01-18' WHERE e_id = 344;
UPDATE employee SET emp_dob = '1980-07-26' WHERE e_id = 345;
UPDATE employee SET emp_dob = '1990-09-09' WHERE e_id = 346;
UPDATE employee SET emp_dob = '1992-02-16' WHERE e_id = 347;
UPDATE employee SET emp_dob = '1987-10-21' WHERE e_id = 348;
UPDATE employee SET emp_dob = '1996-08-29' WHERE e_id = 349;
UPDATE employee SET emp_dob = '1980-06-26' WHERE e_id = 350;
UPDATE employee SET emp_dob = '1978-07-04' WHERE e_id = 351;
UPDATE employee SET emp_dob = '1981-04-21' WHERE e_id = 352;
UPDATE employee SET emp_dob = '1985-12-21' WHERE e_id = 353;
UPDATE employee SET emp_dob = '1977-01-01' WHERE e_id = 354;
UPDATE employee SET emp_dob = '1977-06-04' WHERE e_id = 355;
UPDATE employee SET emp_dob = '1970-05-25' WHERE e_id = 356;
UPDATE employee SET emp_dob = '1994-02-07' WHERE e_id = 357;
UPDATE employee SET emp_dob = '1997-04-16' WHERE e_id = 358;
UPDATE employee SET emp_dob = '1994-01-18' WHERE e_id = 359;
UPDATE employee SET emp_dob = '1972-10-10' WHERE e_id = 360;
UPDATE employee SET emp_dob = '1987-04-01' WHERE e_id = 361;
UPDATE employee SET emp_dob = '1983-05-24' WHERE e_id = 362;
UPDATE employee SET emp_dob = '1974-04-30' WHERE e_id = 363;
UPDATE employee SET emp_dob = '2000-04-08' WHERE e_id = 364;
UPDATE employee SET emp_dob = '1997-05-11' WHERE e_id = 365;
UPDATE employee SET emp_dob = '1974-05-04' WHERE e_id = 366;
UPDATE employee SET emp_dob = '1987-06-20' WHERE e_id = 367;
UPDATE employee SET emp_dob = '1989-03-02' WHERE e_id = 368;
UPDATE employee SET emp_dob = '1976-09-19' WHERE e_id = 369;
UPDATE employee SET emp_dob = '1988-03-07' WHERE e_id = 370;
UPDATE employee SET emp_dob = '1983-10-13' WHERE e_id = 371;
UPDATE employee SET emp_dob = '1987-04-08' WHERE e_id = 372;
UPDATE employee SET emp_dob = '2000-10-13' WHERE e_id = 373;
UPDATE employee SET emp_dob = '1979-08-29' WHERE e_id = 374;
UPDATE employee SET emp_dob = '1997-01-30' WHERE e_id = 375;
UPDATE employee SET emp_dob = '1973-07-13' WHERE e_id = 376;
UPDATE employee SET emp_dob = '1974-08-12' WHERE e_id = 377;
UPDATE employee SET emp_dob = '1982-06-01' WHERE e_id = 378;
UPDATE employee SET emp_dob = '2000-11-29' WHERE e_id = 379;
UPDATE employee SET emp_dob = '1999-04-28' WHERE e_id = 380;
UPDATE employee SET emp_dob = '1999-09-11' WHERE e_id = 381;
UPDATE employee SET emp_dob = '1980-01-11' WHERE e_id = 382;
UPDATE employee SET emp_dob = '1986-11-08' WHERE e_id = 383;
UPDATE employee SET emp_dob = '1982-05-31' WHERE e_id = 384;
UPDATE employee SET emp_dob = '1979-06-14' WHERE e_id = 385;
UPDATE employee SET emp_dob = '1978-08-03' WHERE e_id = 386;
UPDATE employee SET emp_dob = '1977-01-04' WHERE e_id = 387;
UPDATE employee SET emp_dob = '1970-04-27' WHERE e_id = 388;
UPDATE employee SET emp_dob = '1994-09-08' WHERE e_id = 389;
UPDATE employee SET emp_dob = '1983-05-24' WHERE e_id = 390;
UPDATE employee SET emp_dob = '1991-05-12' WHERE e_id = 391;
UPDATE employee SET emp_dob = '1999-02-14' WHERE e_id = 392;
UPDATE employee SET emp_dob = '1972-01-29' WHERE e_id = 393;
UPDATE employee SET emp_dob = '1976-01-20' WHERE e_id = 394;
UPDATE employee SET emp_dob = '2000-10-20' WHERE e_id = 395;
UPDATE employee SET emp_dob = '1974-05-06' WHERE e_id = 396;
UPDATE employee SET emp_dob = '1993-08-08' WHERE e_id = 397;
UPDATE employee SET emp_dob = '1995-10-03' WHERE e_id = 398;
UPDATE employee SET emp_dob = '1973-10-15' WHERE e_id = 399;
UPDATE employee SET emp_dob = '2000-12-04' WHERE e_id = 400;
UPDATE employee SET emp_dob = '1988-07-14' WHERE e_id = 401;
UPDATE employee SET emp_dob = '1971-08-12' WHERE e_id = 402;
UPDATE employee SET emp_dob = '1989-01-01' WHERE e_id = 403;
UPDATE employee SET emp_dob = '1982-12-03' WHERE e_id = 404;
UPDATE employee SET emp_dob = '1974-06-17' WHERE e_id = 405;
UPDATE employee SET emp_dob = '1998-08-25' WHERE e_id = 406;
UPDATE employee SET emp_dob = '1986-08-01' WHERE e_id = 407;
UPDATE employee SET emp_dob = '1988-11-25' WHERE e_id = 408;
UPDATE employee SET emp_dob = '1985-09-18' WHERE e_id = 409;
UPDATE employee SET emp_dob = '1986-09-16' WHERE e_id = 410;
UPDATE employee SET emp_dob = '1976-12-22' WHERE e_id = 411;
UPDATE employee SET emp_dob = '1974-01-29' WHERE e_id = 412;
UPDATE employee SET emp_dob = '1987-01-31' WHERE e_id = 413;
UPDATE employee SET emp_dob = '1982-10-01' WHERE e_id = 414;
UPDATE employee SET emp_dob = '1981-04-17' WHERE e_id = 415;
UPDATE employee SET emp_dob = '1993-12-09' WHERE e_id = 416;
UPDATE employee SET emp_dob = '1989-05-25' WHERE e_id = 417;
UPDATE employee SET emp_dob = '1982-07-02' WHERE e_id = 418;
UPDATE employee SET emp_dob = '1987-06-01' WHERE e_id = 419;
UPDATE employee SET emp_dob = '1974-03-29' WHERE e_id = 420;
UPDATE employee SET emp_dob = '1981-09-15' WHERE e_id = 421;
UPDATE employee SET emp_dob = '1985-06-13' WHERE e_id = 422;
UPDATE employee SET emp_dob = '1991-08-01' WHERE e_id = 423;
UPDATE employee SET emp_dob = '1990-11-23' WHERE e_id = 424;
UPDATE employee SET emp_dob = '1976-01-14' WHERE e_id = 425;
UPDATE employee SET emp_dob = '1975-01-01' WHERE e_id = 426;
UPDATE employee SET emp_dob = '1981-12-09' WHERE e_id = 427;
UPDATE employee SET emp_dob = '1976-01-07' WHERE e_id = 428;
UPDATE employee SET emp_dob = '1999-08-11' WHERE e_id = 429;
UPDATE employee SET emp_dob = '1999-01-25' WHERE e_id = 430;
UPDATE employee SET emp_dob = '1973-08-09' WHERE e_id = 431;
UPDATE employee SET emp_dob = '1976-09-17' WHERE e_id = 432;
UPDATE employee SET emp_dob = '1993-08-20' WHERE e_id = 433;
UPDATE employee SET emp_dob = '1975-08-05' WHERE e_id = 434;
UPDATE employee SET emp_dob = '1995-08-19' WHERE e_id = 435;
UPDATE employee SET emp_dob = '1978-06-07' WHERE e_id = 436;
UPDATE employee SET emp_dob = '1978-06-14' WHERE e_id = 437;
UPDATE employee SET emp_dob = '1970-03-30' WHERE e_id = 438;
UPDATE employee SET emp_dob = '1975-08-03' WHERE e_id = 439;
UPDATE employee SET emp_dob = '1990-06-24' WHERE e_id = 440;
UPDATE employee SET emp_dob = '1975-08-17' WHERE e_id = 441;
UPDATE employee SET emp_dob = '1992-10-23' WHERE e_id = 442;
UPDATE employee SET emp_dob = '1988-02-22' WHERE e_id = 443;
UPDATE employee SET emp_dob = '1991-11-11' WHERE e_id = 444;
UPDATE employee SET emp_dob = '1996-04-04' WHERE e_id = 445;
UPDATE employee SET emp_dob = '1982-05-10' WHERE e_id = 446;
UPDATE employee SET emp_dob = '1974-09-03' WHERE e_id = 447;
UPDATE employee SET emp_dob = '1970-12-20' WHERE e_id = 448;
UPDATE employee SET emp_dob = '1994-10-02' WHERE e_id = 449;
UPDATE employee SET emp_dob = '1976-10-19' WHERE e_id = 450;
UPDATE employee SET emp_dob = '1987-11-13' WHERE e_id = 451;
UPDATE employee SET emp_dob = '1974-06-17' WHERE e_id = 452;
UPDATE employee SET emp_dob = '1973-09-22' WHERE e_id = 453;
UPDATE employee SET emp_dob = '1977-09-16' WHERE e_id = 454;
UPDATE employee SET emp_dob = '1974-09-22' WHERE e_id = 455;
UPDATE employee SET emp_dob = '1986-01-27' WHERE e_id = 456;
UPDATE employee SET emp_dob = '1996-04-10' WHERE e_id = 457;
UPDATE employee SET emp_dob = '1990-03-20' WHERE e_id = 458;
UPDATE employee SET emp_dob = '1999-01-02' WHERE e_id = 459;
UPDATE employee SET emp_dob = '1974-03-06' WHERE e_id = 460;
UPDATE employee SET emp_dob = '1976-03-15' WHERE e_id = 461;
UPDATE employee SET emp_dob = '1976-01-10' WHERE e_id = 462;
UPDATE employee SET emp_dob = '1999-04-04' WHERE e_id = 463;
UPDATE employee SET emp_dob = '1994-11-12' WHERE e_id = 464;
UPDATE employee SET emp_dob = '1986-01-11' WHERE e_id = 465;
UPDATE employee SET emp_dob = '1987-10-05' WHERE e_id = 466;
UPDATE employee SET emp_dob = '1977-06-17' WHERE e_id = 467;
UPDATE employee SET emp_dob = '1973-07-23' WHERE e_id = 468;
UPDATE employee SET emp_dob = '1977-07-06' WHERE e_id = 469;
UPDATE employee SET emp_dob = '1979-02-02' WHERE e_id = 470;
UPDATE employee SET emp_dob = '1993-03-30' WHERE e_id = 471;
UPDATE employee SET emp_dob = '1993-11-16' WHERE e_id = 472;
UPDATE employee SET emp_dob = '1974-04-14' WHERE e_id = 473;
UPDATE employee SET emp_dob = '1996-11-10' WHERE e_id = 474;
UPDATE employee SET emp_dob = '1977-01-08' WHERE e_id = 475;
UPDATE employee SET emp_dob = '1975-12-08' WHERE e_id = 476;
UPDATE employee SET emp_dob = '1996-07-02' WHERE e_id = 477;
UPDATE employee SET emp_dob = '1998-12-26' WHERE e_id = 478;
UPDATE employee SET emp_dob = '1980-10-11' WHERE e_id = 479;
UPDATE employee SET emp_dob = '1991-06-07' WHERE e_id = 480;
UPDATE employee SET emp_dob = '2000-06-21' WHERE e_id = 481;
UPDATE employee SET emp_dob = '1992-12-27' WHERE e_id = 482;
UPDATE employee SET emp_dob = '1993-05-19' WHERE e_id = 483;
UPDATE employee SET emp_dob = '1977-07-11' WHERE e_id = 484;
UPDATE employee SET emp_dob = '2000-02-22' WHERE e_id = 485;
UPDATE employee SET emp_dob = '1979-11-02' WHERE e_id = 486;
UPDATE employee SET emp_dob = '1997-07-24' WHERE e_id = 487;
UPDATE employee SET emp_dob = '1976-03-28' WHERE e_id = 488;
UPDATE employee SET emp_dob = '1996-10-15' WHERE e_id = 489;
UPDATE employee SET emp_dob = '1972-11-08' WHERE e_id = 490;
UPDATE employee SET emp_dob = '1999-11-06' WHERE e_id = 491;
UPDATE employee SET emp_dob = '1977-11-13' WHERE e_id = 492;
UPDATE employee SET emp_dob = '1993-02-14' WHERE e_id = 493;
UPDATE employee SET emp_dob = '1982-08-14' WHERE e_id = 494;
UPDATE employee SET emp_dob = '1996-11-05' WHERE e_id = 495;
UPDATE employee SET emp_dob = '1977-07-03' WHERE e_id = 496;
UPDATE employee SET emp_dob = '1977-04-01' WHERE e_id = 497;
UPDATE employee SET emp_dob = '1976-08-05' WHERE e_id = 498;
UPDATE employee SET emp_dob = '1980-11-05' WHERE e_id = 499;
UPDATE employee SET emp_dob = '1973-08-30' WHERE e_id = 500;
UPDATE employee SET emp_dob = '1995-12-28' WHERE e_id = 501;
UPDATE employee SET emp_dob = '1998-12-08' WHERE e_id = 502;
UPDATE employee SET emp_dob = '1980-10-28' WHERE e_id = 503;
UPDATE employee SET emp_dob = '1995-09-16' WHERE e_id = 504;
UPDATE employee SET emp_dob = '1991-04-24' WHERE e_id = 505;
UPDATE employee SET emp_dob = '1982-04-18' WHERE e_id = 506;
UPDATE employee SET emp_dob = '1977-07-03' WHERE e_id = 507;
UPDATE employee SET emp_dob = '1990-03-11' WHERE e_id = 508;
UPDATE employee SET emp_dob = '1986-09-25' WHERE e_id = 509;
UPDATE employee SET emp_dob = '1985-01-30' WHERE e_id = 510;
UPDATE employee SET emp_dob = '1997-02-03' WHERE e_id = 511;
UPDATE employee SET emp_dob = '1981-04-17' WHERE e_id = 512;
UPDATE employee SET emp_dob = '1995-06-17' WHERE e_id = 513;
UPDATE employee SET emp_dob = '1984-03-20' WHERE e_id = 514;
UPDATE employee SET emp_dob = '1991-12-29' WHERE e_id = 515;
UPDATE employee SET emp_dob = '1993-12-01' WHERE e_id = 516;
UPDATE employee SET emp_dob = '1995-08-28' WHERE e_id = 517;
UPDATE employee SET emp_dob = '1978-12-15' WHERE e_id = 518;
UPDATE employee SET emp_dob = '1985-07-21' WHERE e_id = 519;
UPDATE employee SET emp_dob = '1996-12-19' WHERE e_id = 520;
UPDATE employee SET emp_dob = '1995-10-29' WHERE e_id = 521;
UPDATE employee SET emp_dob = '1992-02-24' WHERE e_id = 522;
UPDATE employee SET emp_dob = '1973-12-07' WHERE e_id = 523;
UPDATE employee SET emp_dob = '1987-04-13' WHERE e_id = 524;
UPDATE employee SET emp_dob = '1988-07-02' WHERE e_id = 525;
UPDATE employee SET emp_dob = '1993-08-18' WHERE e_id = 526;
UPDATE employee SET emp_dob = '1986-11-08' WHERE e_id = 527;
UPDATE employee SET emp_dob = '1997-04-02' WHERE e_id = 528;
UPDATE employee SET emp_dob = '1997-09-06' WHERE e_id = 529;
UPDATE employee SET emp_dob = '1997-09-16' WHERE e_id = 530;
UPDATE employee SET emp_dob = '1997-05-10' WHERE e_id = 531;
UPDATE employee SET emp_dob = '1996-08-29' WHERE e_id = 532;
UPDATE employee SET emp_dob = '1981-04-10' WHERE e_id = 533;
UPDATE employee SET emp_dob = '1972-12-11' WHERE e_id = 534;
UPDATE employee SET emp_dob = '1974-07-26' WHERE e_id = 535;
UPDATE employee SET emp_dob = '2000-07-17' WHERE e_id = 536;
UPDATE employee SET emp_dob = '1977-01-02' WHERE e_id = 537;
UPDATE employee SET emp_dob = '1991-04-01' WHERE e_id = 538;
UPDATE employee SET emp_dob = '1986-10-20' WHERE e_id = 539;
UPDATE employee SET emp_dob = '1993-11-24' WHERE e_id = 540;
UPDATE employee SET emp_dob = '1976-07-19' WHERE e_id = 541;
UPDATE employee SET emp_dob = '2000-08-14' WHERE e_id = 542;
UPDATE employee SET emp_dob = '1996-03-02' WHERE e_id = 543;
UPDATE employee SET emp_dob = '1990-05-02' WHERE e_id = 544;
UPDATE employee SET emp_dob = '1992-03-06' WHERE e_id = 545;
UPDATE employee SET emp_dob = '1998-06-05' WHERE e_id = 546;
UPDATE employee SET emp_dob = '1973-06-19' WHERE e_id = 547;
UPDATE employee SET emp_dob = '1988-12-29' WHERE e_id = 548;
UPDATE employee SET emp_dob = '1983-07-11' WHERE e_id = 549;
UPDATE employee SET emp_dob = '1997-02-20' WHERE e_id = 550;
UPDATE employee SET emp_dob = '1994-12-15' WHERE e_id = 551;
UPDATE employee SET emp_dob = '1980-02-02' WHERE e_id = 552;
UPDATE employee SET emp_dob = '2000-10-11' WHERE e_id = 553;
UPDATE employee SET emp_dob = '1981-04-30' WHERE e_id = 554;
UPDATE employee SET emp_dob = '1972-06-23' WHERE e_id = 555;
UPDATE employee SET emp_dob = '2000-08-09' WHERE e_id = 556;
UPDATE employee SET emp_dob = '1971-05-30' WHERE e_id = 557;
UPDATE employee SET emp_dob = '1995-09-25' WHERE e_id = 558;
UPDATE employee SET emp_dob = '1976-02-24' WHERE e_id = 559;
UPDATE employee SET emp_dob = '1978-01-19' WHERE e_id = 560;
UPDATE employee SET emp_dob = '1975-02-23' WHERE e_id = 561;
UPDATE employee SET emp_dob = '1991-02-04' WHERE e_id = 562;
UPDATE employee SET emp_dob = '1999-04-10' WHERE e_id = 563;
UPDATE employee SET emp_dob = '1998-01-12' WHERE e_id = 564;
UPDATE employee SET emp_dob = '1985-05-06' WHERE e_id = 565;
UPDATE employee SET emp_dob = '1980-08-02' WHERE e_id = 566;
UPDATE employee SET emp_dob = '1976-07-20' WHERE e_id = 567;
UPDATE employee SET emp_dob = '1987-09-03' WHERE e_id = 568;
UPDATE employee SET emp_dob = '1999-01-10' WHERE e_id = 569;
UPDATE employee SET emp_dob = '1980-02-19' WHERE e_id = 570;
UPDATE employee SET emp_dob = '1997-04-27' WHERE e_id = 571;
UPDATE employee SET emp_dob = '1998-07-07' WHERE e_id = 572;
UPDATE employee SET emp_dob = '1997-11-13' WHERE e_id = 573;
UPDATE employee SET emp_dob = '1981-04-29' WHERE e_id = 574;
UPDATE employee SET emp_dob = '1986-01-25' WHERE e_id = 575;
UPDATE employee SET emp_dob = '1989-01-06' WHERE e_id = 576;
UPDATE employee SET emp_dob = '1998-10-03' WHERE e_id = 577;
UPDATE employee SET emp_dob = '1995-04-24' WHERE e_id = 578;
UPDATE employee SET emp_dob = '1978-09-27' WHERE e_id = 579;
UPDATE employee SET emp_dob = '1992-12-16' WHERE e_id = 580;
UPDATE employee SET emp_dob = '1990-03-14' WHERE e_id = 581;
UPDATE employee SET emp_dob = '1971-12-11' WHERE e_id = 582;
UPDATE employee SET emp_dob = '1974-03-28' WHERE e_id = 583;
UPDATE employee SET emp_dob = '1991-04-29' WHERE e_id = 584;
UPDATE employee SET emp_dob = '1974-03-25' WHERE e_id = 585;
UPDATE employee SET emp_dob = '1976-04-11' WHERE e_id = 586;
UPDATE employee SET emp_dob = '1991-07-27' WHERE e_id = 587;
UPDATE employee SET emp_dob = '1995-12-25' WHERE e_id = 588;
UPDATE employee SET emp_dob = '1977-08-07' WHERE e_id = 589;
UPDATE employee SET emp_dob = '1986-04-28' WHERE e_id = 590;
UPDATE employee SET emp_dob = '1984-03-04' WHERE e_id = 591;
UPDATE employee SET emp_dob = '1989-09-24' WHERE e_id = 592;
UPDATE employee SET emp_dob = '1970-11-23' WHERE e_id = 593;
UPDATE employee SET emp_dob = '1980-03-06' WHERE e_id = 594;
UPDATE employee SET emp_dob = '1998-11-07' WHERE e_id = 595;
UPDATE employee SET emp_dob = '1974-08-04' WHERE e_id = 596;
UPDATE employee SET emp_dob = '1994-10-26' WHERE e_id = 597;
UPDATE employee SET emp_dob = '1985-03-04' WHERE e_id = 598;
UPDATE employee SET emp_dob = '1983-10-26' WHERE e_id = 599;
UPDATE employee SET emp_dob = '1979-03-12' WHERE e_id = 600;
UPDATE employee SET emp_dob = '1973-12-31' WHERE e_id = 601;
UPDATE employee SET emp_dob = '2000-08-02' WHERE e_id = 602;
UPDATE employee SET emp_dob = '1999-05-17' WHERE e_id = 603;
UPDATE employee SET emp_dob = '1993-10-02' WHERE e_id = 604;
UPDATE employee SET emp_dob = '1973-02-06' WHERE e_id = 605;
UPDATE employee SET emp_dob = '1999-07-06' WHERE e_id = 606;
UPDATE employee SET emp_dob = '1983-05-19' WHERE e_id = 607;
UPDATE employee SET emp_dob = '1983-06-08' WHERE e_id = 608;
UPDATE employee SET emp_dob = '1978-09-09' WHERE e_id = 609;
UPDATE employee SET emp_dob = '1999-04-06' WHERE e_id = 610;
UPDATE employee SET emp_dob = '1994-03-05' WHERE e_id = 611;
UPDATE employee SET emp_dob = '1998-11-28' WHERE e_id = 612;
UPDATE employee SET emp_dob = '1974-01-15' WHERE e_id = 613;
UPDATE employee SET emp_dob = '1971-03-30' WHERE e_id = 614;
UPDATE employee SET emp_dob = '1974-11-30' WHERE e_id = 615;
UPDATE employee SET emp_dob = '1998-06-25' WHERE e_id = 616;
UPDATE employee SET emp_dob = '1980-03-10' WHERE e_id = 617;
UPDATE employee SET emp_dob = '1999-12-13' WHERE e_id = 618;
UPDATE employee SET emp_dob = '1998-06-25' WHERE e_id = 619;
UPDATE employee SET emp_dob = '1993-09-28' WHERE e_id = 620;
UPDATE employee SET emp_dob = '1994-01-02' WHERE e_id = 621;
UPDATE employee SET emp_dob = '1998-12-13' WHERE e_id = 622;
UPDATE employee SET emp_dob = '1996-11-02' WHERE e_id = 623;
UPDATE employee SET emp_dob = '1982-01-08' WHERE e_id = 624;
UPDATE employee SET emp_dob = '1993-07-28' WHERE e_id = 625;
UPDATE employee SET emp_dob = '1976-09-10' WHERE e_id = 626;
UPDATE employee SET emp_dob = '1984-06-10' WHERE e_id = 627;
UPDATE employee SET emp_dob = '1984-01-08' WHERE e_id = 628;
UPDATE employee SET emp_dob = '1987-01-04' WHERE e_id = 629;
UPDATE employee SET emp_dob = '2000-08-28' WHERE e_id = 630;
UPDATE employee SET emp_dob = '1973-10-08' WHERE e_id = 631;
UPDATE employee SET emp_dob = '1971-10-04' WHERE e_id = 632;
UPDATE employee SET emp_dob = '1982-03-29' WHERE e_id = 633;
UPDATE employee SET emp_dob = '1974-01-30' WHERE e_id = 634;
UPDATE employee SET emp_dob = '1976-07-21' WHERE e_id = 635;
UPDATE employee SET emp_dob = '1995-02-28' WHERE e_id = 636;
UPDATE employee SET emp_dob = '1984-05-27' WHERE e_id = 637;
UPDATE employee SET emp_dob = '1970-11-15' WHERE e_id = 638;
UPDATE employee SET emp_dob = '1998-10-04' WHERE e_id = 639;
UPDATE employee SET emp_dob = '1982-12-14' WHERE e_id = 640;
UPDATE employee SET emp_dob = '1995-10-04' WHERE e_id = 641;
UPDATE employee SET emp_dob = '1984-12-04' WHERE e_id = 642;
UPDATE employee SET emp_dob = '1985-09-04' WHERE e_id = 643;
UPDATE employee SET emp_dob = '1979-05-23' WHERE e_id = 644;
UPDATE employee SET emp_dob = '1974-12-30' WHERE e_id = 645;
UPDATE employee SET emp_dob = '1975-10-25' WHERE e_id = 646;
UPDATE employee SET emp_dob = '1977-08-16' WHERE e_id = 647;
UPDATE employee SET emp_dob = '1989-04-30' WHERE e_id = 648;
UPDATE employee SET emp_dob = '1970-07-14' WHERE e_id = 649;
UPDATE employee SET emp_dob = '1995-10-28' WHERE e_id = 650;
UPDATE employee SET emp_dob = '1988-08-19' WHERE e_id = 651;
UPDATE employee SET emp_dob = '1978-03-01' WHERE e_id = 652;
UPDATE employee SET emp_dob = '1988-04-30' WHERE e_id = 653;
UPDATE employee SET emp_dob = '1993-12-20' WHERE e_id = 654;
UPDATE employee SET emp_dob = '1986-09-08' WHERE e_id = 655;
UPDATE employee SET emp_dob = '1978-10-27' WHERE e_id = 656;
UPDATE employee SET emp_dob = '1998-01-26' WHERE e_id = 657;
UPDATE employee SET emp_dob = '1980-01-28' WHERE e_id = 658;
UPDATE employee SET emp_dob = '1992-05-14' WHERE e_id = 659;
UPDATE employee SET emp_dob = '1999-05-12' WHERE e_id = 660;
UPDATE employee SET emp_dob = '1985-04-16' WHERE e_id = 661;
UPDATE employee SET emp_dob = '1989-04-27' WHERE e_id = 662;
UPDATE employee SET emp_dob = '1976-11-09' WHERE e_id = 663;
UPDATE employee SET emp_dob = '1985-10-12' WHERE e_id = 664;
UPDATE employee SET emp_dob = '1976-01-21' WHERE e_id = 665;
UPDATE employee SET emp_dob = '1971-04-01' WHERE e_id = 666;
UPDATE employee SET emp_dob = '1976-01-24' WHERE e_id = 667;
UPDATE employee SET emp_dob = '1988-04-15' WHERE e_id = 668;
UPDATE employee SET emp_dob = '1986-10-16' WHERE e_id = 669;
UPDATE employee SET emp_dob = '1997-10-06' WHERE e_id = 670;
UPDATE employee SET emp_dob = '1970-07-21' WHERE e_id = 671;
UPDATE employee SET emp_dob = '1976-11-17' WHERE e_id = 672;
UPDATE employee SET emp_dob = '1977-04-27' WHERE e_id = 673;
UPDATE employee SET emp_dob = '1988-04-07' WHERE e_id = 674;
UPDATE employee SET emp_dob = '1985-11-28' WHERE e_id = 675;
UPDATE employee SET emp_dob = '1984-04-08' WHERE e_id = 676;
UPDATE employee SET emp_dob = '1975-08-30' WHERE e_id = 677;
UPDATE employee SET emp_dob = '1980-12-06' WHERE e_id = 678;
UPDATE employee SET emp_dob = '2000-03-02' WHERE e_id = 679;
UPDATE employee SET emp_dob = '1978-03-14' WHERE e_id = 680;
UPDATE employee SET emp_dob = '1978-05-28' WHERE e_id = 681;
UPDATE employee SET emp_dob = '1974-07-04' WHERE e_id = 682;
UPDATE employee SET emp_dob = '1986-04-09' WHERE e_id = 683;
UPDATE employee SET emp_dob = '1984-02-12' WHERE e_id = 684;
UPDATE employee SET emp_dob = '1997-01-13' WHERE e_id = 685;
UPDATE employee SET emp_dob = '1992-09-10' WHERE e_id = 686;
UPDATE employee SET emp_dob = '1974-12-16' WHERE e_id = 687;
UPDATE employee SET emp_dob = '1993-04-08' WHERE e_id = 688;
UPDATE employee SET emp_dob = '1991-01-11' WHERE e_id = 689;
UPDATE employee SET emp_dob = '1980-12-27' WHERE e_id = 690;
UPDATE employee SET emp_dob = '1991-01-20' WHERE e_id = 691;
UPDATE employee SET emp_dob = '1986-07-10' WHERE e_id = 692;
UPDATE employee SET emp_dob = '1990-05-21' WHERE e_id = 693;
UPDATE employee SET emp_dob = '1978-06-04' WHERE e_id = 694;
UPDATE employee SET emp_dob = '1995-12-02' WHERE e_id = 695;
UPDATE employee SET emp_dob = '1992-07-05' WHERE e_id = 696;
UPDATE employee SET emp_dob = '1985-11-09' WHERE e_id = 697;
UPDATE employee SET emp_dob = '1973-10-14' WHERE e_id = 698;
UPDATE employee SET emp_dob = '1986-02-06' WHERE e_id = 699;
UPDATE employee SET emp_dob = '2000-07-23' WHERE e_id = 700;

-- ALTER TABLE employee ADD COLUMN emp_age INT;

UPDATE employee SET emp_age = DATEDIFF(NOW(), emp_dob) / 365;


-- assmt begins

create trigger Customer_age_trigger before insert on customer for each row set
new.cust_age = 2023 - year(new.cust_dob);

create trigger Employee_age_update before insert on employee for each row set
new.emp_age = (2023 - new.emp_dob);

Delimiter ; //
CREATE TRIGGER Discount
Before
Insert
on order_table
for each row
BEGIN
IF (select cust_type from Customer where c_id = new.c_id) =
'premium' THEN
SET new.Discount := 20;
ELSEIF (select cust_type from Customer where c_id =
new.c_id) = 'imperia' THEN
SET new.Discount = 25;
ELSE
SET new.Discount = 10;
END IF;
END; //

-- SELECT USER();

-- SELECT year, SUM(profit) AS profit
--        FROM sales
--        GROUP BY year WITH ROLLUP;

-- SELECT cust_state, cust_city, cust_street, avg(cust_age) AS age_range
--        FROM customer
--        GROUP BY cust_state, cust_city, cust_street WITH ROLLUP;
       
-- below two queries are for checking..
       
/*select * from customer
order by cust_Street;

select avg(cust_age) from customer
group by cust_state
having cust_state='arkansas';*/

-- SELECT emp_state, emp_city, emp_street, avg(emp_age) AS age_range_emp
--        FROM employee
--        GROUP BY emp_state, emp_city, emp_street WITH ROLLUP;
--        
-- SELECT emp_state, emp_city, emp_street, avg(base_salary) AS salary_range_emp
--        FROM employee
--        GROUP BY emp_state, emp_city, emp_street WITH ROLLUP;
--        
-- SELECT emp_state, emp_city, emp_street, sum(base_salary) AS sum_salaries
--        FROM employee
--        GROUP BY emp_state, emp_city, emp_street WITH ROLLUP;
--        
-- SELECT
--          IF(GROUPING(emp_state), 'All states', emp_state) AS emp_state,
--          IF(GROUPING(emp_city), 'All cities', emp_city) AS emp_city,
--          IF(GROUPING(emp_street), 'All streets', emp_street) AS emp_street,
--          SUM(base_salary) AS sum_salaries
--        FROM employee
--        GROUP BY emp_state, emp_city, emp_street WITH ROLLUP;
--        
-- SELECT
--          IF(GROUPING(emp_state), 'All states', emp_state) AS emp_state,
--          IF(GROUPING(emp_city), 'All cities', emp_city) AS emp_city,
--          IF(GROUPING(emp_street), 'All streets', emp_street) AS emp_street,
--          avg(base_salary) AS salary_range_emp
--        FROM employee
--        GROUP BY emp_state, emp_city, emp_street WITH ROLLUP;
--        
-- SELECT
--          IF(GROUPING(cust_state), 'All states', cust_state) AS cust_state,
--          IF(GROUPING(cust_city), 'All cities', cust_city) AS cust_city,
--          IF(GROUPING(cust_street), 'All streets', cust_street) AS cust_street,
--          avg(cust_age) AS age_range_emp
--        FROM customer
--        GROUP BY cust_state, cust_city, cust_street WITH ROLLUP;
       
-- front end changes 

ALTER TABLE customer
ADD COLUMN username VARCHAR(255)  UNIQUE,
ADD COLUMN password VARCHAR(255);

ALTER TABLE contains_table
DROP FOREIGN KEY contains_table_ibfk_1;

ALTER TABLE contains_table
ADD CONSTRAINT contains_table_ibfk_1
FOREIGN KEY (p_id)
REFERENCES product(p_id)
ON DELETE CASCADE;

ALTER TABLE electronics
DROP FOREIGN KEY electronics_ibfk_1;

ALTER TABLE electronics
ADD CONSTRAINT electronics_ibfk_1
FOREIGN KEY (p_id)
REFERENCES product(p_id)
ON DELETE CASCADE;

ALTER TABLE clothing
DROP FOREIGN KEY clothing_ibfk_1;

ALTER TABLE clothing
ADD CONSTRAINT clothing_ibfk_1
FOREIGN KEY (p_id)
REFERENCES product(p_id)
ON DELETE CASCADE;

ALTER TABLE cosmetics
DROP FOREIGN KEY cosmetics_ibfk_1;

ALTER TABLE cosmetics
ADD CONSTRAINT cosmetics_ibfk_1
FOREIGN KEY (p_id)
REFERENCES product(p_id)
ON DELETE CASCADE;

ALTER TABLE consumables
DROP FOREIGN KEY consumables_ibfk_1;

ALTER TABLE consumables
ADD CONSTRAINT consumables_ibfk_1
FOREIGN KEY (p_id)
REFERENCES product(p_id)
ON DELETE CASCADE;

ALTER TABLE supplies
DROP FOREIGN KEY supplies_ibfk_1;

ALTER TABLE supplies
ADD CONSTRAINT supplies_ibfk_1
FOREIGN KEY (p_id)
REFERENCES product(p_id)
ON DELETE CASCADE;

ALTER TABLE delivers
DROP FOREIGN KEY delivers_ibfk_3;

ALTER TABLE delivers
ADD CONSTRAINT delivers_ibfk_3
FOREIGN KEY (e_id)
REFERENCES employee(e_id)
ON DELETE CASCADE;

ALTER TABLE emp_contact
DROP FOREIGN KEY emp_contact_ibfk_1;

ALTER TABLE emp_contact
ADD CONSTRAINT emp_contact_ibfk_1
FOREIGN KEY (e_id)
REFERENCES employee(e_id)
ON DELETE CASCADE;

ALTER TABLE increment
DROP FOREIGN KEY increment_ibfk_2;

ALTER TABLE increment
ADD CONSTRAINT increment_ibfk_2
FOREIGN KEY (e_id)
REFERENCES employee(e_id)
ON DELETE CASCADE;

ALTER TABLE manager
DROP FOREIGN KEY manager_ibfk_1;

ALTER TABLE manager
ADD CONSTRAINT manager_ibfk_1
FOREIGN KEY (e_id)
REFERENCES employee(e_id)
ON DELETE CASCADE;

ALTER TABLE performance
DROP FOREIGN KEY performance_ibfk_1;

ALTER TABLE performance
ADD CONSTRAINT performance_ibfk_1
FOREIGN KEY (e_id)
REFERENCES employee(e_id)
ON DELETE CASCADE;

ALTER TABLE works_for
DROP FOREIGN KEY works_for_ibfk_1;

ALTER TABLE works_for
ADD CONSTRAINT works_for_ibfk_1
FOREIGN KEY (e_id)
REFERENCES employee(e_id)
ON DELETE CASCADE;

ALTER TABLE cust_contact
DROP FOREIGN KEY cust_contact_ibfk_1;

ALTER TABLE cust_contact
ADD CONSTRAINT cust_contact_ibfk_1
FOREIGN KEY (c_id)
REFERENCES customer(c_id)
ON DELETE CASCADE;



-- Drop the existing c_id column
-- ALTER TABLE customer DROP COLUMN c_id;

-- Add a new c_id column with AUTO_INCREMENT
-- ALTER TABLE customer ADD COLUMN c_id INT AUTO_INCREMENT PRIMARY KEY;


UPDATE customer SET username='nikhil', password='hello' WHERE c_id=1;
UPDATE customer SET username='bnSOLhFC', password='hsYWYIOUiDCn' WHERE c_id=2;
UPDATE customer SET username='ZEecFDPA', password='wKuNVvRfBgSd' WHERE c_id=3;
UPDATE customer SET username='BmjmSVNs', password='VDCjUIrtbxga' WHERE c_id=4;
UPDATE customer SET username='BFQBstLi', password='wzjDLFHruxow' WHERE c_id=5;
UPDATE customer SET username='ZKnOogHM', password='oLsIwKUNgSXx' WHERE c_id=6;
UPDATE customer SET username='WJTvxBmb', password='FxdvqHGbitin' WHERE c_id=7;
UPDATE customer SET username='DJOLPjif', password='BxOnjYlqjXtt' WHERE c_id=8;
UPDATE customer SET username='lpZtfWRK', password='GTDbrRfXDovl' WHERE c_id=9;
UPDATE customer SET username='kBRcEaQO', password='BIZbJCLegbVB' WHERE c_id=10;
UPDATE customer SET username='axZUdZxH', password='ooFoVkGlUHNy' WHERE c_id=11;
UPDATE customer SET username='aICvmRXw', password='QzvUduzYPLgj' WHERE c_id=12;
UPDATE customer SET username='OftJrmaR', password='RoLriszBEBDN' WHERE c_id=13;
UPDATE customer SET username='AaUqCQar', password='aEZfoMmZZefZ' WHERE c_id=14;
UPDATE customer SET username='pMBJedGp', password='siFwRyAtCslm' WHERE c_id=15;
UPDATE customer SET username='BpbbwbDW', password='YjJgtYQHzlcg' WHERE c_id=16;
UPDATE customer SET username='VLeCXQPi', password='sbRNTaVnZjLe' WHERE c_id=17;
UPDATE customer SET username='lASXwcXk', password='pvuLsJqPWERh' WHERE c_id=18;
UPDATE customer SET username='EvHJGTvP', password='HlLAxRXvxUhE' WHERE c_id=19;
UPDATE customer SET username='ZGRuofYQ', password='xUuovWDUzvJh' WHERE c_id=20;
UPDATE customer SET username='GHthEhkM', password='GgDerdGGBHlV' WHERE c_id=21;
UPDATE customer SET username='fFHtpMvQ', password='EDjJHekfKqIV' WHERE c_id=22;
UPDATE customer SET username='jOvGgdCT', password='eUCOpNDcOFTs' WHERE c_id=23;
UPDATE customer SET username='SGsYfLwC', password='URqnMbWiXHxc' WHERE c_id=24;
UPDATE customer SET username='ULMgoHbf', password='tlwVkMxXgxCu' WHERE c_id=25;
UPDATE customer SET username='sToaotfV', password='oLPlHATXNyQr' WHERE c_id=26;
UPDATE customer SET username='GeYwnXBP', password='fKCDALVNaXPH' WHERE c_id=27;
UPDATE customer SET username='HjXLjEJF', password='iYZXKNCYyzID' WHERE c_id=28;
UPDATE customer SET username='aNMrqxoM', password='dPIjgRsLefyK' WHERE c_id=29;
UPDATE customer SET username='AXgLqXeh', password='QfrkFkQbKxzt' WHERE c_id=30;
UPDATE customer SET username='sbEiRVjE', password='SXqzUrKwMFwD' WHERE c_id=31;
UPDATE customer SET username='vViceCsI', password='IwwqmZxHbSmR' WHERE c_id=32;
UPDATE customer SET username='XEBEKVVb', password='jZXNyYpdmuJi' WHERE c_id=33;
UPDATE customer SET username='TcNSiukm', password='iDqvYKMmlZbV' WHERE c_id=34;
UPDATE customer SET username='frVaCLew', password='nOUsDNnZYzOk' WHERE c_id=35;
UPDATE customer SET username='SWTXfABH', password='iKlOhAOPSPxB' WHERE c_id=36;
UPDATE customer SET username='VsnWpqwC', password='DjZhkVMcsXQM' WHERE c_id=37;
UPDATE customer SET username='XxltuzXP', password='MEPOALWuvyYs' WHERE c_id=38;
UPDATE customer SET username='GOCbyzdE', password='kFmVQVqeMOaD' WHERE c_id=39;
UPDATE customer SET username='KltaBcDu', password='MkAWZUqvvLsA' WHERE c_id=40;
UPDATE customer SET username='rBiPJtOo', password='mbxghYSYAdrA' WHERE c_id=41;
UPDATE customer SET username='ZyNProPT', password='HgKhCDfkCYPc' WHERE c_id=42;
UPDATE customer SET username='DVrzeNMI', password='GqUdeDHhTTsk' WHERE c_id=43;
UPDATE customer SET username='lHAhYrOS', password='vEvlssVftbge' WHERE c_id=44;
UPDATE customer SET username='kJmhHpnt', password='oXwptgZNMVuP' WHERE c_id=45;
UPDATE customer SET username='KMIjceDc', password='paXcojDORrJQ' WHERE c_id=46;
UPDATE customer SET username='UwIVjraX', password='DgkRwgdDKFDN' WHERE c_id=47;
UPDATE customer SET username='FxjOtrGJ', password='SMWdqpepJeGt' WHERE c_id=48;
UPDATE customer SET username='aBvQvoOj', password='CMawsaUgTcxb' WHERE c_id=49;
UPDATE customer SET username='UdykVaEE', password='VrdQveLRSxgh' WHERE c_id=50;
UPDATE customer SET username='isaElNir', password='CFynObjFQCQs' WHERE c_id=51;
UPDATE customer SET username='RNyQjwxS', password='VgEeqBTAyHdM' WHERE c_id=52;
UPDATE customer SET username='HOAgNtWr', password='RknFQhULencK' WHERE c_id=53;
UPDATE customer SET username='KxTKudvO', password='FWCWHNnypeuB' WHERE c_id=54;
UPDATE customer SET username='VUZYQvHY', password='hzeNmLdVlKrq' WHERE c_id=55;
UPDATE customer SET username='vEDcKPzJ', password='DKWfypPFTEUi' WHERE c_id=56;
UPDATE customer SET username='XSWAxhFG', password='PoOrwkMmRjmX' WHERE c_id=57;
UPDATE customer SET username='RGkOPqDX', password='YYydbnXaRqkp' WHERE c_id=58;
UPDATE customer SET username='DHVSGQcU', password='PGoNOlupggwd' WHERE c_id=59;
UPDATE customer SET username='tgFmZHoU', password='huyqVXbduJtv' WHERE c_id=60;
UPDATE customer SET username='pAUaxSuj', password='kQOTdcNfQkxE' WHERE c_id=61;
UPDATE customer SET username='IaMXNkUB', password='ENmlQFCBAfSY' WHERE c_id=62;
UPDATE customer SET username='hUTSIczK', password='TmeCXPvQVoaq' WHERE c_id=63;
UPDATE customer SET username='CrPzVKbe', password='RAuGqZIlvwcr' WHERE c_id=64;
UPDATE customer SET username='xdYRzips', password='fjJiRVWQHLmS' WHERE c_id=65;
UPDATE customer SET username='QpbLofIg', password='AiSNFhRbyfcx' WHERE c_id=66;
UPDATE customer SET username='lqqXSMzA', password='eInEFwEwrWKJ' WHERE c_id=67;
UPDATE customer SET username='fesCJzhG', password='wmeeEUOuDbep' WHERE c_id=68;
UPDATE customer SET username='BCwzpMrM', password='rpJhFvonnoNz' WHERE c_id=69;
UPDATE customer SET username='ZObnFwTQ', password='ZRtSHsCgbCjx' WHERE c_id=70;
UPDATE customer SET username='sNVHxVTh', password='lTaLhgyxySaV' WHERE c_id=71;
UPDATE customer SET username='wUPddTIj', password='cZqfUhqxqzss' WHERE c_id=72;
UPDATE customer SET username='PczRqqBE', password='cwdjpEDYAOgr' WHERE c_id=73;
UPDATE customer SET username='cwqJTqIs', password='zGURCvVWQGSq' WHERE c_id=74;
UPDATE customer SET username='rypqCcxp', password='HJbVDBuGJpMa' WHERE c_id=75;
UPDATE customer SET username='qNQvsSoP', password='hdCbgGLGnmIm' WHERE c_id=76;
UPDATE customer SET username='LTWoaytN', password='ukDaPyHqUXQN' WHERE c_id=77;
UPDATE customer SET username='ALEQzoUO', password='NVkojybABmJa' WHERE c_id=78;
UPDATE customer SET username='RIjxTvFv', password='hPvzTXboCAqM' WHERE c_id=79;
UPDATE customer SET username='TzIALROV', password='JsJdVKmXaqOY' WHERE c_id=80;
UPDATE customer SET username='XRhCQiNE', password='oCWDmFALNAYU' WHERE c_id=81;
UPDATE customer SET username='WGVziwxb', password='lGZYIKdpAQHy' WHERE c_id=82;
UPDATE customer SET username='rNElExoG', password='DykJxjAMTgEg' WHERE c_id=83;
UPDATE customer SET username='tkmSAYwr', password='lNeOBwSXYLon' WHERE c_id=84;
UPDATE customer SET username='TuijJRYz', password='xsLczPaZilyW' WHERE c_id=85;
UPDATE customer SET username='vuYuKYuR', password='ToBgovpWzIDZ' WHERE c_id=86;
UPDATE customer SET username='apayXVXj', password='oMXUzzDvDSpS' WHERE c_id=87;
UPDATE customer SET username='NjpUPPYX', password='VzrYByVLwdzz' WHERE c_id=88;
UPDATE customer SET username='rtisaFQQ', password='jdAaerIJfSaN' WHERE c_id=89;
UPDATE customer SET username='mIGuKbXK', password='bCbYyQcGTWEK' WHERE c_id=90;
UPDATE customer SET username='xDEfiLXt', password='RmyUIrOIlnYg' WHERE c_id=91;
UPDATE customer SET username='bimMUIIz', password='loxOzrsDUgIv' WHERE c_id=92;
UPDATE customer SET username='xbIOCFxD', password='jAmuQIktRRpw' WHERE c_id=93;
UPDATE customer SET username='iolAqTnE', password='WvOUQIozlGrS' WHERE c_id=94;
UPDATE customer SET username='wWSUalXA', password='UDiwCrVOTKek' WHERE c_id=95;
UPDATE customer SET username='GScFcPvr', password='itGXAQLIowOG' WHERE c_id=96;
UPDATE customer SET username='aEQUzRHl', password='PdvESdErkJAT' WHERE c_id=97;
UPDATE customer SET username='ajULsUkr', password='iERfdSGMTIQO' WHERE c_id=98;
UPDATE customer SET username='uvVPhDnf', password='svuVFxmWLSRV' WHERE c_id=99;
UPDATE customer SET username='qwdJIoSc', password='kiCTtRQVtFWj' WHERE c_id=100;
UPDATE customer SET username='toWqLBpd', password='fBEYWQgFpKAo' WHERE c_id=101;
UPDATE customer SET username='cNHwlnSG', password='fEmnNOLUeFmr' WHERE c_id=102;
UPDATE customer SET username='vZUDtiaU', password='FdgMossAFeon' WHERE c_id=103;
UPDATE customer SET username='fkLsVbDl', password='eGDZFdcAKOVQ' WHERE c_id=104;
UPDATE customer SET username='TujpVXDd', password='jYxMHgZaAtwp' WHERE c_id=105;
UPDATE customer SET username='DkBleKrZ', password='QdVDRDrWLklV' WHERE c_id=106;
UPDATE customer SET username='fFAcKztX', password='CafGEFYRWjCh' WHERE c_id=107;
UPDATE customer SET username='XKSbDKQQ', password='vLwlEExbdaiX' WHERE c_id=108;
UPDATE customer SET username='URjkWWVj', password='cFrlyEfGTxdJ' WHERE c_id=109;
UPDATE customer SET username='RejUYTzy', password='mfPCOEeemLlz' WHERE c_id=110;
UPDATE customer SET username='RNZHxyOX', password='ihROwwQezuaN' WHERE c_id=111;
UPDATE customer SET username='RmydGJKk', password='qoXkWtnVyeVB' WHERE c_id=112;
UPDATE customer SET username='lJoskkkT', password='BcrVgYjlWQkv' WHERE c_id=113;
UPDATE customer SET username='fSKZKohI', password='GzFfBVpXctZK' WHERE c_id=114;
UPDATE customer SET username='uAsbBOtK', password='oyTuHUpzWYVD' WHERE c_id=115;
UPDATE customer SET username='mimIjtxy', password='nevjkYJFAWTo' WHERE c_id=116;
UPDATE customer SET username='uJJsnTKs', password='hqywDUTzEPec' WHERE c_id=117;
UPDATE customer SET username='LWasvOHx', password='wYIsztDYgGbb' WHERE c_id=118;
UPDATE customer SET username='JnMrkeqT', password='bQaiYuGzznRL' WHERE c_id=119;
UPDATE customer SET username='kingqpLf', password='nRCxntEuyrpN' WHERE c_id=120;
UPDATE customer SET username='oPuNQhSt', password='XGqUchUTandp' WHERE c_id=121;
UPDATE customer SET username='AjPzrzWZ', password='PKItdVrYaSHg' WHERE c_id=122;
UPDATE customer SET username='BZICkSXV', password='SpbZtINRiqGO' WHERE c_id=123;
UPDATE customer SET username='kvrtPJeL', password='DTxzdXiDQWtF' WHERE c_id=124;
UPDATE customer SET username='VBEdFBKp', password='LhGLRLeWkMaI' WHERE c_id=125;
UPDATE customer SET username='pUUEDYyS', password='FWeWvWzvjjpj' WHERE c_id=126;
UPDATE customer SET username='CCQAgNHw', password='kmrFJJJSlylz' WHERE c_id=127;
UPDATE customer SET username='FZxEcCRw', password='utlgwNhdfjjB' WHERE c_id=128;
UPDATE customer SET username='rFwEfbHq', password='ZvgnGdBLGZHu' WHERE c_id=129;
UPDATE customer SET username='nggKHqmG', password='umwzEwRTflPz' WHERE c_id=130;
UPDATE customer SET username='jJtPHndt', password='PDsNIzcLYEgL' WHERE c_id=131;
UPDATE customer SET username='JcfnWGzQ', password='esQReOJhJEGi' WHERE c_id=132;
UPDATE customer SET username='zegqgtdC', password='oYfZLJAUOJZP' WHERE c_id=133;
UPDATE customer SET username='hbACuPxL', password='OZnNmCzvjwpW' WHERE c_id=134;
UPDATE customer SET username='LuUbGWgl', password='LahbvHOfzuft' WHERE c_id=135;
UPDATE customer SET username='IfqQMrax', password='KUlurNngLlVz' WHERE c_id=136;
UPDATE customer SET username='SfEIZazn', password='heWootygDXDf' WHERE c_id=137;
UPDATE customer SET username='AeyFWcTe', password='eSWglPtHKpQs' WHERE c_id=138;
UPDATE customer SET username='LnlxNwYk', password='msehwPmnXHiE' WHERE c_id=139;
UPDATE customer SET username='mygbaWzd', password='mbBLitoYIbso' WHERE c_id=140;
UPDATE customer SET username='OzpjJnpp', password='MNnhWGIpibsp' WHERE c_id=141;
UPDATE customer SET username='ErFJyIiB', password='OKKKlUtlCAdF' WHERE c_id=142;
UPDATE customer SET username='aVBJWnTC', password='GxNktRlFWoMJ' WHERE c_id=143;
UPDATE customer SET username='KpspVggc', password='fWkhRWjweIiz' WHERE c_id=144;
UPDATE customer SET username='NmdNWhjB', password='aEdgaxczoOOZ' WHERE c_id=145;
UPDATE customer SET username='KDvJNnhm', password='ZAdHxcRYgGpN' WHERE c_id=146;
UPDATE customer SET username='pybqHuNv', password='ubEqiOntnqMp' WHERE c_id=147;
UPDATE customer SET username='aIWOuMiu', password='RkaUPuCRYEMP' WHERE c_id=148;
UPDATE customer SET username='SpyRTHNC', password='rUTvBpiFsUon' WHERE c_id=149;
UPDATE customer SET username='KyqURGJZ', password='CJNHEsWByOKM' WHERE c_id=150;
UPDATE customer SET username='ZZdzJsAv', password='ZWSYYLYCJGcj' WHERE c_id=151;
UPDATE customer SET username='vGnsUMAS', password='zicWFrRCHIiI' WHERE c_id=152;
UPDATE customer SET username='LdhoouYJ', password='LFQniFWMkCVp' WHERE c_id=153;
UPDATE customer SET username='arXPoAIq', password='EvchyuQTSCtF' WHERE c_id=154;
UPDATE customer SET username='eXMEPRjq', password='jMYhBnxtOlyO' WHERE c_id=155;
UPDATE customer SET username='gJXTajvu', password='FiBNWMugjacH' WHERE c_id=156;
UPDATE customer SET username='BXRUsGTC', password='YaEWyQOvKrnS' WHERE c_id=157;
UPDATE customer SET username='syvYtQEg', password='ATtuOVnBgPXM' WHERE c_id=158;
UPDATE customer SET username='mbkYNNUQ', password='imUBEjBEbGuk' WHERE c_id=159;
UPDATE customer SET username='vVjEXAKb', password='myLagYCShluu' WHERE c_id=160;
UPDATE customer SET username='pqgJsYAM', password='whNBqmEZRnWM' WHERE c_id=161;
UPDATE customer SET username='puvdfOcF', password='zbmRqvJdYXaO' WHERE c_id=162;
UPDATE customer SET username='MoImKnur', password='kJDFhQepfmLT' WHERE c_id=163;
UPDATE customer SET username='SgDsDned', password='LqFOePWWUhTf' WHERE c_id=164;
UPDATE customer SET username='DPjTcLzF', password='VQCLRezJcdwP' WHERE c_id=165;
UPDATE customer SET username='uFLFslGS', password='puLIMAJGxkQw' WHERE c_id=166;
UPDATE customer SET username='hwJSylUo', password='wxdtBHDoeNWo' WHERE c_id=167;
UPDATE customer SET username='hWJmVhay', password='tVcfdHyhcfnr' WHERE c_id=168;
UPDATE customer SET username='zLzwCBsU', password='FqcdwBljlvDf' WHERE c_id=169;
UPDATE customer SET username='XGEobiJd', password='MvSFREqSeVRB' WHERE c_id=170;
UPDATE customer SET username='JEkzcWoV', password='udqpXvDejQJm' WHERE c_id=171;
UPDATE customer SET username='OLBOGJJs', password='BXiViWMNmrZV' WHERE c_id=172;
UPDATE customer SET username='HLCAlnYW', password='hJFQtwFUzNAB' WHERE c_id=173;
UPDATE customer SET username='uZWRSbkE', password='QwfaYYbGpLGc' WHERE c_id=174;
UPDATE customer SET username='CBfCIwhY', password='ZxWFDMbANjGT' WHERE c_id=175;
UPDATE customer SET username='PLyzUYOL', password='ylSGIKqTYtpR' WHERE c_id=176;
UPDATE customer SET username='DkvMASkT', password='lzPLrLshvPiD' WHERE c_id=177;
UPDATE customer SET username='FrkTJkef', password='szjSokJMGkPg' WHERE c_id=178;
UPDATE customer SET username='QyiCYBrE', password='NdhmqJNeOwMu' WHERE c_id=179;
UPDATE customer SET username='VcuHXgXC', password='CrBHHAWnWVDe' WHERE c_id=180;
UPDATE customer SET username='uXNeYCVT', password='VqbLtCLLMJkf' WHERE c_id=181;
UPDATE customer SET username='plbucibt', password='uvJpPzROWXMh' WHERE c_id=182;
UPDATE customer SET username='iXxUZKTo', password='DiJClukiwrPW' WHERE c_id=183;
UPDATE customer SET username='kqdcJepI', password='vnTQMTWKjtoS' WHERE c_id=184;
UPDATE customer SET username='iTmXecfJ', password='ktpZmXCkRZZw' WHERE c_id=185;
UPDATE customer SET username='KJpQAhko', password='BethcfTscqhn' WHERE c_id=186;
UPDATE customer SET username='LwUojsPw', password='CWtSPYPjBKFZ' WHERE c_id=187;
UPDATE customer SET username='ajjrnzVe', password='leypnEyObnRk' WHERE c_id=188;
UPDATE customer SET username='fuhemZMP', password='cJuuSAPEKSmr' WHERE c_id=189;
UPDATE customer SET username='brluuMOP', password='hJQYLZZkltxr' WHERE c_id=190;
UPDATE customer SET username='PGyGhEOB', password='TwMVubcMAdTY' WHERE c_id=191;
UPDATE customer SET username='eMUdWKMa', password='EOOrcjtWAvFT' WHERE c_id=192;
UPDATE customer SET username='oHnPfbiM', password='xcIYzvCIxldi' WHERE c_id=193;
UPDATE customer SET username='wDZRzzcx', password='jTVornpBEamT' WHERE c_id=194;
UPDATE customer SET username='hFQMwyyy', password='WKMFxgPmHLcu' WHERE c_id=195;
UPDATE customer SET username='IEIdekwx', password='SiFqWNaWYwED' WHERE c_id=196;
UPDATE customer SET username='obSzkyUk', password='CxhlbKVuGMOH' WHERE c_id=197;
UPDATE customer SET username='yTcFjCIh', password='UYmVOTObEmPI' WHERE c_id=198;
UPDATE customer SET username='xSpuovxC', password='cPvcBRuoRXAE' WHERE c_id=199;
UPDATE customer SET username='tdPEorWX', password='nnhcVrwoDabp' WHERE c_id=200;
UPDATE customer SET username='RMCaOFwg', password='KZprvUDJCriO' WHERE c_id=201;
UPDATE customer SET username='lytnoJfe', password='nNsLnTOMnhTc' WHERE c_id=202;
UPDATE customer SET username='aJVrlfND', password='grVcdsYPQaZk' WHERE c_id=203;
UPDATE customer SET username='sbjOcKzz', password='eBsAczaVUauz' WHERE c_id=204;
UPDATE customer SET username='MkKibLCX', password='MTBqGnxhKcef' WHERE c_id=205;
UPDATE customer SET username='pQyGcYKG', password='zJbYgvqLXuHc' WHERE c_id=206;
UPDATE customer SET username='JyGwoecv', password='GheLblToUkbG' WHERE c_id=207;
UPDATE customer SET username='HHHxYCXC', password='UahCyOtYaNmc' WHERE c_id=208;
UPDATE customer SET username='PdBkPOKF', password='uCdgeTbnkCtt' WHERE c_id=209;
UPDATE customer SET username='bjZJLXUo', password='LRiDZwETmBXX' WHERE c_id=210;
UPDATE customer SET username='GwMQdjLD', password='iloopebNsWal' WHERE c_id=211;
UPDATE customer SET username='xThNGISG', password='jznryrfOqHRc' WHERE c_id=212;
UPDATE customer SET username='wicyhvQr', password='waELGugBSSrB' WHERE c_id=213;
UPDATE customer SET username='XicJBxec', password='cnEuNedGKGKW' WHERE c_id=214;
UPDATE customer SET username='EDjVDtoN', password='eRCfhdgNCyQU' WHERE c_id=215;
UPDATE customer SET username='ORIbUGfN', password='ReSeHFuoMqto' WHERE c_id=216;
UPDATE customer SET username='gCGyoYjM', password='SQLrTMzVAtBi' WHERE c_id=217;
UPDATE customer SET username='wyObjSqH', password='CyzSwfqrIkXC' WHERE c_id=218;
UPDATE customer SET username='TmjIHbyw', password='mwxFxlbKmgzR' WHERE c_id=219;
UPDATE customer SET username='UgsDQUpm', password='HIqyjRSTwffy' WHERE c_id=220;
UPDATE customer SET username='TaLnCdGW', password='mNLxDEEVkWxS' WHERE c_id=221;
UPDATE customer SET username='hLUXBTcB', password='TQqrWxsCLcFr' WHERE c_id=222;
UPDATE customer SET username='LeEngSGH', password='yVNVutWSGrzO' WHERE c_id=223;
UPDATE customer SET username='peykruTX', password='TxiyngUhInmC' WHERE c_id=224;
UPDATE customer SET username='fZLovACp', password='IQspmKFRSdGs' WHERE c_id=225;
UPDATE customer SET username='OcSxBKrU', password='AannPIIcRVlj' WHERE c_id=226;
UPDATE customer SET username='XAyiTYCP', password='NhNXaghTMzfq' WHERE c_id=227;
UPDATE customer SET username='YuHfMsPR', password='AhCZsyJMhBcI' WHERE c_id=228;
UPDATE customer SET username='gdvxIFOP', password='LOdLZYABuVJc' WHERE c_id=229;
UPDATE customer SET username='IWECulVF', password='fjQebFlJTHlw' WHERE c_id=230;
UPDATE customer SET username='IfghsRQg', password='yVfWlwfTCXwR' WHERE c_id=231;
UPDATE customer SET username='gqyUxJnF', password='nxUjujhykctq' WHERE c_id=232;
UPDATE customer SET username='oVphNInv', password='MBsyxuXNUpMi' WHERE c_id=233;
UPDATE customer SET username='rFhPeTak', password='hZkmANDvSPYd' WHERE c_id=234;
UPDATE customer SET username='ZLUSlCEX', password='QvFQCMEvTihN' WHERE c_id=235;
UPDATE customer SET username='tAGgseJH', password='wohJNIhWiEEG' WHERE c_id=236;
UPDATE customer SET username='crjnyWww', password='WCIvWlRmdiEW' WHERE c_id=237;
UPDATE customer SET username='YpwtqDRq', password='sBslqPdryPew' WHERE c_id=238;
UPDATE customer SET username='bjXWJqat', password='IxDULobRiMrQ' WHERE c_id=239;
UPDATE customer SET username='eDZFIIaA', password='YtOuvmBwWUSU' WHERE c_id=240;
UPDATE customer SET username='NwsMijTv', password='mxeDJhdwyPTb' WHERE c_id=241;
UPDATE customer SET username='DSkjIPpC', password='JDQTDAUqejZD' WHERE c_id=242;
UPDATE customer SET username='kjhxnwXC', password='qKXmceqUbPMP' WHERE c_id=243;
UPDATE customer SET username='dypjtmDr', password='bhNTSiPCKbfE' WHERE c_id=244;
UPDATE customer SET username='EpfMKTOp', password='zGMbrdEhVFxD' WHERE c_id=245;
UPDATE customer SET username='cIaDHvyF', password='qlWsmPKszfXf' WHERE c_id=246;
UPDATE customer SET username='JxrgilWe', password='KegODXnGiaPG' WHERE c_id=247;
UPDATE customer SET username='GLREkqZW', password='YmoOWkFUusoA' WHERE c_id=248;
UPDATE customer SET username='kiNsXYYQ', password='KbvarFiviDhP' WHERE c_id=249;
UPDATE customer SET username='KZRHBCif', password='dQZnNZhFerDk' WHERE c_id=250;
UPDATE customer SET username='wJaqnNsU', password='MBtLyagdLkIK' WHERE c_id=251;
UPDATE customer SET username='gcczCQkb', password='fdSsaPporAqg' WHERE c_id=252;
UPDATE customer SET username='sIjoEZUz', password='wNqOeooAQabv' WHERE c_id=253;
UPDATE customer SET username='WKGkwbTM', password='UdvKkLteyEOC' WHERE c_id=254;
UPDATE customer SET username='wSeNojre', password='rQYLUmqgYroz' WHERE c_id=255;
UPDATE customer SET username='uMxPHjYv', password='HDwNVUBedVeO' WHERE c_id=256;
UPDATE customer SET username='JBOImoVY', password='LPkIuHMjRsgN' WHERE c_id=257;
UPDATE customer SET username='LPrguVaZ', password='lvmNHjoCxfXe' WHERE c_id=258;
UPDATE customer SET username='YdXMXQHJ', password='jjbOcHQJnWJn' WHERE c_id=259;
UPDATE customer SET username='hhsBHjNC', password='IuUNGDPXqdWw' WHERE c_id=260;
UPDATE customer SET username='ukqifcJi', password='rcvdXeSyEaSH' WHERE c_id=261;
UPDATE customer SET username='GBTnWypm', password='CaJCgdYXoHQd' WHERE c_id=262;
UPDATE customer SET username='PQfPLUkX', password='ibIOocpOybcb' WHERE c_id=263;
UPDATE customer SET username='tzlOtxyv', password='GgwmPnAaKUKz' WHERE c_id=264;
UPDATE customer SET username='haviCsfR', password='cLJBdgneRcBn' WHERE c_id=265;
UPDATE customer SET username='xamUeEgQ', password='iRGBfpfCGRce' WHERE c_id=266;
UPDATE customer SET username='zVpfToiB', password='EFCcpoZoDDTP' WHERE c_id=267;
UPDATE customer SET username='bqJPLAYK', password='MpLcGYsCJcLc' WHERE c_id=268;
UPDATE customer SET username='sElUSxQa', password='cBtAsqaJsRpR' WHERE c_id=269;
UPDATE customer SET username='xAcXuJVf', password='ZovbBgzhJFOi' WHERE c_id=270;
UPDATE customer SET username='LlwFIwUN', password='ctdRIeeniXwD' WHERE c_id=271;
UPDATE customer SET username='OLLKeTQp', password='jmKquXkqbYqZ' WHERE c_id=272;
UPDATE customer SET username='kITeiZKm', password='QnNekQVDTlbr' WHERE c_id=273;
UPDATE customer SET username='qKmJFCAR', password='NTrrwWcYqmjj' WHERE c_id=274;
UPDATE customer SET username='cbDgFkIB', password='wTTwipupydgJ' WHERE c_id=275;
UPDATE customer SET username='xGDnwAyJ', password='ZOspdZbqXwpI' WHERE c_id=276;
UPDATE customer SET username='jGydgucR', password='wIKhXAHcwPOz' WHERE c_id=277;
UPDATE customer SET username='JXrIDuoq', password='eLRNOooEwsPa' WHERE c_id=278;
UPDATE customer SET username='GHkUxxoe', password='gDBrVSQIikTo' WHERE c_id=279;
UPDATE customer SET username='FXVoYCXp', password='PTywiMTZnFeZ' WHERE c_id=280;
UPDATE customer SET username='yFvhgWhR', password='MMTRLifqzUVC' WHERE c_id=281;
UPDATE customer SET username='LnZkCJTx', password='PunZmqYYkMil' WHERE c_id=282;
UPDATE customer SET username='szYgZxso', password='gxKCgTmHayqS' WHERE c_id=283;
UPDATE customer SET username='hzJpchwR', password='AMApvFTcSqIh' WHERE c_id=284;
UPDATE customer SET username='HewrAKHb', password='OCIUJKuUKgBP' WHERE c_id=285;
UPDATE customer SET username='tjlSacXy', password='qqDCvuwbgFql' WHERE c_id=286;
UPDATE customer SET username='ZyTTbQte', password='EbvHdLZWKwBR' WHERE c_id=287;
UPDATE customer SET username='rETQlcOV', password='xSFymAPFOjmh' WHERE c_id=288;
UPDATE customer SET username='hSFHMwfD', password='SNEuWoxWksgi' WHERE c_id=289;
UPDATE customer SET username='mhRrVMjo', password='CuwXFEwrknuC' WHERE c_id=290;
UPDATE customer SET username='xyvtkpUA', password='xLwNBDyTuCdF' WHERE c_id=291;
UPDATE customer SET username='BJrfqOMR', password='JRXvSbPcIYeR' WHERE c_id=292;
UPDATE customer SET username='caeGaYmL', password='VOGBFmawDDrI' WHERE c_id=293;
UPDATE customer SET username='VAbsWist', password='nDlQpBMQvUtJ' WHERE c_id=294;
UPDATE customer SET username='fJLuiyVN', password='kejeJEYqTsTt' WHERE c_id=295;
UPDATE customer SET username='kHuUUTLv', password='apUJObZfMEoH' WHERE c_id=296;
UPDATE customer SET username='njzaZLYh', password='MmQMiDFzEeGk' WHERE c_id=297;
UPDATE customer SET username='BGjhWmys', password='WyrcszkHezeY' WHERE c_id=298;
UPDATE customer SET username='SGmqgxGT', password='OkbWvdUDesAR' WHERE c_id=299;
UPDATE customer SET username='IhNLHqnh', password='PRFGhEssQqKp' WHERE c_id=300;
UPDATE customer SET username='ByeCWXtW', password='hYLzZZTUkpZf' WHERE c_id=301;
UPDATE customer SET username='gIWBnWae', password='bNlBLqOKpvpP' WHERE c_id=302;
UPDATE customer SET username='aStGMQLX', password='ZbnZobXoWTAd' WHERE c_id=303;
UPDATE customer SET username='yChUeskA', password='YciWpMcdMUjs' WHERE c_id=304;
UPDATE customer SET username='KLaUxlbn', password='oNZMJpMIJnhR' WHERE c_id=305;
UPDATE customer SET username='ksHKvpuD', password='GcQePlCdGiyL' WHERE c_id=306;
UPDATE customer SET username='SQPBjBaK', password='kwEVXxZEdIfo' WHERE c_id=307;
UPDATE customer SET username='byzzMbXc', password='CYaXmwCgTSyl' WHERE c_id=308;
UPDATE customer SET username='OshZFBSp', password='aQsJTAAjxBnQ' WHERE c_id=309;
UPDATE customer SET username='ADDiOEiz', password='ZXyHBjJbRoYG' WHERE c_id=310;
UPDATE customer SET username='qzSKyKDy', password='xScaIvOyDBLp' WHERE c_id=311;
UPDATE customer SET username='KpYBQKht', password='pZjfWIZHsDbU' WHERE c_id=312;
UPDATE customer SET username='IfKrcpJK', password='OpAyaQqKpQxa' WHERE c_id=313;
UPDATE customer SET username='kHNEuVFN', password='xfNCmPfaBkQn' WHERE c_id=314;
UPDATE customer SET username='woEwODhG', password='eZhskSYIKLrr' WHERE c_id=315;
UPDATE customer SET username='BBwMzTEr', password='ECRvEAVKjxVH' WHERE c_id=316;
UPDATE customer SET username='SdpfLvFy', password='foZiickEtImC' WHERE c_id=317;
UPDATE customer SET username='hvJzpPEm', password='ytapnvwOIzUm' WHERE c_id=318;
UPDATE customer SET username='XiZoWupj', password='KKMTArVDDRer' WHERE c_id=319;
UPDATE customer SET username='uCRdEuNo', password='WDrQnTwRhbHX' WHERE c_id=320;
UPDATE customer SET username='mrPXoGUE', password='FclQTeWQfigv' WHERE c_id=321;
UPDATE customer SET username='wuolrUuh', password='iBBwLziFqRQO' WHERE c_id=322;
UPDATE customer SET username='qaeYFbxk', password='qlNJVNIePbwl' WHERE c_id=323;
UPDATE customer SET username='zSLXtPgi', password='xJcCKyjHeOfx' WHERE c_id=324;
UPDATE customer SET username='mbpZlAET', password='VYXJsnwIxIRM' WHERE c_id=325;
UPDATE customer SET username='XKISWKsD', password='RhnrqDyzFMCu' WHERE c_id=326;
UPDATE customer SET username='MyYfthjJ', password='rKHmARLPjQAk' WHERE c_id=327;
UPDATE customer SET username='IOncRLIm', password='ImIwtQklQGdp' WHERE c_id=328;
UPDATE customer SET username='NlRrGdcs', password='xIVsSCsqQRPJ' WHERE c_id=329;
UPDATE customer SET username='NZwTkPIB', password='NmeRFIvXLPfy' WHERE c_id=330;
UPDATE customer SET username='IgZUndex', password='KtyiABgCJBBH' WHERE c_id=331;
UPDATE customer SET username='BtEekBNv', password='VcmOvVKnJZTK' WHERE c_id=332;
UPDATE customer SET username='IUaBQLIK', password='lfHOtGbFoJUI' WHERE c_id=333;
UPDATE customer SET username='GAZLDyUM', password='cwLegwXSgkaR' WHERE c_id=334;
UPDATE customer SET username='eeYLhtnV', password='JJKlIhzxeCRt' WHERE c_id=335;
UPDATE customer SET username='NzZsgHyO', password='kBsfTkjWaMoE' WHERE c_id=336;
UPDATE customer SET username='FXOAnuUq', password='DLwOHDdjOopJ' WHERE c_id=337;
UPDATE customer SET username='iRhQTjQa', password='AqIIrXkXkbqr' WHERE c_id=338;
UPDATE customer SET username='SdEWkTTm', password='tYUaQEAPCXSy' WHERE c_id=339;
UPDATE customer SET username='UAhphhEC', password='rUVRUHPwFvLS' WHERE c_id=340;
UPDATE customer SET username='lOiUWkfY', password='qIiIWNyewuqS' WHERE c_id=341;
UPDATE customer SET username='tBnNJKpb', password='AfescNjbwKMS' WHERE c_id=342;
UPDATE customer SET username='JlKUcpzP', password='HbbZStIxNZVt' WHERE c_id=343;
UPDATE customer SET username='IvFjxVEe', password='FAqtUkpgZRaM' WHERE c_id=344;
UPDATE customer SET username='iKZFzcXS', password='tLmrnzZqPiwd' WHERE c_id=345;
UPDATE customer SET username='PkubkKNb', password='AUjeaTIlotul' WHERE c_id=346;
UPDATE customer SET username='CJfAvaiI', password='fassDCngpOue' WHERE c_id=347;
UPDATE customer SET username='hxHkSCgV', password='jHbXYfWzDqOk' WHERE c_id=348;
UPDATE customer SET username='afvGiZGi', password='jvrzhgPqmNBn' WHERE c_id=349;
UPDATE customer SET username='hpgmpHJw', password='VirmXTwAnHon' WHERE c_id=350;
UPDATE customer SET username='ASVFIFFa', password='nRSolcrLzVFl' WHERE c_id=351;
UPDATE customer SET username='YHSLTqcg', password='WydReHsajBrb' WHERE c_id=352;
UPDATE customer SET username='nHJTaYDe', password='bniHORpaKceP' WHERE c_id=353;
UPDATE customer SET username='OtSfMPuX', password='UrYPeuAAjYeq' WHERE c_id=354;
UPDATE customer SET username='kAyXjJHp', password='SSrUnuXEiLsh' WHERE c_id=355;
UPDATE customer SET username='DZwdpXQm', password='ouipvclIkCeZ' WHERE c_id=356;
UPDATE customer SET username='bfDfvKtn', password='CnjnzGZIMZOt' WHERE c_id=357;
UPDATE customer SET username='tzxVFNSS', password='nzRoleNQSNhx' WHERE c_id=358;
UPDATE customer SET username='jSlVpCPF', password='SRNhUxhcaMZX' WHERE c_id=359;
UPDATE customer SET username='sClBTXri', password='yohUCnvvFUds' WHERE c_id=360;
UPDATE customer SET username='rzGZFeFI', password='mNvZcvJQmZoC' WHERE c_id=361;
UPDATE customer SET username='FylqdRjU', password='KintUbwcmcfC' WHERE c_id=362;
UPDATE customer SET username='RdpHiSHz', password='fkDmBTMCdNxQ' WHERE c_id=363;
UPDATE customer SET username='GcJSvwqP', password='OMkhWIcxiQNG' WHERE c_id=364;
UPDATE customer SET username='mUAccZDH', password='fTQkoSfGckKM' WHERE c_id=365;
UPDATE customer SET username='LOcAjrmD', password='OBJKrjLvfOFi' WHERE c_id=366;
UPDATE customer SET username='LVRyjLde', password='PIiNgELkrixd' WHERE c_id=367;
UPDATE customer SET username='YRomFZKI', password='LiuGuKnzcbmS' WHERE c_id=368;
UPDATE customer SET username='UDcYQMdK', password='iEBvMSRbpuqg' WHERE c_id=369;
UPDATE customer SET username='GiRKRduo', password='bNnznmqFYlXx' WHERE c_id=370;
UPDATE customer SET username='sveljKbv', password='lHfkgdvHwstz' WHERE c_id=371;
UPDATE customer SET username='zvNBllfg', password='wnZdsFmfhRaS' WHERE c_id=372;
UPDATE customer SET username='prYczdQV', password='ITzDQuvQWSzX' WHERE c_id=373;
UPDATE customer SET username='bsRoCADW', password='rBACxAteLmVR' WHERE c_id=374;
UPDATE customer SET username='kIOFsxyy', password='wXSiUXEySPdg' WHERE c_id=375;
UPDATE customer SET username='xcxGkuuB', password='ygrZAMpIDmCO' WHERE c_id=376;
UPDATE customer SET username='rWzXosxW', password='ydShRKNBjfua' WHERE c_id=377;
UPDATE customer SET username='ARmCSecC', password='ykkPIjynVRBq' WHERE c_id=378;
UPDATE customer SET username='QddSNWMN', password='OiYDyguHzSKH' WHERE c_id=379;
UPDATE customer SET username='zFaWYVSH', password='EiufAEGmaAtr' WHERE c_id=380;
UPDATE customer SET username='VcQzBoSR', password='HsHqckWqYffy' WHERE c_id=381;
UPDATE customer SET username='xyflEdxT', password='nhceqbjuoMJt' WHERE c_id=382;
UPDATE customer SET username='xrROAfMI', password='FJGXLFgNOFef' WHERE c_id=383;
UPDATE customer SET username='GccmsIet', password='HvzLlLbETMCv' WHERE c_id=384;
UPDATE customer SET username='ecCsabuh', password='vWuHPMcvxqAR' WHERE c_id=385;
UPDATE customer SET username='xxnxsLEB', password='VUAtOhGXTXao' WHERE c_id=386;
UPDATE customer SET username='sobfxlmZ', password='JfKtiYrLuxTf' WHERE c_id=387;
UPDATE customer SET username='ULtKkfwf', password='RoyAtnlYHwYV' WHERE c_id=388;
UPDATE customer SET username='XXYKyQEP', password='VlOXieegabNi' WHERE c_id=389;
UPDATE customer SET username='JlXlsKOK', password='GGqHwiperdZp' WHERE c_id=390;
UPDATE customer SET username='vfzwdnsF', password='YSxteBCktLxq' WHERE c_id=391;
UPDATE customer SET username='BGElOmTp', password='KyuRmvCRkWpN' WHERE c_id=392;
UPDATE customer SET username='PfFsteCb', password='vlwYLwpZncon' WHERE c_id=393;
UPDATE customer SET username='WPGCjfCd', password='EHXwljRBELZr' WHERE c_id=394;
UPDATE customer SET username='FJfWhedp', password='DVmNLiFsHoJi' WHERE c_id=395;
UPDATE customer SET username='eaZeVpwx', password='tSKJIdhwZlQm' WHERE c_id=396;
UPDATE customer SET username='HQizvSMx', password='rAFgAAtnNEfJ' WHERE c_id=397;
UPDATE customer SET username='HrylmUYP', password='pOedslypNBxt' WHERE c_id=398;
UPDATE customer SET username='esHrxtAk', password='zLrKbxxBwQbJ' WHERE c_id=399;
UPDATE customer SET username='brsBZDYy', password='IzPcMqNOJqbS' WHERE c_id=400;
UPDATE customer SET username='mskMRidk', password='NIavbzESuUjO' WHERE c_id=401;
UPDATE customer SET username='pEpnRIfV', password='LVaTlvgolLMv' WHERE c_id=402;
UPDATE customer SET username='zKiQPnXW', password='TamMvyymltDe' WHERE c_id=403;
UPDATE customer SET username='FdzCsfMy', password='YtmeMVqTGfrR' WHERE c_id=404;
UPDATE customer SET username='qQpRJfqP', password='EbtVCBVHBbcV' WHERE c_id=405;
UPDATE customer SET username='oTylVedG', password='xVgxsidTdpdB' WHERE c_id=406;
UPDATE customer SET username='iPTlGdjj', password='ntzyidSZtZjr' WHERE c_id=407;
UPDATE customer SET username='OXOsioUS', password='orbGCXpNOYSD' WHERE c_id=408;
UPDATE customer SET username='TUhYvUSG', password='TDYIPfMZjhWN' WHERE c_id=409;
UPDATE customer SET username='hioGjdfx', password='jLAEBgvKzoHV' WHERE c_id=410;
UPDATE customer SET username='bZKXBdmN', password='vgunycVArEbq' WHERE c_id=411;
UPDATE customer SET username='RjVfGlne', password='JWifDJumgbZP' WHERE c_id=412;
UPDATE customer SET username='amwmTEZS', password='wTbYfdDwLwNb' WHERE c_id=413;
UPDATE customer SET username='CAhUbtci', password='mZZBsahhYdpj' WHERE c_id=414;
UPDATE customer SET username='RUKywvlY', password='INUFZFGmEyCJ' WHERE c_id=415;
UPDATE customer SET username='Qtnybhhn', password='zebNQojQrQnZ' WHERE c_id=416;
UPDATE customer SET username='ujVYlAEK', password='WvGFWQIdVgTy' WHERE c_id=417;
UPDATE customer SET username='FIBLkEmM', password='wiDaWVMmaoMJ' WHERE c_id=418;
UPDATE customer SET username='fnImuNWf', password='BNBsEqFpqntA' WHERE c_id=419;
UPDATE customer SET username='LBzkXUgs', password='lEebNUUrcBqt' WHERE c_id=420;
UPDATE customer SET username='JlmTQXuG', password='gqZLOxLQYbog' WHERE c_id=421;
UPDATE customer SET username='bZBDkJtw', password='colInUDJACpU' WHERE c_id=422;
UPDATE customer SET username='YPqbujkJ', password='JaiUwAAayXck' WHERE c_id=423;
UPDATE customer SET username='vWWkiRqG', password='AemxonxRdGdp' WHERE c_id=424;
UPDATE customer SET username='TwuZuPZq', password='ECMtWWeNVNle' WHERE c_id=425;
UPDATE customer SET username='lgqoYDPs', password='vsSElMrjWKlS' WHERE c_id=426;
UPDATE customer SET username='dcBnitxf', password='swCxQuhDshxx' WHERE c_id=427;
UPDATE customer SET username='dLFKdVWY', password='uRdapZsAnIGv' WHERE c_id=428;
UPDATE customer SET username='tMFaHQJx', password='pwXpiiVBqgWi' WHERE c_id=429;
UPDATE customer SET username='OuAZbWPz', password='dqgShMaNKMGR' WHERE c_id=430;
UPDATE customer SET username='FstLWVeI', password='LNljRAvgERjS' WHERE c_id=431;
UPDATE customer SET username='DdIrtlDD', password='WlSEoivZApBh' WHERE c_id=432;
UPDATE customer SET username='WhmxabMK', password='oPotFGaszzLl' WHERE c_id=433;
UPDATE customer SET username='zIJLHxQR', password='bVyGzVRTPrID' WHERE c_id=434;
UPDATE customer SET username='dntFUjHr', password='gespVehQlLFf' WHERE c_id=435;
UPDATE customer SET username='UBKpzUIE', password='LJxIRBUxUfrE' WHERE c_id=436;
UPDATE customer SET username='pYbMDMYa', password='LXJWJCSoIoPs' WHERE c_id=437;
UPDATE customer SET username='BgROLFoz', password='QSQvwgNxsYqg' WHERE c_id=438;
UPDATE customer SET username='ttyLyUoT', password='nqdMXDANWrZn' WHERE c_id=439;
UPDATE customer SET username='JWQqDCzB', password='fgBaCgXvSnUr' WHERE c_id=440;
UPDATE customer SET username='UWHvJbSB', password='jWubWCGsBMyR' WHERE c_id=441;
UPDATE customer SET username='HMrnbNwe', password='uENWKSYjmpXN' WHERE c_id=442;
UPDATE customer SET username='CvZUFgRX', password='XWMuEclPzkhK' WHERE c_id=443;
UPDATE customer SET username='LhbOdusM', password='OPoXaItaUZmw' WHERE c_id=444;
UPDATE customer SET username='hWTqZotO', password='OaxKGkldMbuk' WHERE c_id=445;
UPDATE customer SET username='bxoKOOaT', password='wNgIUlXIbKso' WHERE c_id=446;
UPDATE customer SET username='WdReFeww', password='ZfOOAmOaPkUk' WHERE c_id=447;
UPDATE customer SET username='rOTwHgKX', password='KamfCRAfPdnv' WHERE c_id=448;
UPDATE customer SET username='YbhKdjWy', password='mOmGvbcCxHaB' WHERE c_id=449;
UPDATE customer SET username='xsipNGbi', password='xeMjLbBFmyBa' WHERE c_id=450;
UPDATE customer SET username='vOdZUXZv', password='PxHZobwCJlIi' WHERE c_id=451;
UPDATE customer SET username='sVNTNQDd', password='sDurfHVNHhHu' WHERE c_id=452;
UPDATE customer SET username='PFBooCMS', password='dgpXsCDpOBDI' WHERE c_id=453;
UPDATE customer SET username='YYFvRUqx', password='tXbbHCbHbCvz' WHERE c_id=454;
UPDATE customer SET username='OPZrpNdI', password='LZPIchxvvTju' WHERE c_id=455;
UPDATE customer SET username='zvHgHDSw', password='mBYjmQLWXmsd' WHERE c_id=456;
UPDATE customer SET username='lxufEeXD', password='IAHnwKKfUBoB' WHERE c_id=457;
UPDATE customer SET username='cZJaxElA', password='duMxueVtBEMn' WHERE c_id=458;
UPDATE customer SET username='CWrFPBxf', password='XNKcerHLUfxN' WHERE c_id=459;
UPDATE customer SET username='BALJtVVT', password='ClrhfNygINKS' WHERE c_id=460;
UPDATE customer SET username='SwetwHxK', password='iVquVhRbkitd' WHERE c_id=461;
UPDATE customer SET username='RdZnstcP', password='SVHEvMHqWdHF' WHERE c_id=462;
UPDATE customer SET username='jToITaKE', password='hzuCmSKKsRqw' WHERE c_id=463;
UPDATE customer SET username='qXUSQxdD', password='lhFpiLPepdZB' WHERE c_id=464;
UPDATE customer SET username='GCCNXkLC', password='TWWdGmEVEMfw' WHERE c_id=465;
UPDATE customer SET username='ixLWTxar', password='XxACZuYfNnwq' WHERE c_id=466;
UPDATE customer SET username='vWqsfclg', password='rrFngNiAIYDx' WHERE c_id=467;
UPDATE customer SET username='LnqRgRhz', password='rBLbjuoWPklX' WHERE c_id=468;
UPDATE customer SET username='gpAujSwr', password='KtKHGWJjmEOI' WHERE c_id=469;
UPDATE customer SET username='rOMFwNNR', password='ippeCBwuKHsW' WHERE c_id=470;
UPDATE customer SET username='VepgJWNJ', password='QPZcxVBzHPiR' WHERE c_id=471;
UPDATE customer SET username='OAdaqnXX', password='DduWbNgKKqnc' WHERE c_id=472;
UPDATE customer SET username='wWeNAFhk', password='mgauPIVSxKbU' WHERE c_id=473;
UPDATE customer SET username='aBtvjjTN', password='CCzuCcnJFYJD' WHERE c_id=474;
UPDATE customer SET username='JfhBTRgo', password='oVTkSWfNCIZI' WHERE c_id=475;
UPDATE customer SET username='YGwnVqWC', password='SksVZilfAiip' WHERE c_id=476;
UPDATE customer SET username='vWnTczCk', password='DDfNVLvwTOEP' WHERE c_id=477;
UPDATE customer SET username='ikpxtUzL', password='XUljONqZwNjQ' WHERE c_id=478;
UPDATE customer SET username='WyjZmqkn', password='cyBEBegOYqhB' WHERE c_id=479;
UPDATE customer SET username='hHmxROUp', password='nBfKmYvbkMHf' WHERE c_id=480;
UPDATE customer SET username='LSochIgH', password='ZtoToaTLImbT' WHERE c_id=481;
UPDATE customer SET username='DVxLIWTV', password='XiSjCMbHyOey' WHERE c_id=482;
UPDATE customer SET username='pCyUgkAj', password='pOVYOeJakOri' WHERE c_id=483;
UPDATE customer SET username='gVeSWrjK', password='ubmbqYAibfrX' WHERE c_id=484;
UPDATE customer SET username='caxWwBVa', password='eGzKCNsTagHx' WHERE c_id=485;
UPDATE customer SET username='UnHYCSoQ', password='vqvdIaaOfsLK' WHERE c_id=486;
UPDATE customer SET username='iiIOfVTs', password='ZPTfaDrfaGID' WHERE c_id=487;
UPDATE customer SET username='dahNoelT', password='fAvKvVuUGmHi' WHERE c_id=488;
UPDATE customer SET username='JPJYEfCc', password='ewmvqIrEAsEH' WHERE c_id=489;
UPDATE customer SET username='pOAXyJJM', password='QEMVLvlQbDGy' WHERE c_id=490;
UPDATE customer SET username='pAfyXaRR', password='uepdaLEuxGIt' WHERE c_id=491;
UPDATE customer SET username='hMiyCPoP', password='gtbLsMAQjTeS' WHERE c_id=492;
UPDATE customer SET username='GazjdrIo', password='SJDArXLVDhyo' WHERE c_id=493;
UPDATE customer SET username='kxJNGkew', password='qFJQeoORjISi' WHERE c_id=494;
UPDATE customer SET username='cMFbfenL', password='IKTUFFstiGWm' WHERE c_id=495;
UPDATE customer SET username='tSPNlRLh', password='ovmMUsIlMKxK' WHERE c_id=496;
UPDATE customer SET username='sqmXFnsW', password='iCwxmmEBcYgD' WHERE c_id=497;
UPDATE customer SET username='RlVOTlJt', password='gXzJTZcoKkFb' WHERE c_id=498;
UPDATE customer SET username='dChFBQYY', password='SFjvNjvfiCnv' WHERE c_id=499;
UPDATE customer SET username='CCzHRLVL', password='FLYCGuzvwWTE' WHERE c_id=500;

-- SELECT CONSTRAINT_NAME, TABLE_NAME, COLUMN_NAME, REFERENCED_TABLE_NAME, REFERENCED_COLUMN_NAME
-- FROM INFORMATION_SCHEMA.KEY_COLUMN_USAGE
-- WHERE REFERENCED_TABLE_SCHEMA = 'final_final';

-- SELECT CONCAT('ALTER TABLE ', table_name, ' DROP FOREIGN KEY ', constraint_name, ';') AS 'drop_fk',
--        CONCAT('ALTER TABLE ', table_name, ' ADD FOREIGN KEY (', column_name, ') REFERENCES ', referenced_table_name, '(', referenced_column_name, ') ON DELETE CASCADE;') AS 'add_fk'
-- FROM INFORMATION_SCHEMA.KEY_COLUMN_USAGE
-- WHERE REFERENCED_TABLE_SCHEMA = 'final_final' AND CONSTRAINT_NAME LIKE 'fk_%';

CREATE TABLE admin (
  admin_id INT AUTO_INCREMENT PRIMARY KEY,
  username VARCHAR(50) NOT NULL unique,
  password VARCHAR(255) NOT NULL
);

INSERT INTO admin (username, password)
VALUES ('nikhil', 'hello');

INSERT INTO product (p_id,date_of_mfg, prod_name, price, qty, net_weight, manufacturing_company, prod_type) 
VALUES 
    (593,'2023-04-23', 'Imperia Membership', 100, 10000, 0, 'ValueBuy', 'Membership'),
    (594,'2023-04-23', 'Premium Membership', 50, 10000, 0, 'ValueBuy', 'Membership');

CREATE TABLE current_customer LIKE customer;

